#!/usr/bin/env python3
# -*- coding: utf-8 -*-
"""
مراقب الأخبار العراقية — يجمع آخر الأخبار من عدة صحف عراقية
ويحدّث صفحة HTML واحدة تلقائياً.

يشتغل عبر launchd كل 30 دقيقة (راجع ملف التنصيب المرفق).
"""

import json
import re
import time
from datetime import datetime
from pathlib import Path
from html import escape, unescape
from urllib.parse import urljoin, urlparse

import requests
from bs4 import BeautifulSoup

# ---------------------------------------------------------------
# الإعدادات
# ---------------------------------------------------------------

BASE_DIR = Path(__file__).parent
STATE_FILE = BASE_DIR / "seen_urls.json"
OUTPUT_HTML = BASE_DIR / "iraq_news.html"
LOG_FILE = BASE_DIR / "watcher.log"

MAX_ITEMS_KEPT = 150          # أقصى عدد أخبار تُحفظ بالصفحة
MAX_NEW_PER_RUN = 12          # أقصى عدد أخبار جديدة تُجلب بكل تشغيلة لكل مصدر
REQUEST_TIMEOUT = 15
HEADERS = {
    "User-Agent": "Mozilla/5.0 (Macintosh; Intel Mac OS X 10_15_7) "
                   "AppleWebKit/537.36 (KHTML, like Gecko) "
                   "Chrome/124.0 Safari/537.36"
}

# كل مصدر: صفحة تجميع الأخبار + نمط الروابط المقبولة كـ"خبر"
SOURCES = [
    {
        "name": "شفق نيوز",
        "listing_url": "https://shafaq.com/ar/كل-الاخبار",
        "base": "https://shafaq.com",
        "link_pattern": re.compile(r"^https://shafaq\.com/ar/[^/]+/[^/]+$"),
        "exclude_pattern": re.compile(r"/tags/|/bbc-arabic/"),
    },
    {
        "name": "بغداد اليوم",
        "listing_url": "https://baghdadtoday.news/",
        "base": "https://baghdadtoday.news",
        "link_pattern": re.compile(r"^https://baghdadtoday\.news/\d{4}/\d{2}/\d{2}/.+"),
        "exclude_pattern": None,
    },
    {
        "name": "السومرية نيوز",
        "listing_url": "https://www.alsumaria.tv/news",
        "base": "https://www.alsumaria.tv",
        "link_pattern": re.compile(r"^https://www\.alsumaria\.tv/news/\d+/.+"),
        "exclude_pattern": None,
    },
    {
        "name": "المدى",
        "listing_url": "https://almadapaper.net/",
        "base": "https://almadapaper.net",
        "link_pattern": re.compile(r"^https://almadapaper\.net/\d+/\d+/\d+/.+"),
        "exclude_pattern": None,
    },
]


# ---------------------------------------------------------------
# أدوات مساعدة
# ---------------------------------------------------------------

def log(msg: str):
    ts = datetime.now().strftime("%Y-%m-%d %H:%M:%S")
    line = f"[{ts}] {msg}"
    print(line)
    with open(LOG_FILE, "a", encoding="utf-8") as f:
        f.write(line + "\n")


def load_state():
    if STATE_FILE.exists():
        try:
            return json.loads(STATE_FILE.read_text(encoding="utf-8"))
        except Exception:
            return {"seen": [], "items": []}
    return {"seen": [], "items": []}


def save_state(state):
    STATE_FILE.write_text(
        json.dumps(state, ensure_ascii=False, indent=2), encoding="utf-8"
    )


def fetch(url: str):
    r = requests.get(url, headers=HEADERS, timeout=REQUEST_TIMEOUT)
    r.raise_for_status()
    r.encoding = r.apparent_encoding or "utf-8"
    return r.text


def get_meta(soup: BeautifulSoup, prop: str, attr: str = "property"):
    tag = soup.find("meta", attrs={attr: prop})
    if tag and tag.get("content"):
        return tag["content"].strip()
    return None


def extract_article(url: str, source_name: str):
    """يفتح صفحة الخبر ويستخرج العنوان والتفاصيل."""
    try:
        html = fetch(url)
    except Exception as e:
        log(f"  تعذر فتح {url}: {e}")
        return None

    soup = BeautifulSoup(html, "html.parser")

    title = (
        get_meta(soup, "og:title")
        or (soup.title.string.strip() if soup.title and soup.title.string else None)
    )
    if soup.find("h1"):
        h1_text = soup.find("h1").get_text(strip=True)
        if h1_text:
            title = h1_text

    description = get_meta(soup, "og:description") or get_meta(
        soup, "description", attr="name"
    )

    if not description:
        # احتياط: أول فقرة نص طويلة شوي من محتوى الصفحة
        for p in soup.find_all("p"):
            txt = p.get_text(strip=True)
            if len(txt) > 60:
                description = txt
                break

    canonical = get_meta(soup, "og:url") or url
    link_tag = soup.find("link", rel="canonical")
    if link_tag and link_tag.get("href"):
        canonical = link_tag["href"]

    if title:
        title = unescape(unescape(title)).strip()
    if description:
        description = unescape(unescape(description)).strip()

    if not title:
        return None

    return {
        "title": title.strip(),
        "details": (description or "").strip()[:600],
        "source": source_name,
        "url": canonical,
        "fetched_at": datetime.now().isoformat(timespec="seconds"),
    }


def discover_links(source: dict):
    """يرجع لستة روابط أخبار محتملة من صفحة التجميع لمصدر معين."""
    try:
        html = fetch(source["listing_url"])
    except Exception as e:
        log(f"تعذر فتح صفحة {source['name']}: {e}")
        return []

    soup = BeautifulSoup(html, "html.parser")
    links = []
    seen_local = set()

    for a in soup.find_all("a", href=True):
        href = urljoin(source["base"], a["href"].strip())
        href = href.split("#")[0]

        if source["exclude_pattern"] and source["exclude_pattern"].search(href):
            continue
        if not source["link_pattern"].match(href):
            continue
        if href in seen_local:
            continue

        seen_local.add(href)
        links.append(href)

    return links


# ---------------------------------------------------------------
# بناء صفحة HTML
# ---------------------------------------------------------------

PAGE_TEMPLATE = """<!DOCTYPE html>
<html lang="ar" dir="rtl">
<head>
<meta charset="UTF-8">
<meta name="viewport" content="width=device-width, initial-scale=1.0, viewport-fit=cover">
<title>آخر أخبار العراق</title>
<style>
  :root {{
    --navy: #0b1220;
    --navy-light: #121b2e;
    --gold: #c9a86a;
    --text: #e9e6df;
    --muted: #9aa3b5;
  }}
  * {{ box-sizing: border-box; }}
  body {{
    margin: 0;
    font-family: -apple-system, "SF Arabic", "Tahoma", sans-serif;
    background: var(--navy);
    color: var(--text);
    padding-bottom: 40px;
  }}
  header {{
    position: sticky;
    top: 0;
    background: linear-gradient(180deg, var(--navy) 80%, transparent);
    padding: 18px 16px 10px;
    z-index: 10;
    border-bottom: 1px solid rgba(201,168,106,0.25);
  }}
  header h1 {{
    margin: 0;
    font-size: 20px;
    color: var(--gold);
    letter-spacing: 0.5px;
  }}
  header .updated {{
    font-size: 12px;
    color: var(--muted);
    margin-top: 4px;
  }}
  .list {{
    padding: 12px;
    max-width: 720px;
    margin: 0 auto;
  }}
  .card {{
    background: var(--navy-light);
    border: 1px solid rgba(201,168,106,0.15);
    border-radius: 14px;
    padding: 16px;
    margin-bottom: 12px;
  }}
  .card .source {{
    display: inline-block;
    font-size: 11px;
    color: var(--navy);
    background: var(--gold);
    padding: 3px 10px;
    border-radius: 20px;
    margin-bottom: 8px;
    font-weight: 600;
  }}
  .card h2 {{
    font-size: 17px;
    margin: 0 0 8px;
    line-height: 1.5;
  }}
  .card p {{
    font-size: 14px;
    color: var(--muted);
    line-height: 1.7;
    margin: 0 0 10px;
  }}
  .card a.readmore {{
    font-size: 13px;
    color: var(--gold);
    text-decoration: none;
  }}
  .card .time {{
    font-size: 11px;
    color: var(--muted);
    margin-top: 6px;
    display: block;
  }}
  .empty {{
    text-align: center;
    color: var(--muted);
    padding: 40px 16px;
  }}
</style>
</head>
<body>
<header>
  <h1>آخر أخبار العراق</h1>
  <div class="updated">آخر تحديث: {updated_at}</div>
</header>
<div class="list">
{items_html}
</div>
</body>
</html>
"""

CARD_TEMPLATE = """<div class="card">
  <span class="source">{source}</span>
  <h2>{title}</h2>
  <p>{details}</p>
  <a class="readmore" href="{url}" target="_blank" rel="noopener">قراءة الخبر كاملاً من المصدر ←</a>
  <span class="time">{time_label}</span>
</div>"""


def render_html(items):
    if not items:
        body = '<div class="empty">لا توجد أخبار محفوظة بعد.</div>'
    else:
        cards = []
        for it in items:
            try:
                dt = datetime.fromisoformat(it["fetched_at"])
                time_label = dt.strftime("%Y-%m-%d %H:%M")
            except Exception:
                time_label = ""
            cards.append(
                CARD_TEMPLATE.format(
                    source=escape(it["source"]),
                    title=escape(it["title"]),
                    details=escape(it["details"]),
                    url=escape(it["url"], quote=True),
                    time_label=time_label,
                )
            )
        body = "\n".join(cards)

    html = PAGE_TEMPLATE.format(
        updated_at=datetime.now().strftime("%Y-%m-%d %H:%M"),
        items_html=body,
    )
    OUTPUT_HTML.write_text(html, encoding="utf-8")


# ---------------------------------------------------------------
# التشغيل الرئيسي
# ---------------------------------------------------------------

def run():
    state = load_state()
    seen = set(state.get("seen", []))
    items = state.get("items", [])

    total_new = 0

    for source in SOURCES:
        log(f"جاري فحص: {source['name']}")
        links = discover_links(source)
        new_links = [l for l in links if l not in seen][:MAX_NEW_PER_RUN]

        if not new_links:
            log(f"  لا يوجد أخبار جديدة من {source['name']}")
            continue

        for url in new_links:
            article = extract_article(url, source["name"])
            time.sleep(1)  # حتى ما نضغط على السيرفر
            if not article:
                continue
            seen.add(url)
            items.insert(0, article)
            total_new += 1
            log(f"  + جديد: {article['title'][:60]}")

    items = items[:MAX_ITEMS_KEPT]

    state["seen"] = list(seen)[-2000:]  # تفادي تضخم الملف بلا حدود
    state["items"] = items
    save_state(state)

    render_html(items)
    log(f"انتهى التشغيل — أخبار جديدة: {total_new} — إجمالي محفوظ: {len(items)}")


if __name__ == "__main__":
    run()
[2026-07-02 04:31:52] جاري فحص: شفق نيوز
[2026-07-02 04:31:55]   + جديد: حقيقةُ الاعتقالاتِ في العراق.. بين مطرقةِ الداخل وسندانِ "وا
[2026-07-02 04:31:57]   + جديد: بعد تأخر بهدفين.. بلجيكا تبلغ دور الـ16 بثلاثية مجنونة على ا
[2026-07-02 04:31:57] جاري فحص: بغداد اليوم
[2026-07-02 04:32:01]   لا يوجد أخبار جديدة من بغداد اليوم
[2026-07-02 04:32:01] جاري فحص: السومرية نيوز
[2026-07-02 04:32:01]   لا يوجد أخبار جديدة من السومرية نيوز
[2026-07-02 04:32:01] جاري فحص: المدى
[2026-07-02 04:32:01] تعذر فتح صفحة المدى: 403 Client Error: Forbidden for url: https://almadapaper.net/
[2026-07-02 04:32:01]   لا يوجد أخبار جديدة من المدى
[2026-07-02 04:32:01] انتهى التشغيل — أخبار جديدة: 2 — إجمالي محفوظ: 14
[2026-07-02 09:49:31] جاري فحص: شفق نيوز
[2026-07-02 09:49:34]   + جديد: اتحاد علماء الدين الإسلامي في كوردستان يدعو أوقاف السليمانية
[2026-07-02 09:49:35]   + جديد: خاص.. أوسع تغييرات إدارية في أربيل تطال مديري البلديات والدو
[2026-07-02 09:49:37]   + جديد: بعمليات نوعية.. مكافحة الإرهاب يقبض على تاجري مخدرات ويفتش ح
[2026-07-02 09:49:39]   + جديد: الصناعة العراقية تبحث مع إقليم كوردستان وضع آلية موحدة لتنظي
[2026-07-02 09:49:41]   + جديد: "المدونة الجعفرية" بعد عام.. صراع الحضانة يتجدد في العراق
[2026-07-02 09:49:42]   + جديد: أربيل تستضيف ملتقى العمرة العراقي لتعزيز التنسيق مع الشركات 
[2026-07-02 09:49:44]   + جديد: دمشق: مستعدون للقاء حزب الله إذا اقتضت المصلحة
[2026-07-02 09:49:46]   + جديد: قرارات وأنظمة وزارات التربية تثير الجدل
[2026-07-02 09:49:47]   + جديد: أرمينيا بعد كاراباخ: حين تصبح الأرض سؤالا
[2026-07-02 09:49:49]   + جديد: هل تحقق الإصلاح في العراق؟
[2026-07-02 09:49:51]   + جديد: المركزي العراقي: ارتفاع العملة المصدرة داخلياً إلى 112.9 تري
[2026-07-02 09:49:53]   + جديد: مشاكل عائلية تنهي حياة طالب إعدادي في ديالى وإنقاذ رجل حاول 
[2026-07-02 09:49:53] جاري فحص: بغداد اليوم
[2026-07-02 09:50:02]   لا يوجد أخبار جديدة من بغداد اليوم
[2026-07-02 09:50:02] جاري فحص: السومرية نيوز
[2026-07-02 09:50:03]   لا يوجد أخبار جديدة من السومرية نيوز
[2026-07-02 09:50:03] جاري فحص: المدى
[2026-07-02 09:50:04] تعذر فتح صفحة المدى: 403 Client Error: Forbidden for url: https://almadapaper.net/
[2026-07-02 09:50:04]   لا يوجد أخبار جديدة من المدى
[2026-07-02 09:50:04] انتهى التشغيل — أخبار جديدة: 12 — إجمالي محفوظ: 26
[2026-07-02 16:29:34] جاري فحص: شفق نيوز
[2026-07-02 16:29:36]   + جديد: سقوط طائرة مسيّرة على جبل في منطقة هرير بأربيل واندلاع حريق
[2026-07-02 16:29:38]   + جديد: بمشاركة 28 مدرباً.. اختتام أكبر دورة لمدربي التنس في العراق 
[2026-07-02 16:29:39]   + جديد: انخفاض أسعار الدولار في بغداد وأربيل مع إغلاق نهاية الأسبوع
[2026-07-02 16:29:41]   + جديد: الأنبار توضح آلية الدعم المجاني للمولدات الأهلية وتحدد الحل 
[2026-07-02 16:29:42]   + جديد: العراق يدين تفجير دمشق ويعلن تضامنه مع سوريا
[2026-07-02 16:29:44]   + جديد: بتهمة "التقبيل والمقامرة".. جلد 6 أشخاص علناً في إندونيسيا (
[2026-07-02 16:29:45]   + جديد: سلة العراق تخفق في التأهل لكأس العالم 2027
[2026-07-02 16:29:47]   + جديد: مسيرة تستهدف مقرا لقوات حزب إيراني معارض في أربيل
[2026-07-02 16:29:48]   + جديد: أكام هاشم على أعتاب الدوري البرتغالي من بوابة بنفيكا
[2026-07-02 16:29:50]   + جديد: سوريا.. ارتفاع حصيلة انفجار دمشق إلى 29 قتيلاً وجريحاً
[2026-07-02 16:29:51]   + جديد: 5 مشروبات صحية بديلة للقهوة تمنحك الطاقة والتركيز
[2026-07-02 16:29:53]   + جديد: الإعلام والاتصالات تمنع الظهور الإعلامي لبشير الحچيمي لمدة س
[2026-07-02 16:29:53] جاري فحص: بغداد اليوم
[2026-07-02 16:30:02]   لا يوجد أخبار جديدة من بغداد اليوم
[2026-07-02 16:30:02] جاري فحص: السومرية نيوز
[2026-07-02 16:30:02]   لا يوجد أخبار جديدة من السومرية نيوز
[2026-07-02 16:30:02] جاري فحص: المدى
[2026-07-02 16:30:02] تعذر فتح صفحة المدى: 403 Client Error: Forbidden for url: https://almadapaper.net/
[2026-07-02 16:30:02]   لا يوجد أخبار جديدة من المدى
[2026-07-02 16:30:02] انتهى التشغيل — أخبار جديدة: 12 — إجمالي محفوظ: 38
[2026-07-02 20:43:49] جاري فحص: شفق نيوز
[2026-07-02 20:43:51]   + جديد: بـ3 محاور.. مسار نيابي لإنقاذ العراق من خطر العطش
[2026-07-02 20:43:52]   + جديد: لم تعجبه فرنسا.. إرهابي عراقي يقوده "تيك توك" إلى السجن في ب
[2026-07-02 20:43:54]   + جديد: بين الهجرة والعودة.. الاقتصاد والمياه يعيدان رسم خريطة سكان 
[2026-07-02 20:43:55]   + جديد: البرلمان العراقي: استجابتنا لرفع الحصانة عن بعض النواب شكل ا
[2026-07-02 20:43:57]   + جديد: مدفوعة لإيران وعمان.. دول الخليج تدرس فرض رسوم على عبور هرمز
[2026-07-02 20:43:59]   + جديد: حوت في صلاح الدين.. فيديو متداول وتوضيح تقني يكشف الحقيقة
[2026-07-02 20:44:00]   + جديد: إيلام.. البلوط تحت رحمة "اللورانتوس" وشبح الجفاف والآفات يهد
[2026-07-02 20:44:02]   + جديد: التمييز الاتحادية تفرج عن ناصر الغنام
[2026-07-02 20:44:03]   + جديد: ممثل المرشد الإيراني: مجتبى خامنئي قد يغيب عن تشييع والده
[2026-07-02 20:44:05]   + جديد: العراق.. ارتفاع عدد السيارات العاملة بالغاز إلى 95 ألفا
[2026-07-02 20:44:06]   + جديد: خانقين تمهل أصحاب المولدات المضربين ساعة واحدة للتشغيل وتهدد
[2026-07-02 20:44:08]   + جديد: نينوى.. إيقاف مدير بلدية سابق ومسؤول آخر بتهمة استغلال "أراض
[2026-07-02 20:44:08] جاري فحص: بغداد اليوم
[2026-07-02 20:44:08]   لا يوجد أخبار جديدة من بغداد اليوم
[2026-07-02 20:44:08] جاري فحص: السومرية نيوز
[2026-07-02 20:44:09]   لا يوجد أخبار جديدة من السومرية نيوز
[2026-07-02 20:44:09] جاري فحص: المدى
[2026-07-02 20:44:09] تعذر فتح صفحة المدى: 403 Client Error: Forbidden for url: https://almadapaper.net/
[2026-07-02 20:44:09]   لا يوجد أخبار جديدة من المدى
[2026-07-02 20:44:09] انتهى التشغيل — أخبار جديدة: 12 — إجمالي محفوظ: 50
[2026-07-03 08:38:22] جاري فحص: شفق نيوز
[2026-07-03 08:38:25]   + جديد: تحذير من فيينا.. إقليم كوردستان يضع "تهريب المهاجرين" في خان
[2026-07-03 08:38:27]   + جديد: بغداد وأربيل بوفد رفيع في طهران.. الرئاسات العراقية تشارك في
[2026-07-03 08:38:29]   + جديد: نيجيرفان بارزاني وبزشكيان يؤكدان توسيع التبادل التجاري بين ا
[2026-07-03 08:38:31]   + جديد: خرج بسفرة مع أصدقائه.. غرق شاب عشريني في نهر الزاب شمال كركو
[2026-07-03 08:38:33]   + جديد: إندونيسيا.. زلزال بقوة 6.2 درجة يضرب السواحل الشرقية
[2026-07-03 08:38:35]   + جديد: الفراعنة يواجهون أستراليا في أول ظهور لهم بالأدوار الإقصائية
[2026-07-03 08:38:37]   + جديد: هل تفتح الحملة على الفساد الباب أمام إصلاح الاقتصاد والتعافي
[2026-07-03 08:38:38]   + جديد: قاليباف: ماضون بآلية الملاحة في هرمز بالتشاور مع الدول الإقل
[2026-07-03 08:38:40]   + جديد: نيجيرفان بارزاني وعراقجي يؤكدان استمرار الحوار لحماية أمن وا
[2026-07-03 08:38:42]   + جديد: نيجيرفان بارزاني يندد بتفجير دمشق ويؤكد تضامنه مع سوريا حكوم
[2026-07-03 08:38:44]   + جديد: سباق التعاقدات والتجديد يتصاعد في دوري نجوم العراق
[2026-07-03 08:38:46]   + جديد: رئيس اقليم كوردستان يصل إلى طهران للمشاركة في تشييع خامنئي
[2026-07-03 08:38:46] جاري فحص: بغداد اليوم
[2026-07-03 08:38:49]   لا يوجد أخبار جديدة من بغداد اليوم
[2026-07-03 08:38:49] جاري فحص: السومرية نيوز
[2026-07-03 08:38:50]   لا يوجد أخبار جديدة من السومرية نيوز
[2026-07-03 08:38:50] جاري فحص: المدى
[2026-07-03 08:38:50] تعذر فتح صفحة المدى: 403 Client Error: Forbidden for url: https://almadapaper.net/
[2026-07-03 08:38:50]   لا يوجد أخبار جديدة من المدى
[2026-07-03 08:38:50] انتهى التشغيل — أخبار جديدة: 12 — إجمالي محفوظ: 62
[2026-07-03 15:59:42] جاري فحص: شفق نيوز
[2026-07-03 15:59:45]   + جديد: الجيش الإسرائيلي يعلن قصف 10 مواقع لحزب الله جنوب لبنان
[2026-07-03 15:59:47]   + جديد: من المسرح إلى كراج السيارات.. عراقية تشق طريقها لعالم الميكا
[2026-07-03 15:59:49]   + جديد: نيجيرفان بارزاني وقاليباف يؤكدان دعم العلاقات "العراقية الإي
[2026-07-03 15:59:51]   + جديد: في محافظتين.. إتلاف طنين من الدجاج "غير الصالح" وحريق في كرف
[2026-07-03 15:59:53]   + جديد: الحوثيون يعلنون التصدي لمقاتلات سعودية ويوجهون تهديداً للريا
[2026-07-03 15:59:55]   + جديد: عشر سنوات على "فاجعة الكرادة".. جرح لا يندمل في قلب العراق
[2026-07-03 15:59:57]   + جديد: "سنثأر لخامنئي".. قائد الجيش الإيراني يتوعد أميركا وإسرائيل
[2026-07-03 15:59:59]   + جديد: قانون جرائم المعلومات يتصدر جدول أعمال الجلسة الأولى بعد الع
[2026-07-03 16:00:00]   + جديد: إلى جانب قادة المنطقة والعالم.. نيجيرفان بارزاني يشارك بمراس
[2026-07-03 16:00:02]   + جديد: سوريا.. ارتفاع حصيلة تفجير دمشق إلى 31 قتيلاً ومصاباً
[2026-07-03 16:00:04]   + جديد: الأثر التدميري المزدوج لإكتناز الاموال الناتجة عن الفساد
[2026-07-03 16:00:06]   + جديد: مياه البصرة تودّع الأملاح.. وثيقة رسمية تظهر "انفراجة" في ال
[2026-07-03 16:00:06] جاري فحص: بغداد اليوم
[2026-07-03 16:00:07]   لا يوجد أخبار جديدة من بغداد اليوم
[2026-07-03 16:00:07] جاري فحص: السومرية نيوز
[2026-07-03 16:00:07]   لا يوجد أخبار جديدة من السومرية نيوز
[2026-07-03 16:00:07] جاري فحص: المدى
[2026-07-03 16:00:08] تعذر فتح صفحة المدى: 403 Client Error: Forbidden for url: https://almadapaper.net/
[2026-07-03 16:00:08]   لا يوجد أخبار جديدة من المدى
[2026-07-03 16:00:08] انتهى التشغيل — أخبار جديدة: 12 — إجمالي محفوظ: 74
[2026-07-03 20:34:42] جاري فحص: شفق نيوز
[2026-07-03 20:34:44]   + جديد: المالكي: الإطار التنسيقي مشروع ناجح ولا يوجد ما يدعو للتخلي 
[2026-07-03 20:34:46]   + جديد: من طهران.. نيجيرفان بارزاني يطمئن الإيرانيين: الإقليم لن يشك
[2026-07-03 20:34:48]   + جديد: نيجيرفان بارزاني مودعاً خامنئي: توجيهاته الحكيمة ستبقى محفور
[2026-07-03 20:34:49]   + جديد: ماكرون يعلن عودة "شارل ديغول" إلى فرنسا
[2026-07-03 20:34:51]   + جديد: على نفقته الخاصة.. فريق رياضي عراقي يغادر إلى الجزائر للمشار
[2026-07-03 20:34:52]   + جديد: اعتقال تاجر مخدرات "أجنبي" وضبط عجلة محملة بالمشروبات الكحول
[2026-07-03 20:34:54]   + جديد: تخصيص حافلات لنقل المشاركين في تشييع خامنئي بالنجف وكربلاء
[2026-07-03 20:34:55]   + جديد: معتقدات "الفونغ شوي" تدخل منازل العراقيين بحثاً عن الرزق وال
[2026-07-03 20:34:57]   + جديد: "اختلاق للواقع".. إسرائيل تنفي التخطيط لاغتيال قاليباف وعراق
[2026-07-03 20:34:58]   + جديد: بعد "هانتا".. فيروس جديد شديد العدوى يضرب سفينة سياحية
[2026-07-03 20:35:00]   + جديد: بغداد وذي قار تعطلان الدوام الأربعاء المقبل لتشييع خامنئي في
[2026-07-03 20:35:02]   + جديد: كركوك.. عم يُطلق النار على ابن أخيه وشاب يُطعن بالسكاكين
[2026-07-03 20:35:02] جاري فحص: بغداد اليوم
[2026-07-03 20:35:02]   لا يوجد أخبار جديدة من بغداد اليوم
[2026-07-03 20:35:02] جاري فحص: السومرية نيوز
[2026-07-03 20:35:04]   لا يوجد أخبار جديدة من السومرية نيوز
[2026-07-03 20:35:04] جاري فحص: المدى
[2026-07-03 20:35:04] تعذر فتح صفحة المدى: 403 Client Error: Forbidden for url: https://almadapaper.net/
[2026-07-03 20:35:04]   لا يوجد أخبار جديدة من المدى
[2026-07-03 20:35:04] انتهى التشغيل — أخبار جديدة: 12 — إجمالي محفوظ: 86
[2026-07-04 07:31:04] جاري فحص: شفق نيوز
[2026-07-04 07:31:06]   + جديد: مصرع امرأة إثر سقوطها من مبنى سكني في مجمع بسماية.. والأمن ي
[2026-07-04 07:31:08]   + جديد: خام البصرة يسجل خسائر أسبوعية مع تراجع أسعار النفط العالمية
[2026-07-04 07:31:10]   + جديد: ترمب: منحنا إيران مهلة أسبوع لإقامة مراسم جنازة خامنئي
[2026-07-04 07:31:11]   + جديد: اختطاف شاب شمالي كركوك.. والقوات الأمنية تطلق عملية بحث واسع
[2026-07-04 07:31:13]   + جديد: علي جاسم وأيمن وبايش في الجوية.. تعرف على أبرز صفقات الميركا
[2026-07-04 07:31:15]   + جديد: آبل تعزز حماية مستخدمي أيفون بميزة جديدة
[2026-07-04 07:31:16]   + جديد: كولومبيا تكمل عقد المتأهلين للدور الـ16
[2026-07-04 07:31:18]   + جديد: مفاجأة.. الكرياتين قد يساعد في تخفيف الاكتئاب
[2026-07-04 07:31:20]   + جديد: ميسي يثير قلق الأرجنتين قبيل مواجهة مصر
[2026-07-04 07:31:21]   + جديد: الأرجنتين تفلت من مفاجأة مدوية أمام كابو فيردي وتواصل مشواره
[2026-07-04 07:31:23]   + جديد: زلزالا فنزويلا.. حصيلة الضحايا ترتفع إلى 2645 قتيلاً و12 ألف
[2026-07-04 07:31:24]   + جديد: مصر تعبر أستراليا بركلات الترجيح وتواصل الحلم المونديالي
[2026-07-04 07:31:24] جاري فحص: بغداد اليوم
[2026-07-04 07:31:25]   لا يوجد أخبار جديدة من بغداد اليوم
[2026-07-04 07:31:25] جاري فحص: السومرية نيوز
[2026-07-04 07:31:25]   لا يوجد أخبار جديدة من السومرية نيوز
[2026-07-04 07:31:25] جاري فحص: المدى
[2026-07-04 07:31:25] تعذر فتح صفحة المدى: 403 Client Error: Forbidden for url: https://almadapaper.net/
[2026-07-04 07:31:25]   لا يوجد أخبار جديدة من المدى
[2026-07-04 07:31:25] انتهى التشغيل — أخبار جديدة: 12 — إجمالي محفوظ: 98
[2026-07-04 11:58:51] جاري فحص: شفق نيوز
[2026-07-04 11:58:53]   + جديد: الزيدي يشدد على عدم التهاون مع أي فاسد "مهما كان انتماؤه" وي
[2026-07-04 11:58:55]   + جديد: مالية كوردستان تنفي طلب تأخير الرواتب من بغداد: "حبل الكذب ق
[2026-07-04 11:58:57]   + جديد: خاص.. تسعة معايير حكومية لشغل مناصب الدرجات الخاصة في العراق
[2026-07-04 11:58:59]   + جديد: بعد ساعات من البحث.. انتشال جثة طفل غرق في نهر دجلة بصلاح ال
[2026-07-04 11:59:01]   + جديد: خاص.. لا ترضية بالوزارات وحسم كابينة الزيدي مؤجل لما بعد واش
[2026-07-04 11:59:03]   + جديد: الكشف عن هوية عنصر "داعش" الذي قُتل شمالي كركوك
[2026-07-04 11:59:05]   + جديد: غضب إسرائيلي بسبب حسام حسن ودعوات لمساندة الأرجنتين أمام مصر
[2026-07-04 11:59:06]   + جديد: ناقد ومترجم عراقي يحصد جائزة "مارثيلو ريّس" الدولية للترجمة 
[2026-07-04 11:59:08]   + جديد: العراق يرفع إنتاجه النفطي مع تعافي إمدادات أوبك في حزيران
[2026-07-04 11:59:10]   + جديد: أوروبا قلقة من تطور "الذكاء الاصطناعي"
[2026-07-04 11:59:12]   + جديد: أربيل.. مصرع فتاة إثر سقوطها من بناية سكنية وشاب يقتل والدته
[2026-07-04 11:59:14]   + جديد: انطلاق دور الـ16 في المونديال.. المغرب يصطدم بكندا وفرنسا تو
[2026-07-04 11:59:14] جاري فحص: بغداد اليوم
[2026-07-04 11:59:15]   لا يوجد أخبار جديدة من بغداد اليوم
[2026-07-04 11:59:15] جاري فحص: السومرية نيوز
[2026-07-04 11:59:15]   لا يوجد أخبار جديدة من السومرية نيوز
[2026-07-04 11:59:15] جاري فحص: المدى
[2026-07-04 11:59:16] تعذر فتح صفحة المدى: 403 Client Error: Forbidden for url: https://almadapaper.net/
[2026-07-04 11:59:16]   لا يوجد أخبار جديدة من المدى
[2026-07-04 11:59:16] انتهى التشغيل — أخبار جديدة: 12 — إجمالي محفوظ: 110
[2026-07-04 15:47:01] جاري فحص: شفق نيوز
[2026-07-04 15:47:04]   + جديد: منفذ مهران يسجل قفزة مع العراق: الصادرات ترتفع 17% والشاحنات
[2026-07-04 15:47:06]   + جديد: "صولة الفجر" تصل أميركا وأوروبا.. ملاحقة مسؤولين يمتلكون مجم
[2026-07-04 15:47:07]   + جديد: عند 153 ألفاً.. الدولار يواصل الانخفاض في بغداد وأربيل مع إغ
[2026-07-04 15:47:09]   + جديد: الأمراض الجلدية تجتاح غزة.. 9300 إصابة معدية خلال أسبوعين
[2026-07-04 15:47:11]   + جديد: مرصد سوري: 384 انتهاكاً عسكرياً إسرائيلياً منذ مطلع العام ال
[2026-07-04 15:47:12]   + جديد: نائب يتهم "شركات أهلية" بفرض جبايات على البضائع في سيطرات ني
[2026-07-04 15:47:14]   + جديد: الأمن العراقي يتعامل مع 57 طناً من المواد الغذائية التالفة
[2026-07-04 15:47:16]   + جديد: قراءة تركية لحملة العراق على الفساد: التحدي يبدأ بعد الاعتقا
[2026-07-04 15:47:17]   + جديد: جولة جديدة.. باكستان تستضيف مفاوضات أميركية إيرانية لبحث 3 م
[2026-07-04 15:47:19]   + جديد: قاعدة تركية جديدة في الصومال تثير مخاوف وقلق إسرائيل
[2026-07-04 15:47:21]   + جديد: إيران تحذر فرنسا وبريطانيا من "مغامرة عسكرية" في هرمز
[2026-07-04 15:47:22]   + جديد: بعد سحب الجنسية منهن.. عراقيات عالقات في الكويت بلا هوية أو 
[2026-07-04 15:47:22] جاري فحص: بغداد اليوم
[2026-07-04 15:47:23]   لا يوجد أخبار جديدة من بغداد اليوم
[2026-07-04 15:47:23] جاري فحص: السومرية نيوز
[2026-07-04 15:47:24]   لا يوجد أخبار جديدة من السومرية نيوز
[2026-07-04 15:47:24] جاري فحص: المدى
[2026-07-04 15:47:24] تعذر فتح صفحة المدى: 403 Client Error: Forbidden for url: https://almadapaper.net/
[2026-07-04 15:47:24]   لا يوجد أخبار جديدة من المدى
[2026-07-04 15:47:24] انتهى التشغيل — أخبار جديدة: 12 — إجمالي محفوظ: 122
[2026-07-04 20:15:04] جاري فحص: شفق نيوز
[2026-07-04 20:15:07]   + جديد: مونديال 2026.. المغرب يتأهل إلى ربع النهائي بثلاثية نظيفة
[2026-07-04 20:15:09]   + جديد: النجف تستعد لتشييع خامنئي.. أكثر من 60 موكباً وبرنامجين: رسم
[2026-07-04 20:15:10]   + جديد: جريمة قتل الطفلة "ليانا" تشعل تظاهرات ضد العنف الجنسي في 110
[2026-07-04 20:15:12]   + جديد: ضبط صواريخ وعبوات في نينوى
[2026-07-04 20:15:14]   + جديد: فنزويلا.. حصيلة الزلزالين ترتفع إلى 2954 قتيلاً
[2026-07-04 20:15:16]   + جديد: رئيس لجنة الأمن في مجلس ديالى يتهم المحافظ باستغلال سلطته "ل
[2026-07-04 20:15:18]   + جديد: 8 محافظات تعطّل الدوام الرسمي الأربعاء المقبل بمناسبة تشييع 
[2026-07-04 20:15:20]   + جديد: الفساد في العراق: حين تختبر الدولة قبل الحكومات
[2026-07-04 20:15:22]   + جديد: بيانات التوظيف الأمريكية وتصريحات وارش وآثارها على الانتخابا
[2026-07-04 20:15:24]   + جديد: ترمب: أوقفنا محادثات ايران لمدة أسبوع لحين انتهاء مراسم تشيي
[2026-07-04 20:15:25]   + جديد: البابا يحث أوروبا على حماية المهاجرين وينتقد سياسات الترحيل
[2026-07-04 20:15:27]   + جديد: بروتين "ميتش تو".. مفتاح واعد لحرق الدهون وحماية العضلات
[2026-07-04 20:15:27] جاري فحص: بغداد اليوم
[2026-07-04 20:15:28]   لا يوجد أخبار جديدة من بغداد اليوم
[2026-07-04 20:15:28] جاري فحص: السومرية نيوز
[2026-07-04 20:15:30]   لا يوجد أخبار جديدة من السومرية نيوز
[2026-07-04 20:15:30] جاري فحص: المدى
[2026-07-04 20:15:30] تعذر فتح صفحة المدى: 403 Client Error: Forbidden for url: https://almadapaper.net/
[2026-07-04 20:15:30]   لا يوجد أخبار جديدة من المدى
[2026-07-04 20:15:30] انتهى التشغيل — أخبار جديدة: 12 — إجمالي محفوظ: 134
[2026-07-04 23:47:09] جاري فحص: شفق نيوز
[2026-07-04 23:47:11]   + جديد: الزيدي يدعو العراقيين للإبلاغ عن الفساد: مقابل نسبة مالية مج
[2026-07-04 23:47:13]   + جديد: حكومة الزيدي تقر 10 إجراءات لمكافحة الفساد وترشيد الإنفاق ال
[2026-07-04 23:47:14]   + جديد: ذي ناشيونال: "صولة الفجر" تشعل خلافات داخل الإطار.. انتقادات
[2026-07-04 23:47:16]   + جديد: فرنسا تعبر بارغواي وتضرب موعداً مع المغرب في ربع نهائي المون
[2026-07-04 23:47:18]   + جديد: دبلوماسية التوازن.. أبعاد زيارة نيجيرفان بارزاني إلى طهران
[2026-07-04 23:47:19]   + جديد: الرئيس العراقي: نسعى لإطار أمني إقليمي وحل خلافات بغداد وأرب
[2026-07-04 23:47:21]   + جديد: إيران.. تعيين علي عظمايي قائداً لبحرية الحرس الثوري
[2026-07-04 23:47:21] جاري فحص: بغداد اليوم
[2026-07-04 23:47:22]   لا يوجد أخبار جديدة من بغداد اليوم
[2026-07-04 23:47:22] جاري فحص: السومرية نيوز
[2026-07-04 23:47:22]   لا يوجد أخبار جديدة من السومرية نيوز
[2026-07-04 23:47:22] جاري فحص: المدى
[2026-07-04 23:47:22] تعذر فتح صفحة المدى: 403 Client Error: Forbidden for url: https://almadapaper.net/
[2026-07-04 23:47:22]   لا يوجد أخبار جديدة من المدى
[2026-07-04 23:47:22] انتهى التشغيل — أخبار جديدة: 7 — إجمالي محفوظ: 141
[2026-07-05 09:47:22] جاري فحص: شفق نيوز
[2026-07-05 09:47:25]   + جديد: الدرجات الخاصة.. كيف تتحكم الأحزاب بمفاصل الدولة العراقية؟
[2026-07-05 09:47:26]   + جديد: بينهما مقر تابع للحشد.. اندلاع حريقين في الجادرية والمنصور
[2026-07-05 09:47:28]   + جديد: تباين أسعار الذهب وسط استمرار تراجع الدولار في بغداد وأربيل
[2026-07-05 09:47:29]   + جديد: خريجو الهندسة والنفط يعتصمون أمام شركة نفط البصرة (صور وفيدي
[2026-07-05 09:47:31]   + جديد: مقترح لإنهاء "الأمبير الثابت".. النزاهة تدعو لفرض العدادات ا
[2026-07-05 09:47:32]   + جديد: أخطاء بامتحان اللغة العربية.. طلبة السادس الإعدادي يحتجون في
[2026-07-05 09:47:34]   + جديد: مؤتمر اقتصادي ثلاثي في قبرص بمشاركة أربيل وتركيا وأذربيجان
[2026-07-05 09:47:36]   + جديد: "حر التنين" يستنزف مخزون المكيفات في أوروبا
[2026-07-05 09:47:37]   + جديد: السليمانية.. احتجاجات في مجمع سكني بسبب انقطاع المياه
[2026-07-05 09:47:39]   + جديد: لاعب المنتخب البلجيكي يقترب من تمثيل العراق
[2026-07-05 09:47:40]   + جديد: أثناء اشتباكات مع داعش.. مقتل ضابط في جهاز مكافحة الإرهاب بم
[2026-07-05 09:47:42]   + جديد: نينوى.. تنقيب مقبرة جماعية والتحري عن موقع جديد قد يضم رفاتا
[2026-07-05 09:47:42] جاري فحص: بغداد اليوم
[2026-07-05 09:47:42]   لا يوجد أخبار جديدة من بغداد اليوم
[2026-07-05 09:47:42] جاري فحص: السومرية نيوز
[2026-07-05 09:47:44]   لا يوجد أخبار جديدة من السومرية نيوز
[2026-07-05 09:47:44] جاري فحص: المدى
[2026-07-05 09:47:44] تعذر فتح صفحة المدى: 403 Client Error: Forbidden for url: https://almadapaper.net/
[2026-07-05 09:47:44]   لا يوجد أخبار جديدة من المدى
[2026-07-05 09:47:44] انتهى التشغيل — أخبار جديدة: 12 — إجمالي محفوظ: 150
[2026-07-05 15:01:19] جاري فحص: شفق نيوز
[2026-07-05 15:01:21]   + جديد: حصري.. بغداد تقيد تشييع خامنئي وجدل بشأن دخول  قاآني للعراق
[2026-07-05 15:01:23]   + جديد: غدا.. الإطار التنسيقي يناقش حملة مكافحة الفساد وتفكيك الفصائ
[2026-07-05 15:01:24]   + جديد: العراق وسوريا.. شعر الأطوار الفراتية يجمع التراث الشعبي في م
[2026-07-05 15:01:26]   + جديد: تحقيقات سرية متواصلة مع موقوفي "صولة الفجر" ومنع كامل للتواص
[2026-07-05 15:01:27]   + جديد: بعد إخفاق توقعاته.. الساحر الغاني يغيّر لهجته ويمتدح ميسي
[2026-07-05 15:01:29]   + جديد: "اليونيسف": لا طفولة آمنة في غزة والقنابل تتساقط من السماء
[2026-07-05 15:01:31]   + جديد: السليمانية.. الدفاع المدني يسيطر على حريق في 300 دونم زراعي
[2026-07-05 15:01:32]   + جديد: إصابة 3 منتسبين خلال اشتباك مع تاجر مخدرات في البصرة
[2026-07-05 15:01:34]   + جديد: وزارة البيشمركة تعلن توزيع رواتب شهر أيار غداً
[2026-07-05 15:01:35]   + جديد: تأجيل أولى جلسات مجلس الشعب السوري
[2026-07-05 15:01:37]   + جديد: تراجع أسعار الدولار في بغداد وأربيل مع إغلاق البورصة
[2026-07-05 15:01:38]   + جديد: بعد تبرئته.. الغنام: الحقيقة انتصرت بعد 6 أشهر من الظلم
[2026-07-05 15:01:38] جاري فحص: بغداد اليوم
[2026-07-05 15:01:39]   لا يوجد أخبار جديدة من بغداد اليوم
[2026-07-05 15:01:39] جاري فحص: السومرية نيوز
[2026-07-05 15:01:39]   لا يوجد أخبار جديدة من السومرية نيوز
[2026-07-05 15:01:39] جاري فحص: المدى
[2026-07-05 15:01:40] تعذر فتح صفحة المدى: 403 Client Error: Forbidden for url: https://almadapaper.net/
[2026-07-05 15:01:40]   لا يوجد أخبار جديدة من المدى
[2026-07-05 15:01:40] انتهى التشغيل — أخبار جديدة: 12 — إجمالي محفوظ: 150
[2026-07-05 20:01:06] جاري فحص: شفق نيوز
[2026-07-05 20:01:09]   + جديد: إعلام: حماس ستعلن غداً حل حكومتها بغزة
[2026-07-05 20:01:10]   + جديد: المباشرة بأولى مراحل ترميم منارة الفاروق في الأنبار (صور)
[2026-07-05 20:01:12]   + جديد: قاليباف: السلام في المنطقة لا يتم إلا بوجود إيران
[2026-07-05 20:01:13]   + جديد: سقوط المحرمات في زمن الحروب
[2026-07-05 20:01:15]   + جديد: شرطة أربيل: "ملاك فارس" انتحرت تحت تأثير الكحول بعد ملاسنة م
[2026-07-05 20:01:16]   + جديد: خسارة "ثقيلة" لسلة العراق أمام الأردن في تصفيات آسيا المؤهلة
[2026-07-05 20:01:18]   + جديد: غرق شاب في نهر دجلة شمالي صلاح الدين
[2026-07-05 20:01:20]   + جديد: باحثون يكتشفون لقاحاً تجريبياً يحمي الإنسان من "جائحة ثلاثية
[2026-07-05 20:01:21]   + جديد: محادثات عسكرية لبنانية - إسرائيلية تمهيداً للانسحاب من قريتي
[2026-07-05 20:01:23]   + جديد: مشاجرة بين سيدات بالأسلحة النارية تنتهي بمقتل اثنتين جنوبي م
[2026-07-05 20:01:24]   + جديد: إصابة 3 من الدفاع المدني بحريق كبير اندلع في مخزن وسط بغداد 
[2026-07-05 20:01:26]   + جديد: لأسباب تشغيلية.. إغلاق مطار النجف ابتداء من الغد وحتى الخميس
[2026-07-05 20:01:26] جاري فحص: بغداد اليوم
[2026-07-05 20:01:26]   لا يوجد أخبار جديدة من بغداد اليوم
[2026-07-05 20:01:26] جاري فحص: السومرية نيوز
[2026-07-05 20:01:27]   لا يوجد أخبار جديدة من السومرية نيوز
[2026-07-05 20:01:27] جاري فحص: المدى
[2026-07-05 20:01:27] تعذر فتح صفحة المدى: 403 Client Error: Forbidden for url: https://almadapaper.net/
[2026-07-05 20:01:27]   لا يوجد أخبار جديدة من المدى
[2026-07-05 20:01:27] انتهى التشغيل — أخبار جديدة: 12 — إجمالي محفوظ: 150
[2026-07-06 00:16:07] جاري فحص: شفق نيوز
[2026-07-06 00:16:09]   + جديد: تطور في ملف الجميلي.. ضبط مليارات مدفونة وسيارات فارهة بمنزل
[2026-07-06 00:16:11]   + جديد: تقييمات عسكرية غربية: التهديد في هرمز لا يزال كبيراً والألغا
[2026-07-06 00:16:12]   + جديد: بعد صدمة النرويج.. نيمار يعلن اعتزاله اللعب دولياً
[2026-07-06 00:16:14]   + جديد: هالاند يقود النرويج لإسقاط البرازيل وبلوغ ربع نهائي المونديا
[2026-07-06 00:16:15]   + جديد: ضرائب تتسع مقابل خدمات سيئة.. العراقيون يدفعون أكثر مما يحصل
[2026-07-06 00:16:17]   + جديد: ترمب يشكر "فيفا" بعد إلغاء طرد لاعب أميركي في المونديال
[2026-07-06 00:16:19]   + جديد: لجنة الأمن والدفاع بمجلس كركوك تدعو لإنهاء "الفراغ الأمني" م
[2026-07-06 00:16:20]   + جديد: كرمانشاه.. فرص واعدة لزراعة البطاطا تواجه عقبات التسويق وغيا
[2026-07-06 00:16:22]   + جديد: رونالدو: مونديال 2026 سيكون الأخير في مسيرتي
[2026-07-06 00:16:24]   + جديد: سوريا.. القبض على خلية متخصصة بـ"الاغتيالات" في ريف حماة
[2026-07-06 00:16:24] جاري فحص: بغداد اليوم
[2026-07-06 00:16:24]   لا يوجد أخبار جديدة من بغداد اليوم
[2026-07-06 00:16:24] جاري فحص: السومرية نيوز
[2026-07-06 00:16:25]   لا يوجد أخبار جديدة من السومرية نيوز
[2026-07-06 00:16:25] جاري فحص: المدى
[2026-07-06 00:16:25] تعذر فتح صفحة المدى: 403 Client Error: Forbidden for url: https://almadapaper.net/
[2026-07-06 00:16:25]   لا يوجد أخبار جديدة من المدى
[2026-07-06 00:16:25] انتهى التشغيل — أخبار جديدة: 10 — إجمالي محفوظ: 150
[2026-07-06 14:17:18] جاري فحص: شفق نيوز
[2026-07-06 14:17:20]   + جديد: أسعار الدولار تغلق على انخفاض في بغداد وأربيل
[2026-07-06 14:17:22]   + جديد: غداً.. الزيدي يستقبل جثمان علي الخامنئي في مطار النجف
[2026-07-06 14:17:23]   + جديد: بعد عامين من غيابها.. الحكومة العراقية تبدأ إعداد مشروع مواز
[2026-07-06 14:17:25]   + جديد: خام البصرة المتوسط يتراجع أكثر من 8% خلال شهر
[2026-07-06 14:17:26]   + جديد: بعد قراءته في البرلمان.. النص الكامل لمشروع قانون "مكافحة جر
[2026-07-06 14:17:28]   + جديد: ترامب يقارن إيران بفنزويلا: حققنا النتائج نفسها
[2026-07-06 14:17:29]   + جديد: اتحاد الصناعات في كركوك يطرح تسعة مطالب لإنقاذ المصانع
[2026-07-06 14:17:31]   + جديد: الاتحاد الأوروبي يرفض تدخل ترمب في القرارات الرياضية
[2026-07-06 14:17:33]   + جديد: العراق مهدد بخسارة منظومة دفاع جوي كورية بسبب تأخر التمويل
[2026-07-06 14:17:34]   + جديد: كتلة السوداني: مكافحة الفساد يجب أن تشمل الجميع دون استثناء
[2026-07-06 14:17:36]   + جديد: "سلطانتهم" بقبضة الداخلية بتهمة المحتوى الهابط
[2026-07-06 14:17:37]   + جديد: الكهرباء تجري تغييرات إدارية واسعة في الرصافة والكرخ (وثائق)
[2026-07-06 14:17:37] جاري فحص: بغداد اليوم
[2026-07-06 14:17:38]   لا يوجد أخبار جديدة من بغداد اليوم
[2026-07-06 14:17:38] جاري فحص: السومرية نيوز
[2026-07-06 14:17:38]   لا يوجد أخبار جديدة من السومرية نيوز
[2026-07-06 14:17:39] جاري فحص: المدى
[2026-07-06 14:17:39] تعذر فتح صفحة المدى: 403 Client Error: Forbidden for url: https://almadapaper.net/
[2026-07-06 14:17:39]   لا يوجد أخبار جديدة من المدى
[2026-07-06 14:17:39] انتهى التشغيل — أخبار جديدة: 12 — إجمالي محفوظ: 150
[2026-07-06 21:04:22] جاري فحص: شفق نيوز
[2026-07-06 21:04:25]   + جديد: نجله يوضح: السيستاني لن يؤم الصلاة على جثمان خامنئي لـ"أسباب
[2026-07-06 21:04:27]   + جديد: إسبانيا تعبر البرتغال بشق الأنفس وتتأهل إلى ربع نهائي الموند
[2026-07-06 21:04:29]   + جديد: حماس تطالب بتمكين اللجنة الوطنية لإدارة غزة من دخول القطاع
[2026-07-06 21:04:31]   + جديد: كهرباء العراق.. عجز بـ50% ورهان على 25 مليون لوح شمسي
[2026-07-06 21:04:33]   + جديد: هيئة الاستثمار في كوردستان تعلن آلية جديدة لتسويق محصول القم
[2026-07-06 21:04:35]   + جديد: غرق شابين أثناء السباحة في محافظتين
[2026-07-06 21:04:37]   + جديد: كركوك.. مقهى شعبي يُخلد رائد "القوريات" التركماني الفنان "ها
[2026-07-06 21:04:39]   + جديد: الداخلية العراقية تؤكد تراجع معدل "الشائعات" جراء تنامي وعي 
[2026-07-06 21:04:41]   + جديد: مسلحان يقتلان رجلاً ستينياً شرقي ذي قار
[2026-07-06 21:04:43]   + جديد: الشرع: فرنسا شريك محتمل في إعادة إعمار سوريا
[2026-07-06 21:04:45]   + جديد: نينوى تسجل 4 محاولات انتحار لثلاث فتيات وشاب
[2026-07-06 21:04:47]   + جديد: بسبب "غبن فاحش" بـ160 مليون دولار.. الدفاع العراقية تفسخ عقد
[2026-07-06 21:04:47] جاري فحص: بغداد اليوم
[2026-07-06 21:04:51]   لا يوجد أخبار جديدة من بغداد اليوم
[2026-07-06 21:04:51] جاري فحص: السومرية نيوز
[2026-07-06 21:04:53]   لا يوجد أخبار جديدة من السومرية نيوز
[2026-07-06 21:04:53] جاري فحص: المدى
[2026-07-06 21:04:53] تعذر فتح صفحة المدى: 403 Client Error: Forbidden for url: https://almadapaper.net/
[2026-07-06 21:04:53]   لا يوجد أخبار جديدة من المدى
[2026-07-06 21:04:53] انتهى التشغيل — أخبار جديدة: 12 — إجمالي محفوظ: 150
[2026-07-07 10:31:13] جاري فحص: شفق نيوز
[2026-07-07 10:31:16]   + جديد: خلال حزيران.. العراق يصدّر خُمس كميات النفط لما قبل الحرب
[2026-07-07 10:31:18]   + جديد: حراك نيابي لتعديل قانون التقاعد العراقي الموحد ورفع السن الإ
[2026-07-07 10:31:19]   + جديد: قراءة اقتصادية: تقليص دولار المسافرين يدفع العراقيين إلى الس
[2026-07-07 10:31:21]   + جديد: الداخلية السورية تعلن إصابة 18 شخصاً بانفجارين خارج النطاق ا
[2026-07-07 10:31:23]   + جديد: مقتل تربوية متقاعدة نحراً داخل منزلها في واسط.. والاشتباه بم
[2026-07-07 10:31:25]   + جديد: صلاح الدين تطلق اسم "أسود الرافدين" على أحد شوارع تكريت
[2026-07-07 10:31:26]   + جديد: دراسة كندية: مكمل "الكرياتين" الرياضي يساعد في تخفيف أعراض ا
[2026-07-07 10:31:28]   + جديد: التصنيف العالمي خلال المونديال.. المغرب خامساً والعراق يتراج
[2026-07-07 10:31:30]   + جديد: افتتاح مركز "الحاج زليخة".. برزنجي يؤكد تعزيز التعاون الصحي 
[2026-07-07 10:31:32]   + جديد: ديالى.. مصرع شخصين بينهم ضابط وإصابة اثنين بحوادث منفصلة
[2026-07-07 10:31:33]   + جديد: حِدّة مع عراقجي وتقييد تشييع خامنئي.. الزيدي يقود العراق بعي
[2026-07-07 10:31:35]   + جديد: تراجع أسعار الذهب في بغداد وأربيل تزامناً مع هبوط الدولار
[2026-07-07 10:31:35] جاري فحص: بغداد اليوم
[2026-07-07 10:31:36]   لا يوجد أخبار جديدة من بغداد اليوم
[2026-07-07 10:31:36] جاري فحص: السومرية نيوز
[2026-07-07 10:31:37]   لا يوجد أخبار جديدة من السومرية نيوز
[2026-07-07 10:31:37] جاري فحص: المدى
[2026-07-07 10:31:37] تعذر فتح صفحة المدى: 403 Client Error: Forbidden for url: https://almadapaper.net/
[2026-07-07 10:31:37]   لا يوجد أخبار جديدة من المدى
[2026-07-07 10:31:37] انتهى التشغيل — أخبار جديدة: 12 — إجمالي محفوظ: 150
[2026-07-07 18:32:37] جاري فحص: شفق نيوز
[2026-07-07 18:32:41]   + جديد: "رواتب مجتزأة".. شفق نيوز تفتح ملف حقوق عائلات متوفي الأمن ا
[2026-07-07 18:32:43]   + جديد: ميسي يقود الأرجنتين لريمونتادا تاريخية على مصر
[2026-07-07 18:32:45]   + جديد: الزيدي وبزشكيان يصلان النجف لاستقبال جثمان المرشد الإيراني ا
[2026-07-07 18:32:48]   + جديد: شجار داخل شركة نفط ذي قار ينتهي بـ"عضة" تقطع إصبع مدير
[2026-07-07 18:32:50]   + جديد: قيادات في الإطار تصل النجف للمشاركة بمراسم استقبال وتشييع جث
[2026-07-07 18:32:52]   + جديد: مجلس ذي قار يعطل الدوام الرسمي الخميس
[2026-07-07 18:32:54]   + جديد: جثمان خامنئي يصل النجف بحضور رسمي عراقي إيراني
[2026-07-07 18:32:56]   + جديد: النفط يتجاوز 74 دولاراً بعد هجمات قرب هرمز
[2026-07-07 18:32:58]   + جديد: شباب العراق يتعرض لأول خسارة في بطولة غرب آسيا لكرة السلة
[2026-07-07 18:33:00]   + جديد: فوز جامعة السليمانية والكوفة والكرخ في دوري النساء لكرة اليد
[2026-07-07 18:33:02]   + جديد: مصر والأرجنتين تشعلان أجواء أربيل والسليمانية في المونديال (
[2026-07-07 18:33:04]   + جديد: ذي قار.. السجن المؤبد لمدان بقتل والده رمياً بالرصاص
[2026-07-07 18:33:04] جاري فحص: بغداد اليوم
[2026-07-07 18:33:05]   لا يوجد أخبار جديدة من بغداد اليوم
[2026-07-07 18:33:05] جاري فحص: السومرية نيوز
[2026-07-07 18:33:08]   لا يوجد أخبار جديدة من السومرية نيوز
[2026-07-07 18:33:08] جاري فحص: المدى
[2026-07-07 18:33:08] تعذر فتح صفحة المدى: 403 Client Error: Forbidden for url: https://almadapaper.net/
[2026-07-07 18:33:08]   لا يوجد أخبار جديدة من المدى
[2026-07-07 18:33:08] انتهى التشغيل — أخبار جديدة: 12 — إجمالي محفوظ: 150
[2026-07-07 22:42:35] جاري فحص: شفق نيوز
[2026-07-07 22:42:37]   + جديد: جامعة الموصل الأولى عراقياً في بطولة "NURAI 2026"
[2026-07-07 22:42:39]   + جديد: إيران تحذر من رد "حاسم" بعد الضربات الأميركية
[2026-07-07 22:42:41]   + جديد: سماع دوي 14 انفجاراً في مناطق متفرقة من إيران
[2026-07-07 22:42:42]   + جديد: سنتكوم تعلن ضربات "قوية" على إيران بعد استهداف سفن في هرمز
[2026-07-07 22:42:44]   + جديد: واشنطن: إيران تريد إجبار الشحن التجاري على العبور بمحاذاة سو
[2026-07-07 22:42:46]   + جديد: بعد مطالبته بالضغط على إسرائيل.. جوزيف عون يتوجه إلى واشنطن
[2026-07-07 22:42:47]   + جديد: بعد إلغاء ترخيص بيع النفط.. إيران: واشنطن ستقود المفاوضات إل
[2026-07-07 22:42:49]   + جديد: فرقة "الإمام علي": لا قطع شامل للطرق في النجف سوى مسار التشي
[2026-07-07 22:42:50]   + جديد: رداً على هجمات هرمز.. أميركا تلغي ترخيص بيع النفط الإيراني
[2026-07-07 22:42:52]   + جديد: انتحار مطلوب للأمن بعد محاصرته بكركوك واعتقال متهم بالقتل في
[2026-07-07 22:42:54]   + جديد: انطلاق مراسم الاستقبال الرسمي لجثمان خامنئي في النجف
[2026-07-07 22:42:55]   + جديد: مكفوفو كوردستان إيران يحصدون ذهبيتين في بطولة "القوة البدنية
[2026-07-07 22:42:55] جاري فحص: بغداد اليوم
[2026-07-07 22:42:56]   لا يوجد أخبار جديدة من بغداد اليوم
[2026-07-07 22:42:56] جاري فحص: السومرية نيوز
[2026-07-07 22:42:57]   لا يوجد أخبار جديدة من السومرية نيوز
[2026-07-07 22:42:57] جاري فحص: المدى
[2026-07-07 22:42:57] تعذر فتح صفحة المدى: 403 Client Error: Forbidden for url: https://almadapaper.net/
[2026-07-07 22:42:57]   لا يوجد أخبار جديدة من المدى
[2026-07-07 22:42:57] انتهى التشغيل — أخبار جديدة: 12 — إجمالي محفوظ: 150
[2026-07-08 07:56:28] جاري فحص: شفق نيوز
[2026-07-08 07:56:30]   + جديد: بعد تراجع مستمر.. أسعار الدولار تعاود الارتفاع في بغداد وأرب
[2026-07-08 07:56:32]   + جديد: العراق يطلق طابعاً بريدياً تخليداً لتشييع خامنئي في النجف وك
[2026-07-08 07:56:33]   + جديد: كربلاء تحدد موعد تشييع خامنئي وتتوقع مشاركة مليونية (صور)
[2026-07-08 07:56:35]   + جديد: النجف تشهد بدء مراسم تشييع جثمان المرشد الإيراني الراحل علي 
[2026-07-08 07:56:37]   + جديد: بعد 20 يوماً من فقدانه.. انتشال جثمان شاب من نهر الفرات في ا
[2026-07-08 07:56:38]   + جديد: "الميركاتو العراقي".. أندية دوري النجوم تواصل إبرام الصفقات
[2026-07-08 07:56:40]   + جديد: بعد هجمات قرب هرمز.. 4 ناقلات نفط وغاز تتراجع عن العبور
[2026-07-08 07:56:41]   + جديد: المحكمة العسكرية اللبنانية تخلي سبيل الفنان فضل شاكر
[2026-07-08 07:56:43]   + جديد: الخارجية الإيرانية: الضربات الأميركية نسفت تفاهم إنهاء الحرب
[2026-07-08 07:56:44]   + جديد: الكويت تدين الضربات الإيرانية وتؤكد: سيادتنا خط أحمر ونحتفظ 
[2026-07-08 07:56:46]   + جديد: وسط التصعيد مع طهران.. وزير الحرب الأميركي يزور إسرائيل لبحث
[2026-07-08 07:56:47]   + جديد: هل يؤثر تلوث الهواء على خصوبة الرجال؟
[2026-07-08 07:56:47] جاري فحص: بغداد اليوم
[2026-07-08 07:56:48]   لا يوجد أخبار جديدة من بغداد اليوم
[2026-07-08 07:56:48] جاري فحص: السومرية نيوز
[2026-07-08 07:56:48]   لا يوجد أخبار جديدة من السومرية نيوز
[2026-07-08 07:56:48] جاري فحص: المدى
[2026-07-08 07:56:48] تعذر فتح صفحة المدى: 403 Client Error: Forbidden for url: https://almadapaper.net/
[2026-07-08 07:56:48]   لا يوجد أخبار جديدة من المدى
[2026-07-08 07:56:48] انتهى التشغيل — أخبار جديدة: 12 — إجمالي محفوظ: 150
[2026-07-08 13:18:56] جاري فحص: شفق نيوز
[2026-07-08 13:18:58]   + جديد: نائب يرجح إكمال الكابينة الحكومية نهاية الشهر الحالي
[2026-07-08 13:18:59]   + جديد: الحشد الشعبي يقدر المشاركين في تشييع خامنئي بالنجف بنحو 3.8 
[2026-07-08 13:19:01]   + جديد: تأكيداً لشفق نيوز..البنك المركزي يقلص حصة المسافرين من الدول
[2026-07-08 13:19:03]   + جديد: بتنسيق عراقي سوري.. إخماد حريق التهم 3 شاحنات بضائع في منفذ 
[2026-07-08 13:19:04]   + جديد: بمشاركة رسمية عراقية وإيرانية.. حضور مليوني يستقبل جثمان خام
[2026-07-08 13:19:06]   + جديد: بريطانيا.. الملك تشارلز يعفو عن امرأة أعدمت قبل أكثر من 70 ع
[2026-07-08 13:19:07]   + جديد: خسارة ثقيلة لشباب العراق أمام إيران في بطولة غرب آسيا لكرة ا
[2026-07-08 13:19:09]   + جديد: ترمب: قد نضرب إيران الليلة
[2026-07-08 13:19:11]   + جديد: المنظمة البحرية الدولية: 6 آلاف بحار عالقون في مياه الخليج
[2026-07-08 13:19:12]   + جديد: كركوك تمضي لإدراج مكتبتها المركزية ضمن سجل "ذاكرة العالم" لل
[2026-07-08 13:19:14]   + جديد: عون: لن أقف متفرجاً والبلاد تُقاد نحو الهاوية خدمة لبلد آخر
[2026-07-08 13:19:15]   + جديد: حشود المعزّين تربك الاستعدادات المسبقة لمراسم تشييع خامنئي ف
[2026-07-08 13:19:15] جاري فحص: بغداد اليوم
[2026-07-08 13:19:16]   لا يوجد أخبار جديدة من بغداد اليوم
[2026-07-08 13:19:16] جاري فحص: السومرية نيوز
[2026-07-08 13:19:16]   لا يوجد أخبار جديدة من السومرية نيوز
[2026-07-08 13:19:16] جاري فحص: المدى
[2026-07-08 13:19:16] تعذر فتح صفحة المدى: 403 Client Error: Forbidden for url: https://almadapaper.net/
[2026-07-08 13:19:16]   لا يوجد أخبار جديدة من المدى
[2026-07-08 13:19:16] انتهى التشغيل — أخبار جديدة: 12 — إجمالي محفوظ: 150
[2026-07-08 18:25:13] جاري فحص: شفق نيوز
[2026-07-08 18:25:16]   + جديد: مطار النجف يحدد موعد مغادرة جثمان خامنئي
[2026-07-08 18:25:17]   + جديد: الدولار يغلق مرتفعا في بغداد وأربيل
[2026-07-08 18:25:19]   + جديد: هزة أرضية بقوة 4.2 درجة تضرب إيلام والمناطق المجاورة لها
[2026-07-08 18:25:21]   + جديد: عراقجي عن تصريحات ترمب: نرد على البذاءة بالفعل
[2026-07-08 18:25:22]   + جديد: بعد تأخرها عن الموعد.. بدء مراسم تشييع جثمان خامنئي في كربلا
[2026-07-08 18:25:24]   + جديد: فوز السليمانية والتراث وتعادل الدفاع الجوي والرافدين بدوري ا
[2026-07-08 18:25:26]   + جديد: "نجمة إيطاليا".. وسام دبلوماسي رفيع يضع نيجيرفان بارزاني بين
[2026-07-08 18:25:27]   + جديد: بأهازيج حماسية ومرافقة كثيفة.. المعزّون يغيرون موعد تشييع جث
[2026-07-08 18:25:29]   + جديد: النفط يقفز لـ80 دولاراً بعد عودة التوتر بين واشنطن وطهران
[2026-07-08 18:25:30]   + جديد: "مرثية" النحاس والصوف والحديد.. الحرف اليدوية تصارع الزمن في
[2026-07-08 18:25:32]   + جديد: رسمياً.. "قوقية" ينضم إلى "تشوروم" التركي بعقد يمتد لثلاثة م
[2026-07-08 18:25:34]   + جديد: إيطاليا تمنح نيجيرفان بارزاني "أرفع وسام" (صور)
[2026-07-08 18:25:34] جاري فحص: بغداد اليوم
[2026-07-08 18:25:34]   لا يوجد أخبار جديدة من بغداد اليوم
[2026-07-08 18:25:34] جاري فحص: السومرية نيوز
[2026-07-08 18:25:35]   لا يوجد أخبار جديدة من السومرية نيوز
[2026-07-08 18:25:35] جاري فحص: المدى
[2026-07-08 18:25:35] تعذر فتح صفحة المدى: 403 Client Error: Forbidden for url: https://almadapaper.net/
[2026-07-08 18:25:35]   لا يوجد أخبار جديدة من المدى
[2026-07-08 18:25:35] انتهى التشغيل — أخبار جديدة: 12 — إجمالي محفوظ: 150
[2026-07-08 22:17:24] جاري فحص: شفق نيوز
[2026-07-08 22:17:27]   + جديد: امرأة تسقط من أعلى بناية أثناء هروبها من حريق ببغداد (فيديو)
[2026-07-08 22:17:29]   + جديد: قبل دخوله البرلمان بساعات.. اعتقال مسؤول عراقي كبير بتهمة فس
[2026-07-08 22:17:31]   + جديد: إعلام إيراني: انقطاع الكهرباء في تشابهار واستهداف بوشهر بالض
[2026-07-08 22:17:33]   + جديد: ضربة أميركية تستهدف جنوبي إيران
[2026-07-08 22:17:35]   + جديد: غارات أميركية جديدة على إيران وترمب يحذر من "وضع أسوأ" (تحدي
[2026-07-08 22:17:37]   + جديد: الجيش الأميركي يعلن تنفيذ ضربات على إيران
[2026-07-08 22:17:39]   + جديد: إيران تعلن تغيير موعد دفن خامنئي في مشهد إثر تأخر تشييعه في 
[2026-07-08 22:17:41]   + جديد: نجمة إيطاليا على صدر نيجيرفان بارزاني.. حينما يعترفُ الغربُ 
[2026-07-08 22:17:42]   + جديد: هل لدينا معارضة وطنية؟
[2026-07-08 22:17:44]   + جديد: التعليم حق إنساني، وليس خدمة تجارية
[2026-07-08 22:17:46]   + جديد: من سنغافورة الى بغداد.. هل تنجح معادلة لي كوان يو في تفكيك ش
[2026-07-08 22:17:48]   + جديد: صحيفة أميركية: العراق وافق على منع الدولار عن إيران والفصائل
[2026-07-08 22:17:48] جاري فحص: بغداد اليوم
[2026-07-08 22:17:49]   لا يوجد أخبار جديدة من بغداد اليوم
[2026-07-08 22:17:49] جاري فحص: السومرية نيوز
[2026-07-08 22:17:50]   لا يوجد أخبار جديدة من السومرية نيوز
[2026-07-08 22:17:50] جاري فحص: المدى
[2026-07-08 22:17:50] تعذر فتح صفحة المدى: 403 Client Error: Forbidden for url: https://almadapaper.net/
[2026-07-08 22:17:50]   لا يوجد أخبار جديدة من المدى
[2026-07-08 22:17:50] انتهى التشغيل — أخبار جديدة: 12 — إجمالي محفوظ: 150
[2026-07-09 18:12:54] جاري فحص: شفق نيوز
[2026-07-09 18:12:56]   + جديد: سائقو صهاريج النفط العراقي المتجه إلى سوريا يناشدون بغداد لت
[2026-07-09 18:12:58]   + جديد: تشييع خامنئي في العراق.. كيف أوصلت إيران رسائلها للخارج والد
[2026-07-09 18:12:59]   + جديد: العراق: اكثر من 10 ملايين شخص شيعوا خامنئي في النجف وكربلاء
[2026-07-09 18:13:01]   + جديد: داعش "بند حيوي" على جدول أعمال قمة الزيدي - ترامب
[2026-07-09 18:13:02]   + جديد: واشنطن تعلن الانتقال لمرحلة تنفيذ إطار العمل في المحادثات ال
[2026-07-09 18:13:04]   + جديد: وسط التوترات.. توافق إيراني عُماني تركي على الدبلوماسية لـ"م
[2026-07-09 18:13:05]   + جديد: عمرها 2000 عام.. افتتاح أكبر مستودع لـ"الهيزه" في كرمانشاه
[2026-07-09 18:13:07]   + جديد: في يومين فقط.. "الكولا" تنقذ امرأة من حالة طبية مستعصية
[2026-07-09 18:13:08]   + جديد: هيئة الاستثمار تكشف أسباب غياب رئيسها عن جلسة استجوابه في ال
[2026-07-09 18:13:10]   + جديد: ذي قار.. السجن 10 سنوات وغرامة "مليارية" لضابط سرق أموال مسؤ
[2026-07-09 18:13:11]   + جديد: العراق بمقعدين.. إعلان قائمة الأندية للنسخة الثالثة من دوري 
[2026-07-09 18:13:13]   + جديد: العطش يهدد 95 قرية في كركوك يسكنها 32 ألف نسمة
[2026-07-09 18:13:13] جاري فحص: بغداد اليوم
[2026-07-09 18:13:14]   لا يوجد أخبار جديدة من بغداد اليوم
[2026-07-09 18:13:14] جاري فحص: السومرية نيوز
[2026-07-09 18:13:14]   لا يوجد أخبار جديدة من السومرية نيوز
[2026-07-09 18:13:14] جاري فحص: المدى
[2026-07-09 18:13:14] تعذر فتح صفحة المدى: 403 Client Error: Forbidden for url: https://almadapaper.net/
[2026-07-09 18:13:14]   لا يوجد أخبار جديدة من المدى
[2026-07-09 18:13:14] انتهى التشغيل — أخبار جديدة: 12 — إجمالي محفوظ: 150
[2026-07-09 22:56:12] جاري فحص: شفق نيوز
[2026-07-09 22:56:14]   + جديد: فرنسا تُقصي المغرب بثنائية وتبلغ نصف نهائي المونديال
[2026-07-09 22:56:16]   + جديد: مسؤول إيراني يهدد بحرق آبار نفط دول الخليج
[2026-07-09 22:56:17]   + جديد: اعتقال مسؤولين في مصرف الرافدين بتهمة سرقة 1.6 مليار دينار
[2026-07-09 22:56:19]   + جديد: من الهدنة إلى القصف.. كواليس الصراع بين واشنطن وطهران
[2026-07-09 22:56:20]   + جديد: مساعي باكستانية وقطرية لإعادة واشنطن وطهران للمفاوضات
[2026-07-09 22:56:22]   + جديد: المونديال.. وداع رونالدو وأميركا يهبط بتذاكر ربع النهائي 60%
[2026-07-09 22:56:23]   + جديد: "لا عين العرب نعم كوباني".. الآلاف يتظاهرون للمطالبة باعتماد
[2026-07-09 22:56:25]   + جديد: التلفزيون الإيراني ينفي وقوع انفجارات في الجنوب
[2026-07-09 22:56:26]   + جديد: وصول الصيادين العراقيين الخمسة المحتجزين في الكويت إلى البصر
[2026-07-09 22:56:28]   + جديد: دوي انفجارات في مدن إيرانية
[2026-07-09 22:56:30]   + جديد: تفكيك شبكة دعارة جنوبي العراق
[2026-07-09 22:56:30] جاري فحص: بغداد اليوم
[2026-07-09 22:56:30]   لا يوجد أخبار جديدة من بغداد اليوم
[2026-07-09 22:56:30] جاري فحص: السومرية نيوز
[2026-07-09 22:56:30]   لا يوجد أخبار جديدة من السومرية نيوز
[2026-07-09 22:56:30] جاري فحص: المدى
[2026-07-09 22:56:31] تعذر فتح صفحة المدى: 403 Client Error: Forbidden for url: https://almadapaper.net/
[2026-07-09 22:56:31]   لا يوجد أخبار جديدة من المدى
[2026-07-09 22:56:31] انتهى التشغيل — أخبار جديدة: 11 — إجمالي محفوظ: 150
[2026-07-10 10:36:41] جاري فحص: شفق نيوز
[2026-07-10 10:36:44]   + جديد: من "سرقة القرن" إلى "مصافي الشمال".. القضاء يلوّح للجميلي بـ
[2026-07-10 10:36:47]   + جديد: خطيب جامع أبي حنيفة يدعو لمعركة حاسمة ضد الفاسدين: المقبوض ع
[2026-07-10 10:36:48]   + جديد: لماذا غاب العراق عن مفاوضات واشنطن وطهران؟ قراءة أميركية توض
[2026-07-10 10:36:51]   + جديد: نائب يتهم الكويت بقتل صياد عراقي واعتقال آخرين بالمياه الإقل
[2026-07-10 10:36:52]   + جديد: طالبت بتخصيصات مالية.. "CIGE" في دهوك: جهودنا متواصلة لاستكم
[2026-07-10 10:36:54]   + جديد: عملية استخبارية تطيح بـ12 متهماً وتمنع هدر 19 مليار دينار في
[2026-07-10 10:36:56]   + جديد: مقتل وفقدان وإصابة 39 شخصاً بحرائق غابات في إسبانيا
[2026-07-10 10:36:58]   + جديد: استعداداً لدوري نجوم العراق.. الأندية تتسابق لحسم صفقاتها
[2026-07-10 10:37:00]   + جديد: الطاقة الدولية تتوقع انخفاض إمدادات النفط العالمية بنحو 3.7 
[2026-07-10 10:37:02]   + جديد: "تأثيرات كورونا".. قد تفقد بصرك لسنوات
[2026-07-10 10:37:04]   + جديد: فنزويلا: ارتفاع عدد قتلى الزلزالين إلى 3889 شخصاً
[2026-07-10 10:37:06]   + جديد: بغداد تكلّف العقيد محمد الصفار بمهام مدير الأمن الوطني في ني
[2026-07-10 10:37:06] جاري فحص: بغداد اليوم
[2026-07-10 10:37:09]   لا يوجد أخبار جديدة من بغداد اليوم
[2026-07-10 10:37:09] جاري فحص: السومرية نيوز
[2026-07-10 10:37:09]   لا يوجد أخبار جديدة من السومرية نيوز
[2026-07-10 10:37:09] جاري فحص: المدى
[2026-07-10 10:37:09] تعذر فتح صفحة المدى: 403 Client Error: Forbidden for url: https://almadapaper.net/
[2026-07-10 10:37:09]   لا يوجد أخبار جديدة من المدى
[2026-07-10 10:37:09] انتهى التشغيل — أخبار جديدة: 12 — إجمالي محفوظ: 150
[2026-07-10 17:29:06] جاري فحص: شفق نيوز
[2026-07-10 17:29:09]   + جديد: صحة نينوى: تسجيل إصابتين لشقيقين بالحمى النزفية في بعشيقة
[2026-07-10 17:29:12]   + جديد: واشنطن وطهران.. تضارب الأنباء حول المفاوضات الجديدة
[2026-07-10 17:29:14]   + جديد: "صولة الفجر" بنظرة أميركية: إعادة هندسة النظام السياسي في ال
[2026-07-10 17:29:16]   + جديد: قوة من النزاهة تعتقل مهندساً بالشركة العامة لتوزيع كهرباء ال
[2026-07-10 17:29:17]   + جديد: الحبس الشديد لعامين بحق معاون مدير التسجيل العقاري السابق في
[2026-07-10 17:29:19]   + جديد: رسميا.. تعيين جيسوس مدرباً لمنتخب البرتغال بعد خيبة المونديا
[2026-07-10 17:29:21]   + جديد: النجف يقدّم قصي هاشم مديراً فنياً ويؤكد وجود خطة للعودة إلى 
[2026-07-10 17:29:23]   + جديد: إسرائيل تغتال قائدين في حماس بقطاع غزة
[2026-07-10 17:29:25]   + جديد: بغداد والأنبار.. مقتل شاب بثأر عشائري والعثور على جثة شابة
[2026-07-10 17:29:26]   + جديد: شباب العراق يخسر أمام نظيره الفلسطيني في بطولة غرب آسيا لكرة
[2026-07-10 17:29:28]   + جديد: رسمياً.. علي عدنان ينضم إلى "النوارس"
[2026-07-10 17:29:30]   + جديد: ‏البحرية الدولية تدعو لعدم الاعتراف بممارسات إيران في هرمز
[2026-07-10 17:29:30] جاري فحص: بغداد اليوم
[2026-07-10 17:29:31]   لا يوجد أخبار جديدة من بغداد اليوم
[2026-07-10 17:29:31] جاري فحص: السومرية نيوز
[2026-07-10 17:29:31]   لا يوجد أخبار جديدة من السومرية نيوز
[2026-07-10 17:29:31] جاري فحص: المدى
[2026-07-10 17:29:32] تعذر فتح صفحة المدى: 403 Client Error: Forbidden for url: https://almadapaper.net/
[2026-07-10 17:29:32]   لا يوجد أخبار جديدة من المدى
[2026-07-10 17:29:32] انتهى التشغيل — أخبار جديدة: 12 — إجمالي محفوظ: 150
[2026-07-10 21:34:50] جاري فحص: شفق نيوز
[2026-07-10 21:34:52]   + جديد: ترمب: أبلغنا إيران بوضوح أن وقف النار انتهى
[2026-07-10 21:34:55]   + جديد: عقوبات أميركية جديدة تطال 14 شركة وشخصاً على ارتباط بإيران
[2026-07-10 21:34:56]   + جديد: كتائب حزب الله تحذر الحكومة العراقية: عليها الانصياع لـ"المق
[2026-07-10 21:34:58]   + جديد: تحت 76 دولاراً.. تراجع أسعار النفط 0.5%
[2026-07-10 21:35:00]   + جديد: اعتقالات ومضبوطات.. ضربة جديدة للنزاهة في كركوك
[2026-07-10 21:35:02]   + جديد: إسبانيا تقصي بلجيكا وتضرب موعداً مع فرنسا بنصف نهائي الموندي
[2026-07-10 21:35:04]   + جديد: بعد انقطاع لمدة عامين.. مياه الإسالة تعود للقرى الكاكائية في
[2026-07-10 21:35:06]   + جديد: مطار كركوك يسيّر أول رحلة مباشرة إلى باكو
[2026-07-10 21:35:08]   + جديد: ذي قار.. غرق طفلة ومحاولة انتحار
[2026-07-10 21:35:10]   + جديد: "المقاومة" في العراق تعلن عدم تخليها عن سلاحها: سنطور قدراتن
[2026-07-10 21:35:12]   + جديد: بالفيديو.. إيران تعيد ترميم مواقع نووية وصاروخية وخطوط سكك ح
[2026-07-10 21:35:14]   + جديد: الجيش الأميركي: إيران لا تتحكم في هرمز وهو مفتوح أمام حركة ا
[2026-07-10 21:35:14] جاري فحص: بغداد اليوم
[2026-07-10 21:35:15]   لا يوجد أخبار جديدة من بغداد اليوم
[2026-07-10 21:35:15] جاري فحص: السومرية نيوز
[2026-07-10 21:35:15]   لا يوجد أخبار جديدة من السومرية نيوز
[2026-07-10 21:35:15] جاري فحص: المدى
[2026-07-10 21:35:15] تعذر فتح صفحة المدى: 403 Client Error: Forbidden for url: https://almadapaper.net/
[2026-07-10 21:35:15]   لا يوجد أخبار جديدة من المدى
[2026-07-10 21:35:15] انتهى التشغيل — أخبار جديدة: 12 — إجمالي محفوظ: 150
[2026-07-11 06:26:12] جاري فحص: شفق نيوز
[2026-07-11 06:26:14]   + جديد: خسائر أسبوعية حادة لخام البصرة مع تراجع أسعار النفط العالمية
[2026-07-11 06:26:15]   + جديد: الزيدي إلى واشنطن لمقايضة ترمب: سلاح الفصائل مقابل شراكة أوس
[2026-07-11 06:26:17]   + جديد: إيران تعلّق المفاوضات مع أميركا: لسنا مستعدين لانتهاك جديد
[2026-07-11 06:26:18]   + جديد: ترمب: سأدمر إيران وأعطيت أوامر مفتوحة للجيش
[2026-07-11 06:26:20]   + جديد: حفيد الخميني يشيد بالعراق ويؤكد: الصلح مع أميركا خيانة
[2026-07-11 06:26:22]   + جديد: كيف تعالج انسداد الشرايين من دون طبيب؟
[2026-07-11 06:26:23]   + جديد: الجغرافيا الملعونة والقدر الجيوسياسي: كيف أعادت واشنطن وطهرا
[2026-07-11 06:26:23] جاري فحص: بغداد اليوم
[2026-07-11 06:26:24]   لا يوجد أخبار جديدة من بغداد اليوم
[2026-07-11 06:26:24] جاري فحص: السومرية نيوز
[2026-07-11 06:26:25]   لا يوجد أخبار جديدة من السومرية نيوز
[2026-07-11 06:26:25] جاري فحص: المدى
[2026-07-11 06:26:25] تعذر فتح صفحة المدى: 403 Client Error: Forbidden for url: https://almadapaper.net/
[2026-07-11 06:26:25]   لا يوجد أخبار جديدة من المدى
[2026-07-11 06:26:25] انتهى التشغيل — أخبار جديدة: 7 — إجمالي محفوظ: 150
[2026-07-11 10:43:16] جاري فحص: شفق نيوز
[2026-07-11 10:43:19]   + جديد: النفط العراقي يجذب مصافي الصين مع تراجع الطلب على الخام الإي
[2026-07-11 10:43:20]   + جديد: بحملة وطنية و تخصيصات مالية.. استنفار نيابي وحكومي من بابل ل
[2026-07-11 10:43:21]   + جديد: إصابة 3 من قوات الأسايش أثناء اعتقال عصابة لترويج العملة الم
[2026-07-11 10:43:23]   + جديد: مصرع عميد متقاعد وإصابة نجله بحادث سير والأنبار تسجل حالتي غ
[2026-07-11 10:43:24]   + جديد: عطل بمشروع دوكان يتسبب بأزمة شح المياه في السليمانية
[2026-07-11 10:43:26]   + جديد: بعد احتجاجات غاضبة.. الكهرباء ترفع حصة واسط إلى 1200 ميغاواط
[2026-07-11 10:43:28]   + جديد: التربية النيابية: طباعة المناهج الدراسية ستكون داخل العراق ح
[2026-07-11 10:43:29]   + جديد: مليارات الخارج.. كيف يسترد العراق أموال الفساد العابرة للحدو
[2026-07-11 10:43:31]   + جديد: لتسهيل تفويج الزائرين.. افتتاح المرحلة الأولى لتطوير منفذ ال
[2026-07-11 10:43:32]   + جديد: نادي النجف لشفق نيوز: الديون بلغت 3 مليارات دينار ونصف مليون
[2026-07-11 10:43:34]   + جديد: الزيدي يوجّه بمتابعة حادثة مقتل صياد عراقي في البصرة واتخاذ 
[2026-07-11 10:43:35]   + جديد: مفوضية حقوق الإنسان تدعو لحماية الصيادين العراقيين: زودوا قو
[2026-07-11 10:43:35] جاري فحص: بغداد اليوم
[2026-07-11 10:43:36]   لا يوجد أخبار جديدة من بغداد اليوم
[2026-07-11 10:43:36] جاري فحص: السومرية نيوز
[2026-07-11 10:43:36]   لا يوجد أخبار جديدة من السومرية نيوز
[2026-07-11 10:43:36] جاري فحص: المدى
[2026-07-11 10:43:37] تعذر فتح صفحة المدى: 403 Client Error: Forbidden for url: https://almadapaper.net/
[2026-07-11 10:43:37]   لا يوجد أخبار جديدة من المدى
[2026-07-11 10:43:37] انتهى التشغيل — أخبار جديدة: 12 — إجمالي محفوظ: 150
[2026-07-11 14:37:42] جاري فحص: شفق نيوز
[2026-07-11 14:37:45]   + جديد: الزيدي يعلن جهوزية الحكومة لدعم عودة المسيحيين ويشملهم بمشرو
[2026-07-11 14:37:47]   + جديد: بعد تعثر مفاوضات بورتو.. زاخو يغري أكام هاشم بعرض "ملياري"
[2026-07-11 14:37:49]   + جديد: عند 152 ألفاً.. الدولار يواصل التراجع في بغداد وأربيل مع إغل
[2026-07-11 14:37:51]   + جديد: حارث فلاح مديراً لنادي الكهرباء الكروي
[2026-07-11 14:37:52]   + جديد: 10 هجمات إسرائيلية على جنوب لبنان رغم "اتفاق الإطار"
[2026-07-11 14:37:55]   + جديد: خلال زيارته للضفة الغربية.. مستوطنون يحتجزون نائباً أميركياً
[2026-07-11 14:37:56]   + جديد: فنزويلا.. حصيلة الزلزالين تتخطى 4 آلاف قتيل
[2026-07-11 14:37:58]   + جديد: خسارة جديدة لسلة العراق أمام سوريا في بطولة غرب آسيا للشباب
[2026-07-11 14:38:00]   + جديد: القبض على 10 أشخاص بتهمة الصيد الجائر في دهوك
[2026-07-11 14:38:02]   + جديد: علماء يطورون لقاحاً ضد مرض يفتك بملايين الأطفال
[2026-07-11 14:38:04]   + جديد: برلمانية تحذر من "ستارلنك": شبكة تجسس على العراق تدار في واش
[2026-07-11 14:38:05]   + جديد: الصين، ماضيها وحاضرها ومستقبلها
[2026-07-11 14:38:05] جاري فحص: بغداد اليوم
[2026-07-11 14:38:06]   لا يوجد أخبار جديدة من بغداد اليوم
[2026-07-11 14:38:06] جاري فحص: السومرية نيوز
[2026-07-11 14:38:07]   لا يوجد أخبار جديدة من السومرية نيوز
[2026-07-11 14:38:07] جاري فحص: المدى
[2026-07-11 14:38:07] تعذر فتح صفحة المدى: 403 Client Error: Forbidden for url: https://almadapaper.net/
[2026-07-11 14:38:07]   لا يوجد أخبار جديدة من المدى
[2026-07-11 14:38:07] انتهى التشغيل — أخبار جديدة: 12 — إجمالي محفوظ: 150
[2026-07-11 18:07:44] جاري فحص: شفق نيوز
[2026-07-11 18:07:46]   + جديد: خاص.. العراق يتحرك لدمج الرافدين والرشيد بعد تعثر سابق وضغوط
[2026-07-11 18:07:48]   + جديد: اندلاع حريق داخل مقبرة في بغداد
[2026-07-11 18:07:49]   + جديد: خاص.. الزيدي يشارك بمؤتمر خليجي في واشنطن لبحث "حرب إيران"
[2026-07-11 18:07:51]   + جديد: البصرة.. استنفار أمني قرب القنصلية الكويتية يسبق احتجاجات مر
[2026-07-11 18:07:52]   + جديد: رئيس الاتحاد العراقي للهوكي يفوز بعضوية المكتب التنفيذي للات
[2026-07-11 18:07:54]   + جديد: "الآش".. تتصدر موائد العراقيين في ذكرى مقتل الإمام السجاد  (
[2026-07-11 18:07:56]   + جديد: الخارجية العراقية: الكويت عرضت تسجيلاً لحادثة الصيادين وأكدت
[2026-07-11 18:07:57]   + جديد: لبنان تشترط انسحاب إسرائيل من منطقتين تجريبيتين للمشاركة باج
[2026-07-11 18:07:59]   + جديد: وفاة نجم منتخب جنوب أفريقيا بعد أيام من توديع بلاده المونديا
[2026-07-11 18:08:00]   + جديد: ممثلة "الزرادشتيين" في كوردستان ترد على "اساءة" صدرت من أستا
[2026-07-11 18:08:02]   + جديد: دهوك يتعاقد مع مدافع المنتخب العراقي مناف يونس
[2026-07-11 18:08:03]   + جديد: قره قوش وأفروديت يكملان عقد المربع الذهبي لدوري الطائرة للسي
[2026-07-11 18:08:03] جاري فحص: بغداد اليوم
[2026-07-11 18:08:04]   لا يوجد أخبار جديدة من بغداد اليوم
[2026-07-11 18:08:04] جاري فحص: السومرية نيوز
[2026-07-11 18:08:05]   لا يوجد أخبار جديدة من السومرية نيوز
[2026-07-11 18:08:05] جاري فحص: المدى
[2026-07-11 18:08:06] تعذر فتح صفحة المدى: 403 Client Error: Forbidden for url: https://almadapaper.net/
[2026-07-11 18:08:06]   لا يوجد أخبار جديدة من المدى
[2026-07-11 18:08:06] انتهى التشغيل — أخبار جديدة: 12 — إجمالي محفوظ: 150
[2026-07-11 21:11:31] جاري فحص: شفق نيوز
[2026-07-11 21:11:34]   + جديد: بين العراق وسوريا.. ترجيح بإعلان إحياء خط كركوك – بانياس في 
[2026-07-11 21:11:36]   + جديد: الولايات المتحدة: فكرة التدخل السوري في لبنان رفضت
[2026-07-11 21:11:38]   + جديد: أربيل.. مصرع امرأة إثر سقوطها من شقة سكنية والشرطة تعتقل زوج
[2026-07-11 21:11:40]   + جديد: روسيا: سنستخدم السلاح النووي في حالة واحدة فقط
[2026-07-11 21:11:42]   + جديد: المرصد السوري: 21 هجوماً وتوغلاً إسرائيلياً خلال تموز
[2026-07-11 21:11:44]   + جديد: بقرة تعترض سيارة مدنية وسقوط 8 ضحايا بحادثي سير في محافظتين
[2026-07-11 21:11:46]   + جديد: إيلام.. مواطن يسلم السلطات 3 قطع أثرية تعود لـ"العصر الحديدي
[2026-07-11 21:11:47]   + جديد: الزوراء يبدأ تحضيراته للموسم الجديد بقيادة باسم قاسم
[2026-07-11 21:11:49]   + جديد: العمليات المشتركة تكثف استعداداتها الأمنية والخدمية للزيارة 
[2026-07-11 21:11:51]   + جديد: عُمان وإيران تنهيان جولة من المباحثات الفنية والسياسية لإدار
[2026-07-11 21:11:53]   + جديد: أميركيون في جنازة خامنئي.. مؤثرون يثيرون الجدل بتضامنهم مع إ
[2026-07-11 21:11:55]   + جديد: الجيش الإسرائيلي يستهدف مبنى تجمع بداخله عناصر من حزب الله (
[2026-07-11 21:11:55] جاري فحص: بغداد اليوم
[2026-07-11 21:11:56]   لا يوجد أخبار جديدة من بغداد اليوم
[2026-07-11 21:11:56] جاري فحص: السومرية نيوز
[2026-07-11 21:11:57]   لا يوجد أخبار جديدة من السومرية نيوز
[2026-07-11 21:11:57] جاري فحص: المدى
[2026-07-11 21:11:57] تعذر فتح صفحة المدى: 403 Client Error: Forbidden for url: https://almadapaper.net/
[2026-07-11 21:11:57]   لا يوجد أخبار جديدة من المدى
[2026-07-11 21:11:57] انتهى التشغيل — أخبار جديدة: 12 — إجمالي محفوظ: 150
[2026-07-12 07:16:45] جاري فحص: شفق نيوز
[2026-07-12 07:16:48]   + جديد: نيجيرفان بارزاني يعزي بوفاة ليندسي غراهام "الصديق العزيز لشع
[2026-07-12 07:16:49]   + جديد: كان من أشد داعمي حرب 2003 على العراق.. وفاة الصقر الجمهوري ا
[2026-07-12 07:16:51]   + جديد: بيانات رسمية: صادرات النفط العراقي إلى أميركا تسجل "صفراً" ا
[2026-07-12 07:16:52]   + جديد: حادث سير قرب مطار بغداد يودي بحياة امرأة سورية والتحفظ على ض
[2026-07-12 07:16:54]   + جديد: أميركا تبلغ إسرائيل بعدم الانخراط المباشر في المواجهة مع إير
[2026-07-12 07:16:55]   + جديد: سلاح طبيعي ضد الشيخوخة.. دراسة تكشف فوائد التوت والفراولة لك
[2026-07-12 07:16:57]   + جديد: طهران تكشف تفاصيل محادثات "مضيق هرمز" في عُمان وتؤكد مشاركة 
[2026-07-12 07:16:58]   + جديد: مواجهات نارية في نصف نهائي مونديال 2026.. تعرف على المواعيد 
[2026-07-12 07:17:00]   + جديد: قاليباف مخاطبا واشنطن: عهد الاتفاقات أحادية الجانب انتهى
[2026-07-12 07:17:01]   + جديد: دولة قطر تنعى الأمير الوالد الشيخ حمد بن خليفة آل ثاني
[2026-07-12 07:17:03]   + جديد: القيادة المركزية الأميركية: استهدفنا 300 موقع لتقويض قدرة إي
[2026-07-12 07:17:04]   + جديد: هجمات إيرانية واسعة تطال 4 دول خليجية والأردن.. واستنفار دفا
[2026-07-12 07:17:04] جاري فحص: بغداد اليوم
[2026-07-12 07:17:05]   لا يوجد أخبار جديدة من بغداد اليوم
[2026-07-12 07:17:05] جاري فحص: السومرية نيوز
[2026-07-12 07:17:05]   لا يوجد أخبار جديدة من السومرية نيوز
[2026-07-12 07:17:05] جاري فحص: المدى
[2026-07-12 07:17:05] تعذر فتح صفحة المدى: 403 Client Error: Forbidden for url: https://almadapaper.net/
[2026-07-12 07:17:05]   لا يوجد أخبار جديدة من المدى
[2026-07-12 07:17:05] انتهى التشغيل — أخبار جديدة: 12 — إجمالي محفوظ: 150
[2026-07-12 11:43:14] جاري فحص: شفق نيوز
[2026-07-12 11:43:16]   + جديد: خاص.. العراق يسجل 50 هزة أرضية خلال شهر
[2026-07-12 11:43:18]   + جديد: مكافحة الإرهاب يلقي القبض على 3 إرهابيين في الرمادي والفلوجة
[2026-07-12 11:43:19]   + جديد: "سقوط الذريعة" وراء تصعيد الفصائل العراقية.. ماذا ينتظر سلاح
[2026-07-12 11:43:21]   + جديد: الحزب الديمقراطي الكوردستاني يعلن استعداده لتفعيل برلمان كور
[2026-07-12 11:43:22]   + جديد: أخطبوط الفساد.. هل يقطع الزيدي الشرايين المحرّمة أم يكتفي با
[2026-07-12 11:43:24]   + جديد: الشرع خلال أولى جلسات مجلس الشعب: سوريا تكتب تأريخاً جديداً
[2026-07-12 11:43:26]   + جديد: هزات مرمرة تضع إسطنبول تحت المراقبة.. وعالم زلازل يحدد أسبوع
[2026-07-12 11:43:27]   + جديد: الحكومة العراقية: حصر السلاح قرار داخلي واستكمال الكابينة ال
[2026-07-12 11:43:29]   + جديد: العراق يستورد فاكهة الموز بقيمة 46 مليون دولار خلال الربع ال
[2026-07-12 11:43:30]   + جديد: "سوق الانتقالات".. صفقات جديدة وتحضيرات مكثفة لأندية دوري ال
[2026-07-12 11:43:32]   + جديد: وزير النقل يقرر سحب يد مدير عام الخطوط الجوية العراقية وتكلي
[2026-07-12 11:43:33]   + جديد: صلاح الدين.. مياه حمرين تعرقل افتتاح جسر "الزركة" وتحديد مسا
[2026-07-12 11:43:33] جاري فحص: بغداد اليوم
[2026-07-12 11:43:34]   لا يوجد أخبار جديدة من بغداد اليوم
[2026-07-12 11:43:34] جاري فحص: السومرية نيوز
[2026-07-12 11:43:35]   لا يوجد أخبار جديدة من السومرية نيوز
[2026-07-12 11:43:35] جاري فحص: المدى
[2026-07-12 11:43:36] تعذر فتح صفحة المدى: 403 Client Error: Forbidden for url: https://almadapaper.net/
[2026-07-12 11:43:36]   لا يوجد أخبار جديدة من المدى
[2026-07-12 11:43:36] انتهى التشغيل — أخبار جديدة: 12 — إجمالي محفوظ: 150
[2026-07-12 15:38:49] جاري فحص: شفق نيوز
[2026-07-12 15:38:51]   + جديد: حقوق الإنسان في كوردستان تطالب بتحقيق دولي بمقتل راعٍ بنيران
[2026-07-12 15:38:52]   + جديد: في أربيل.. إطلاق برنامج تدريبي نوعي للشباب بالشراكة بين "روا
[2026-07-12 15:38:54]   + جديد: أربيل تكمل استعداداتها لاستقبال زوار الأربعين
[2026-07-12 15:38:55]   + جديد: مع إغلاق التداول.. ارتفاع أسعار الدولار في بغداد وأربيل
[2026-07-12 15:38:57]   + جديد: تظاهرات "غاضبة" أمام القنصلية الكويتية في البصرة (صور)
[2026-07-12 15:38:59]   + جديد: السودان.. الإعدام غيابياً لقائد قوات الدعم السريع "حميدتي"
[2026-07-12 15:39:00]   + جديد: تحذير حقوقي.. العراق يواجه تهديداً مزدوجاً بالغبار والحر
[2026-07-12 15:39:02]   + جديد: أمر قبض بحق النائب السابق باسم خشان بتهمة "الفساد" (وثائق)
[2026-07-12 15:39:03]   + جديد: عبد الحميد العواك رئيساً للبرلمان السوري
[2026-07-12 15:39:05]   + جديد: حسين من السعودية: لن نسمح باستخدام أراضينا أو أجوائنا للاعتد
[2026-07-12 15:39:06]   + جديد: أكثر من 70%.. تراجع "مخيف" في المساحات المروية بالعراق
[2026-07-12 15:39:08]   + جديد: كركوك.. القبض على حدثين بتهمة اغتصاب وقتل طفلة
[2026-07-12 15:39:08] جاري فحص: بغداد اليوم
[2026-07-12 15:39:09]   لا يوجد أخبار جديدة من بغداد اليوم
[2026-07-12 15:39:09] جاري فحص: السومرية نيوز
[2026-07-12 15:39:09]   لا يوجد أخبار جديدة من السومرية نيوز
[2026-07-12 15:39:09] جاري فحص: المدى
[2026-07-12 15:39:09] تعذر فتح صفحة المدى: 403 Client Error: Forbidden for url: https://almadapaper.net/
[2026-07-12 15:39:09]   لا يوجد أخبار جديدة من المدى
[2026-07-12 15:39:09] انتهى التشغيل — أخبار جديدة: 12 — إجمالي محفوظ: 150
[2026-07-12 19:57:18] جاري فحص: شفق نيوز
[2026-07-12 19:57:21]   + جديد: بغداد.. انطلاق اجتماع إدارة الدولة بحضور نيجيرفان بارزاني (ص
[2026-07-12 19:57:22]   + جديد: رئيس إقليم كوردستان يغادر الى بغداد للمشاركة في اجتماع ائتلا
[2026-07-12 19:57:24]   + جديد: حصري.. أسماء 27 شخصية سترافق الزيدي إلى واشنطن
[2026-07-12 19:57:26]   + جديد: "المقاومة العراقية" تعلن رفضها زيارة الزيدي لواشنطن وتصدر جم
[2026-07-12 19:57:28]   + جديد: الحج والعمرة تفتح غداً استمارة قرعة الموسم المقبل وتحدد شروط
[2026-07-12 19:57:30]   + جديد: (مقال) الشيخ الزاهد مراد زنگنة.. صوت كربلاء بالكوردية الكلهو
[2026-07-12 19:57:32]   + جديد: تشيلي.. 13 قتيلاً ومصاباً في حادث دهس (فيديو)
[2026-07-12 19:57:33]   + جديد: سند يوجه برفع الحظر عن "روبلوكس" خلال العطلة الصيفية
[2026-07-12 19:57:35]   + جديد: العراق "قلق" من استمرار التوتر الإقليمي ويخشى تأثيره على الم
[2026-07-12 19:57:37]   + جديد: غوتيريش: التصعيد في الخليج سيؤدي لعواقب كارثية
[2026-07-12 19:57:39]   + جديد: مسؤولون إسرائيليون: إيران لا تخطط لمهاجمتنا في الوقت الحالي
[2026-07-12 19:57:41]   + جديد: نقل كوردستان: مشروع "التاكسي ميتر" في مراحله الأخيرة
[2026-07-12 19:57:41] جاري فحص: بغداد اليوم
[2026-07-12 19:57:42]   لا يوجد أخبار جديدة من بغداد اليوم
[2026-07-12 19:57:42] جاري فحص: السومرية نيوز
[2026-07-12 19:57:42]   لا يوجد أخبار جديدة من السومرية نيوز
[2026-07-12 19:57:42] جاري فحص: المدى
[2026-07-12 19:57:43] تعذر فتح صفحة المدى: 403 Client Error: Forbidden for url: https://almadapaper.net/
[2026-07-12 19:57:43]   لا يوجد أخبار جديدة من المدى
[2026-07-12 19:57:43] انتهى التشغيل — أخبار جديدة: 12 — إجمالي محفوظ: 150
[2026-07-12 22:33:12] جاري فحص: شفق نيوز
[2026-07-12 22:33:14]   + جديد: متجاوزة 50 مئوية.. موجة حر شديدة تجتاح العراق هذا الأسبوع
[2026-07-12 22:33:16]   + جديد: هزّت الرأي العام في كركوك.. تفاصيل فاجعة الطفلة "ناي" على لس
[2026-07-12 22:33:17]   + جديد: واشنطن تنفي مقتل جنود لها في الكويت جراء هجوم إيراني
[2026-07-12 22:33:19]   + جديد: إيران تنفي تعرض محطة "بوشهر" النووية لهجوم
[2026-07-12 22:33:20]   + جديد: اجتماع إدارة الدولة يركز على زيارة الزيدي لواشنطن ومكافحة ال
[2026-07-12 22:33:22]   + جديد: "صولة الفجر".. أربيل تسلم بغداد مصوغات ذهبية وأموالاً لنواب 
[2026-07-12 22:33:23]   + جديد: مصرع 27 شخصاً بحريق داخل حانة في بانكوك
[2026-07-12 22:33:25]   + جديد: بابل.. الإطاحة بعصابة "نسوية" للاتجار بالبشر
[2026-07-12 22:33:26]   + جديد: فنزويلا.. ضحايا الزلزال المزدوج يرتفع إلى 4490 قتيلاً
[2026-07-12 22:33:26] جاري فحص: بغداد اليوم
[2026-07-12 22:33:28]   لا يوجد أخبار جديدة من بغداد اليوم
[2026-07-12 22:33:28] جاري فحص: السومرية نيوز
[2026-07-12 22:33:30]   لا يوجد أخبار جديدة من السومرية نيوز
[2026-07-12 22:33:30] جاري فحص: المدى
[2026-07-12 22:33:30] تعذر فتح صفحة المدى: 403 Client Error: Forbidden for url: https://almadapaper.net/
[2026-07-12 22:33:30]   لا يوجد أخبار جديدة من المدى
[2026-07-12 22:33:30] انتهى التشغيل — أخبار جديدة: 9 — إجمالي محفوظ: 150
[2026-07-13 10:42:05] جاري فحص: شفق نيوز
[2026-07-13 10:42:07]   + جديد: الرئيس العراقي يتوجه إلى قطر
[2026-07-13 10:42:09]   + جديد: "بسبب الروتين".. مراجع يقدم على الانتحار أمام دائرة حكومية ف
[2026-07-13 10:42:10]   + جديد: ارنولد يقترب من تجديد مشواره مع اسود الرافدين بعقد طويل الأم
[2026-07-13 10:42:12]   + جديد: "فيفا" يغرم العراق 60 ألف دولار بسبب بطاقات المونديال
[2026-07-13 10:42:14]   + جديد: سند يوجه بحجب منصات المراهنات الإلكترونية ورفع الحظر عن IMDb
[2026-07-13 10:42:15]   + جديد: أربيل تستضيف مؤتمراً للحد من الهجرة غير الشرعية (صور)
[2026-07-13 10:42:17]   + جديد: البورصة العراقية تتداول أسهماً بقيمة نحو 21 مليار دينار خلال
[2026-07-13 10:42:18]   + جديد: تنس العراق يشارك بتصفيات "كأس ديفيز" في سريلانكا
[2026-07-13 10:42:20]   + جديد: العراق الثامن عربياً في الاستثمارات الأجنبية لعام 2025
[2026-07-13 10:42:21]   + جديد: إعلام إيراني: دوي انفجارات جديدة جنوبي البلاد
[2026-07-13 10:42:23]   + جديد: تكنولوجيا تجعل السيارة تصطف دون سائق وتعود إليه متى أراد
[2026-07-13 10:42:25]   + جديد: مصرع امرأة وإصابة آخر بحادث سير مروع في السليمانية
[2026-07-13 10:42:25] جاري فحص: بغداد اليوم
[2026-07-13 10:42:25]   لا يوجد أخبار جديدة من بغداد اليوم
[2026-07-13 10:42:25] جاري فحص: السومرية نيوز
[2026-07-13 10:42:26]   لا يوجد أخبار جديدة من السومرية نيوز
[2026-07-13 10:42:26] جاري فحص: المدى
[2026-07-13 10:42:26] تعذر فتح صفحة المدى: 403 Client Error: Forbidden for url: https://almadapaper.net/
[2026-07-13 10:42:26]   لا يوجد أخبار جديدة من المدى
[2026-07-13 10:42:26] انتهى التشغيل — أخبار جديدة: 12 — إجمالي محفوظ: 150
[2026-07-13 18:06:35] جاري فحص: شفق نيوز
[2026-07-13 18:06:38]   + جديد: "نيويورك تايمز": نجاد كان ينوي التطبيع مع إسرائيل والحرس الث
[2026-07-13 18:06:40]   + جديد: إغلاق جميع المطارات في اليمن حتى إشعار آخر
[2026-07-13 18:06:42]   + جديد: حكومة كوردستان: الأربعاء يبدأ توزيع رواتب الموظفين لشهر حزير
[2026-07-13 18:06:44]   + جديد: الزيدي في البيت الأبيض.. شراكة مستدامة أم مجرد إدارة أزمات؟
[2026-07-13 18:06:46]   + جديد: الحصار البحري على إيران يدخل حيز التنفيذ ولا استثناء لأي دول
[2026-07-13 18:06:47]   + جديد: ما هو الاكتتاب العام وكيف تتحول الشركات إلى شركات مدرجة؟
[2026-07-13 18:06:49]   + جديد: صواريخ باليستية حوثية تستهدف السعودية
[2026-07-13 18:06:51]   + جديد: إصابة شخصين ونفوق عشرات الأغنام بحادث سير في صلاح الدين
[2026-07-13 18:06:53]   + جديد: البحرية الدولية: لا يوجد أساس قانوني لفرض رسوم على عبور أي م
[2026-07-13 18:06:55]   + جديد: سيناتوران ديمقراطيان: ترمب وضع أميركا بمأزق وزيادة تكاليف ال
[2026-07-13 18:06:57]   + جديد: أربيل توجه الداخلية الكوردستانية وأمن الإقليم بالعمل المشترك
[2026-07-13 18:06:58]   + جديد: اليمن تعيد فتح جميع المطارات
[2026-07-13 18:06:58] جاري فحص: بغداد اليوم
[2026-07-13 18:06:59]   لا يوجد أخبار جديدة من بغداد اليوم
[2026-07-13 18:06:59] جاري فحص: السومرية نيوز
[2026-07-13 18:07:00]   لا يوجد أخبار جديدة من السومرية نيوز
[2026-07-13 18:07:00] جاري فحص: المدى
[2026-07-13 18:07:00] تعذر فتح صفحة المدى: 403 Client Error: Forbidden for url: https://almadapaper.net/
[2026-07-13 18:07:00]   لا يوجد أخبار جديدة من المدى
[2026-07-13 18:07:00] انتهى التشغيل — أخبار جديدة: 12 — إجمالي محفوظ: 150
[2026-07-13 21:35:41] جاري فحص: شفق نيوز
[2026-07-13 21:35:43]   + جديد: قصف يستهدف "قشم وكيش" الإيرانيتين وواشنطن تكشف مواقع الضربات
[2026-07-13 21:35:45]   + جديد: إعلام إيراني: قصف يستهدف عدة مدن بينها بندر عباس
[2026-07-13 21:35:47]   + جديد: الجيش الأميركي: بدأنا بضربات جديدة ضد إيران
[2026-07-13 21:35:48]   + جديد: الجيش الإيراني: ضرباتنا الدفاعية ستتواصل ردا على الهجمات الأ
[2026-07-13 21:35:50]   + جديد: "فيلم نهايته سيئة".. تقرير أوروبي: واشنطن تكرر أخطاءها في ال
[2026-07-13 21:35:51]   + جديد: في 3 محافظات.. مقتل ثلاثة أشخاص وإنقاذ شابة من الانتحار
[2026-07-13 21:35:53]   + جديد: الصحة النيابية: المستشفيات لا تواكب النمو السكاني في العراق
[2026-07-13 21:35:54]   + جديد: مهرجان "الدولمة" الشعبي يجمع مكونات كركوك على مائدة واحدة (ص
[2026-07-13 21:35:56]   + جديد: ترمب: سنقضي على المنشآت النووية تحت جبل الفأس في إيران (تحدي
[2026-07-13 21:35:58]   + جديد: المواطن العراقي... أيُّ درجةٍ في وطنه؟
[2026-07-13 21:35:59]   + جديد: "سوق الخياطين" في أربيل.. حكاية إرثٍ يتحدى الزمن (صور)
[2026-07-13 21:36:01]   + جديد: القيادة الأميركية تحدد مسارات مضيق هرمز ومنطقة الحصار على إي
[2026-07-13 21:36:01] جاري فحص: بغداد اليوم
[2026-07-13 21:36:02]   لا يوجد أخبار جديدة من بغداد اليوم
[2026-07-13 21:36:02] جاري فحص: السومرية نيوز
[2026-07-13 21:36:04]   لا يوجد أخبار جديدة من السومرية نيوز
[2026-07-13 21:36:04] جاري فحص: المدى
[2026-07-13 21:36:04] تعذر فتح صفحة المدى: 403 Client Error: Forbidden for url: https://almadapaper.net/
[2026-07-13 21:36:04]   لا يوجد أخبار جديدة من المدى
[2026-07-13 21:36:04] انتهى التشغيل — أخبار جديدة: 12 — إجمالي محفوظ: 150
[2026-07-14 06:22:50] جاري فحص: شفق نيوز
[2026-07-14 06:22:53]   + جديد: الجيش الأميركي يضرب أهدافاً عسكرية في إيران والحرس الثوري ير
[2026-07-14 06:22:54]   + جديد: خاما البصرة يقفزان نحو 10% مع ارتفاع أسعار النفط العالمية
[2026-07-14 06:22:56]   + جديد: نجاة وزير العدل العراقي من حادث سير مروع على طريق مطار بغداد
[2026-07-14 06:22:57]   + جديد: ترمب يخطر الكونغرس باستئناف العمليات العسكرية ضد إيران لفتح 
[2026-07-14 06:22:59]   + جديد: اليوم.. إسبانيا وفرنسا في مواجهة نارية لحسم بطاقة نهائي المو
[2026-07-14 06:23:00]   + جديد: طفرة الذكاء الاصطناعي تنعش تجارة الصين
[2026-07-14 06:23:02]   + جديد: "أسوشيتد برس": ارتفاع حصيلة قتلى الجيش الأميركي إلى 14 عسكري
[2026-07-14 06:23:04]   + جديد: الذهب يتماسك فوق 4000 دولار وترقب بيانات التضخم يحد من بريقه
[2026-07-14 06:23:05]   + جديد: النفط يرتفع إلى أعلى مستوى في شهر مع تصاعد التوترات في مضيق 
[2026-07-14 06:23:07]   + جديد: الزيدي يدعو رجال أعمال عراقيين في أميركا للاستثمار والعودة إ
[2026-07-14 06:23:08]   + جديد: دوي صافرات الإنذار في البحرين ودعوة للمواطنين بـ"الاحتماء"
[2026-07-14 06:23:10]   + جديد: تصاعد أعمدة الدخان بالتزامن مع انفجارات جنوبي إيران
[2026-07-14 06:23:10] جاري فحص: بغداد اليوم
[2026-07-14 06:23:11]   لا يوجد أخبار جديدة من بغداد اليوم
[2026-07-14 06:23:11] جاري فحص: السومرية نيوز
[2026-07-14 06:23:11]   لا يوجد أخبار جديدة من السومرية نيوز
[2026-07-14 06:23:11] جاري فحص: المدى
[2026-07-14 06:23:11] تعذر فتح صفحة المدى: 403 Client Error: Forbidden for url: https://almadapaper.net/
[2026-07-14 06:23:11]   لا يوجد أخبار جديدة من المدى
[2026-07-14 06:23:11] انتهى التشغيل — أخبار جديدة: 12 — إجمالي محفوظ: 150
[2026-07-14 11:49:59] جاري فحص: شفق نيوز
[2026-07-14 11:50:01]   + جديد: تصعيد عسكري جنوبي إيران.. قتلى في بندر عباس وهجمات بـ"قذائف 
[2026-07-14 11:50:02]   + جديد: سرقة 11 متجراً في سوق "سيتاقان" وسط أربيل.. والجناة يفرون بـ
[2026-07-14 11:50:04]   + جديد: ترمب يفرش "السجادة الحمراء" للزيدي وعينه على سلاح الفصائل
[2026-07-14 11:50:06]   + جديد: خلال أسبوع.. الرصد الزلزالي يسجل 11 هزة أرضية في العراق ومحي
[2026-07-14 11:50:07]   + جديد: المنامة.. المؤبد لثلاثة متخابرين مع الحرس الثوري الإيراني
[2026-07-14 11:50:09]   + جديد: دهوك تنجز أول معمل لإعادة تدوير البلاستيك بالتعاون مع هولندا
[2026-07-14 11:50:10]   + جديد: إعفاء معاون مدير عام الشؤون الفنية في الموانئ العراقية (وثيق
[2026-07-14 11:50:12]   + جديد: ديالى تسجل 6400 حالة إصابة بالسرطان بسبب الطمر الصحي
[2026-07-14 11:50:13]   + جديد: لبنان وإسرائيل يستأنفان محادثات روما وسط آمال حذرة
[2026-07-14 11:50:15]   + جديد: بعجز 8.9 تريليونات دينار.. شفق نيوز تنشر مؤشرات الإنذار المب
[2026-07-14 11:50:16]   + جديد: النجيفي: الموصل خارج المادة 140 وقرار مجلس نينوى لا يستهدف ا
[2026-07-14 11:50:18]   + جديد: معاون محافظ ديالى قيد التحقيق بسبب نشره ملفات تتعلق بقضايا ف
[2026-07-14 11:50:18] جاري فحص: بغداد اليوم
[2026-07-14 11:50:18]   لا يوجد أخبار جديدة من بغداد اليوم
[2026-07-14 11:50:18] جاري فحص: السومرية نيوز
[2026-07-14 11:50:19]   لا يوجد أخبار جديدة من السومرية نيوز
[2026-07-14 11:50:19] جاري فحص: المدى
[2026-07-14 11:50:19] تعذر فتح صفحة المدى: 403 Client Error: Forbidden for url: https://almadapaper.net/
[2026-07-14 11:50:19]   لا يوجد أخبار جديدة من المدى
[2026-07-14 11:50:19] انتهى التشغيل — أخبار جديدة: 12 — إجمالي محفوظ: 150
[2026-07-14 16:42:54] جاري فحص: شفق نيوز
[2026-07-14 16:42:57]   + جديد: الزيدي عن العلاقة مع إقليم كوردستان: لا يمكن أن أقطع جزءاً م
[2026-07-14 16:42:58]   + جديد: الزيدي يلتقي ترمب في البيت الأبيض (فيديو)
[2026-07-14 16:43:00]   + جديد: دوي انفجارات في جزيرتي "قشم وكيش" والكويت تعترض أهدافًا جوية
[2026-07-14 16:43:01]   + جديد: استهداف 3 ناقلات نفط ترفع علم ليبيريا قرب مضيق هرمز (تحديث)
[2026-07-14 16:43:03]   + جديد: ترمب: إيران عبء كبير على العراق سيتم التخلص منه والزيدي سيبق
[2026-07-14 16:43:04]   + جديد: ترمب: الأسبوع المقبل سنعلن عن شراكة نفطية كبيرة مع العراق
[2026-07-14 16:43:06]   + جديد: بيئة المثنى: شح المياه وتلوثها يهددان الإنسان والزراعة والتن
[2026-07-14 16:43:08]   + جديد: أسعار النفط ترتفع إلى 87 دولاراً للبرميل
[2026-07-14 16:43:09]   + جديد: ترمب يستبدل نسبة رسوم الـ20% على السفن بمضيق هرمز بصفقات تجا
[2026-07-14 16:43:11]   + جديد: عام على "المجزرة".. السويداء تستعيد المأساة ومطالبات بمحاسبة
[2026-07-14 16:43:12]   + جديد: حرفة عمرها 8 آلاف عام.. إقبال متزايد يدفع "الحصير الإيلامي" 
[2026-07-14 16:43:14]   + جديد: تضم نساء.. الأمن العراقي يطيح بشبكة ابتزاز في ديالى
[2026-07-14 16:43:14] جاري فحص: بغداد اليوم
[2026-07-14 16:43:14]   لا يوجد أخبار جديدة من بغداد اليوم
[2026-07-14 16:43:14] جاري فحص: السومرية نيوز
[2026-07-14 16:43:15]   لا يوجد أخبار جديدة من السومرية نيوز
[2026-07-14 16:43:15] جاري فحص: المدى
[2026-07-14 16:43:15] تعذر فتح صفحة المدى: 403 Client Error: Forbidden for url: https://almadapaper.net/
[2026-07-14 16:43:15]   لا يوجد أخبار جديدة من المدى
[2026-07-14 16:43:15] انتهى التشغيل — أخبار جديدة: 12 — إجمالي محفوظ: 150
[2026-07-14 20:42:28] جاري فحص: شفق نيوز
[2026-07-14 20:42:31]   + جديد: مصرع امرأة وإصابة 3 إثر اصطدام قطار بـ"ستوتة" في بابل (تحديث
[2026-07-14 20:42:32]   + جديد: البرلمان يفتح ملف مقتل الصياد "أحمد نجم" ويستدعي مسؤولين أمن
[2026-07-14 20:42:34]   + جديد: خاص.. بغداد وواشنطن تستعدان لتوقيع 18 اتفاقية وإنشاء صندوق ت
[2026-07-14 20:42:35]   + جديد: الكويت: الاعتداء على قنصليتنا في البصرة يهدد التزامات العراق
[2026-07-14 20:42:37]   + جديد: الجيش الأميركي يعيد فرض الحصار البحري على السواحل الإيرانية
[2026-07-14 20:42:38]   + جديد: جولة مساء الثلاثاء.. ضربات أميركية متبادلة مع إيران والكويت 
[2026-07-14 20:42:40]   + جديد: بالفيديو.. "الهريسة والقيمة" تشل حركة السير وسط كركوك
[2026-07-14 20:42:42]   + جديد: العمليات المشتركة: العراق لن يكون منطلقاً لاستهداف دول ‏الجو
[2026-07-14 20:42:43]   + جديد: الأنبار.. ارتفاع حصيلة ضحايا حادث سير "هيت – البغدادي"
[2026-07-14 20:42:45]   + جديد: للعام الثالث على التوالي.. الصابئة المندائيون يلغون الاحتفال
[2026-07-14 20:42:46]   + جديد: عبور 22 سفينة تجارية مضيق هرمز خلال 24 ساعة
[2026-07-14 20:42:48]   + جديد: مصرع 5 أشخاص وإصابة 3 إثر حادث سير بين "هيت والبغدادي" (فيدي
[2026-07-14 20:42:48] جاري فحص: بغداد اليوم
[2026-07-14 20:42:51]   لا يوجد أخبار جديدة من بغداد اليوم
[2026-07-14 20:42:51] جاري فحص: السومرية نيوز
[2026-07-14 20:42:52]   لا يوجد أخبار جديدة من السومرية نيوز
[2026-07-14 20:42:52] جاري فحص: المدى
[2026-07-14 20:42:52] تعذر فتح صفحة المدى: 403 Client Error: Forbidden for url: https://almadapaper.net/
[2026-07-14 20:42:52]   لا يوجد أخبار جديدة من المدى
[2026-07-14 20:42:52] انتهى التشغيل — أخبار جديدة: 12 — إجمالي محفوظ: 150
[2026-07-14 23:38:07] جاري فحص: شفق نيوز
[2026-07-14 23:38:10]   + جديد: تأكيداً لشفق نيوز.. بغداد وواشنطن ترسمان شراكة عسكرية جديدة
[2026-07-14 23:38:12]   + جديد: بغداد تعلن خطة لفك الارتباط بمضيق هرمز: أنابيب تصدير جديدة ق
[2026-07-14 23:38:14]   + جديد: إسبانيا تُطيح بفرنسا وتتأهل لنهائي كأس العالم
[2026-07-14 23:38:16]   + جديد: هزة أرضية تضرب جنوبي تركيا ويشعر بها سكان شمال سوريا
[2026-07-14 23:38:18]   + جديد: القبض على 44 متسللاً من جنسيات آسيوية في دهوك وواسط
[2026-07-14 23:38:20]   + جديد: ما وراء التصريحات.. رسائل لقاء ترمب والزيدي في البيت الأبيض
[2026-07-14 23:38:21]   + جديد: واشنطن تفرض عقوبات جديدة على جهات مرتبطة بإيران
[2026-07-14 23:38:21] جاري فحص: بغداد اليوم
[2026-07-14 23:38:22]   لا يوجد أخبار جديدة من بغداد اليوم
[2026-07-14 23:38:22] جاري فحص: السومرية نيوز
[2026-07-14 23:38:23]   لا يوجد أخبار جديدة من السومرية نيوز
[2026-07-14 23:38:23] جاري فحص: المدى
[2026-07-14 23:38:23] تعذر فتح صفحة المدى: 403 Client Error: Forbidden for url: https://almadapaper.net/
[2026-07-14 23:38:23]   لا يوجد أخبار جديدة من المدى
[2026-07-14 23:38:23] انتهى التشغيل — أخبار جديدة: 7 — إجمالي محفوظ: 150
[2026-07-15 07:30:11] جاري فحص: شفق نيوز
[2026-07-15 07:30:13]   + جديد: بجهود جمركية.. العراق يتحرك للإفراج عن سائقي ناقلات نفط محتج
[2026-07-15 07:30:14]   + جديد: انخفاض أسعار الدولار في بغداد وأربيل مع افتتاح التداولات
[2026-07-15 07:30:16]   + جديد: سقوط طائرة مسيّرة داخل ميناء الفاو الكبير في البصرة (فيديو)
[2026-07-15 07:30:17]   + جديد: العراق يتصدر المشهد.. خاما البصرة يقفزان بأكثر من 8% مع ارتف
[2026-07-15 07:30:19]   + جديد: الجيش الإيراني يعلن مقتل 7 من عناصره بهجوم أميركي
[2026-07-15 07:30:21]   + جديد: الليلة.. المنتخب العراقي للكرة الطائرة يواجه نظيره السعودي ف
[2026-07-15 07:30:22]   + جديد: واشنطن تدعم إعادة تشغيل خط نفط كركوك - بانياس
[2026-07-15 07:30:24]   + جديد: تحسن نسبي للعراق بمؤشر الفساد الدولي.. ومطالبات بحرمان المدا
[2026-07-15 07:30:25]   + جديد: بعد هرمز.. إيران تهدد بإغلاق مضيق باب المندب
[2026-07-15 07:30:27]   + جديد: ما هي فوائد راحة الجسم للمناعة؟
[2026-07-15 07:30:28]   + جديد: إنكلترا والأرجنتين في صدام تاريخي لحسم بطاقة نهائي كأس العال
[2026-07-15 07:30:30]   + جديد: الدولار يتراجع عن أعلى مستوياته بضغط تباطؤ التضخم الأميركي و
[2026-07-15 07:30:30] جاري فحص: بغداد اليوم
[2026-07-15 07:30:31]   لا يوجد أخبار جديدة من بغداد اليوم
[2026-07-15 07:30:31] جاري فحص: السومرية نيوز
[2026-07-15 07:30:32]   لا يوجد أخبار جديدة من السومرية نيوز
[2026-07-15 07:30:32] جاري فحص: المدى
[2026-07-15 07:30:32] تعذر فتح صفحة المدى: 403 Client Error: Forbidden for url: https://almadapaper.net/
[2026-07-15 07:30:32]   لا يوجد أخبار جديدة من المدى
[2026-07-15 07:30:32] انتهى التشغيل — أخبار جديدة: 12 — إجمالي محفوظ: 150
[2026-07-15 12:54:23] جاري فحص: شفق نيوز
[2026-07-15 12:54:25]   + جديد: استناداً لقرارات الخزانة الأميركية.. تعميم مالي عراقي للمصار
[2026-07-15 12:54:26]   + جديد: الموصل تلاحق متجاوزي الأرصفة والوقوف العشوائي بغرامة مليون د
[2026-07-15 12:54:28]   + جديد: خاص.. المالية النيابية تكشف تحولاً تدريجياً للموازنة العراقي
[2026-07-15 12:54:30]   + جديد: صادرات نفط البصرة تتعافى جزئياً إلى 870 ألف برميل يومياً في 
[2026-07-15 12:54:31]   + جديد: النفط توقع عقداً لتنفيذ المسح الزلزالي لحقل "أبو خيمة" في ال
[2026-07-15 12:54:33]   + جديد: سوريا.. القبض على مسؤول مستودعات "غاز السارين" في نظام الأسد
[2026-07-15 12:54:34]   + جديد: "عين التمر".. من واحة للنخيل إلى عاصمة للإسمنت والنفط في كرب
[2026-07-15 12:54:36]   + جديد: الجيش الأميركي يعلن انتهاء موجة القصف على إيران: استمرت 90 د
[2026-07-15 12:54:37]   + جديد: عائلة أبو مهدي المهندس تهاجم الزيدي: ليس جديراً بقيادة المست
[2026-07-15 12:54:39]   + جديد: كوراساو الهولندیة في كأس العالم: مقارنة مع الریاضة في إقليم 
[2026-07-15 12:54:41]   + جديد: المختبر السياسي
[2026-07-15 12:54:42]   + جديد: لأول مرة.. رواد فضاء يجرون أشعة سينية لأجسادهم خارج الأرض
[2026-07-15 12:54:42] جاري فحص: بغداد اليوم
[2026-07-15 12:54:43]   لا يوجد أخبار جديدة من بغداد اليوم
[2026-07-15 12:54:43] جاري فحص: السومرية نيوز
[2026-07-15 12:54:44]   لا يوجد أخبار جديدة من السومرية نيوز
[2026-07-15 12:54:44] جاري فحص: المدى
[2026-07-15 12:54:44] تعذر فتح صفحة المدى: 403 Client Error: Forbidden for url: https://almadapaper.net/
[2026-07-15 12:54:44]   لا يوجد أخبار جديدة من المدى
[2026-07-15 12:54:44] انتهى التشغيل — أخبار جديدة: 12 — إجمالي محفوظ: 150
[2026-07-15 17:47:39] جاري فحص: شفق نيوز
[2026-07-15 17:47:42]   + جديد: بورصة الإغلاق: الدولار يتراجع في بغداد وأربيل
[2026-07-15 17:47:44]   + جديد: مخاوف أمنية تدفع واشنطن إلى تشديد إجراءات حماية الزيدي
[2026-07-15 17:47:46]   + جديد: اعتقال أربعة أشخاص رفعوا راية "داعش" وهددوا أهالي قرية جنوبي
[2026-07-15 17:47:48]   + جديد: بغداد وهيروشيما.. هل يتعلم العراق "درس الإعمار" الياباني؟
[2026-07-15 17:47:50]   + جديد: أربيل.. مذكرات قبض بحق "مسيئين" للدين الإسلامي
[2026-07-15 17:47:52]   + جديد: هزة أرضية تضرب جنوبي العراق بقوة 3.2 درجة
[2026-07-15 17:47:54]   + جديد: المالية النيابية تعلن إكمال "الحسابات الختامية" لـ4 أعوام سا
[2026-07-15 17:47:56]   + جديد: النزاهة تعتقل مدير شركة إنتاج الطاقة الكهربائية في الفرات ال
[2026-07-15 17:47:58]   + جديد: عودة المسيحيين إلى العراق.. دعوة مشروعة تبدأ بحماية من بقي
[2026-07-15 17:48:00]   + جديد: إيران: 335 قتيلاً ومصاباً منذ بدء الهجمات الأميركية على الجن
[2026-07-15 17:48:02]   + جديد: الزيدي من الكونغرس الأميركي: نريد بناء علاقات خارجية متوازنة
[2026-07-15 17:48:04]   + جديد: القيادة الأميركية تنفي ضرب منشأة تخزين قمح إيرانية: هذا كاذب
[2026-07-15 17:48:04] جاري فحص: بغداد اليوم
[2026-07-15 17:48:04]   لا يوجد أخبار جديدة من بغداد اليوم
[2026-07-15 17:48:04] جاري فحص: السومرية نيوز
[2026-07-15 17:48:05]   لا يوجد أخبار جديدة من السومرية نيوز
[2026-07-15 17:48:05] جاري فحص: المدى
[2026-07-15 17:48:05] تعذر فتح صفحة المدى: 403 Client Error: Forbidden for url: https://almadapaper.net/
[2026-07-15 17:48:05]   لا يوجد أخبار جديدة من المدى
[2026-07-15 17:48:05] انتهى التشغيل — أخبار جديدة: 12 — إجمالي محفوظ: 150
[2026-07-15 21:31:43] جاري فحص: شفق نيوز
[2026-07-15 21:31:52]   + جديد: التصدي لسلسلة من الهجمات بالمسيرات في سماء اربيل (تحديث)
[2026-07-15 21:31:53]   + جديد: أبعد من الدبلوماسية.. هل تنجح بغداد في ترجمة اتفاقيات واشنطن
[2026-07-15 21:31:58]   + جديد: بـ"هدايا ميسي".. الأرجنتين تطيح بإنكلترا وتبلغ نهائي مونديال
[2026-07-15 21:32:00]   + جديد: رويترز: السفن تتجنب عبور مضيق هرمز من مسار توجهه القوات الأم
[2026-07-15 21:32:02]   + جديد: تزامناً مع غليان شعبي.. بغداد تبحث في واشنطن حلولاً عاجلة لأ
[2026-07-15 21:32:10]   + جديد: تظاهرتان "غاضبتان" جنوبي العراق احتجاجاً على تردي الكهرباء
[2026-07-15 21:32:12]   + جديد: ترمب: لا استبعد استهداف الحرس الثوري على غرار "داعش"
[2026-07-15 21:32:14]   + جديد: مكافحة الإرهاب الكوردستاني يعلن تدمير 8 مسيرات "مفخخة" في سم
[2026-07-15 21:32:21]   + جديد: كوردستان الإيرانية تطلق مبادرة "خاتونى كورد‌واري" للتعريف بد
[2026-07-15 21:32:23]   + جديد: الجيش الكويتي: اعتراض 25 صاروخاً ومسيّرة دون إصابات
[2026-07-15 21:32:27]   + جديد: الداخلية العراقية: ضبط 44 كغم من الأفيون في منفذ المنذرية
[2026-07-15 21:32:32]   + جديد: هجمات أميركية جديدة على إيران
[2026-07-15 21:32:32] جاري فحص: بغداد اليوم
[2026-07-15 21:32:33]   لا يوجد أخبار جديدة من بغداد اليوم
[2026-07-15 21:32:33] جاري فحص: السومرية نيوز
[2026-07-15 21:32:34]   لا يوجد أخبار جديدة من السومرية نيوز
[2026-07-15 21:32:34] جاري فحص: المدى
[2026-07-15 21:32:34] تعذر فتح صفحة المدى: 403 Client Error: Forbidden for url: https://almadapaper.net/
[2026-07-15 21:32:34]   لا يوجد أخبار جديدة من المدى
[2026-07-15 21:32:34] انتهى التشغيل — أخبار جديدة: 12 — إجمالي محفوظ: 150
[2026-07-16 06:36:36] جاري فحص: شفق نيوز
[2026-07-16 06:36:39]   + جديد: ذي قار.. الأمن الوطني يعتقل شاباً روج لحزب "البعث" المحظور
[2026-07-16 06:36:41]   + جديد: البصرة تعلن الحداد 3 أيام على ضحايا حادث الدهس في الهارثة
[2026-07-16 06:36:43]   + جديد: "سي أن أن": البيت الأبيض حقق في "ثغرات" بالطائرة القطرية الم
[2026-07-16 06:36:44]   + جديد: ارتفاع خامي البصرة رغم تراجع النفط العالمي
[2026-07-16 06:36:46]   + جديد: ضبط 25 عبوة ماء "جديدة" مملوءة بـ"الدولارات" في أحد منازل "ا
[2026-07-16 06:36:48]   + جديد: الأردن يعلن إسقاط 8 صواريخ إيرانية
[2026-07-16 06:36:50]   + جديد: بيانات شحن: هرمز يشهد عبوراً قليلاً للسفن
[2026-07-16 06:36:51]   + جديد: مصرع وإصابة 22 زائراً بحادث سير في البصرة (فيديو)
[2026-07-16 06:36:53]   + جديد: تراجع أسعار الذهب العالمية مع جني الأرباح وترقب تطورات السيا
[2026-07-16 06:36:55]   + جديد: "سنتكوم" تكشف عن حصيلة ضربات الليلة الماضية على إيران
[2026-07-16 06:36:57]   + جديد: مخاوف اتساع الصراع الأميركي الإيراني ترفع النفط لليوم الرابع
[2026-07-16 06:36:59]   + جديد: رئاسة إقليم كوردستان.. مظلة الحل الدستوري وصمام أمان الاستقر
[2026-07-16 06:36:59] جاري فحص: بغداد اليوم
[2026-07-16 06:36:59]   لا يوجد أخبار جديدة من بغداد اليوم
[2026-07-16 06:36:59] جاري فحص: السومرية نيوز
[2026-07-16 06:37:00]   لا يوجد أخبار جديدة من السومرية نيوز
[2026-07-16 06:37:00] جاري فحص: المدى
[2026-07-16 06:37:00] تعذر فتح صفحة المدى: 403 Client Error: Forbidden for url: https://almadapaper.net/
[2026-07-16 06:37:00]   لا يوجد أخبار جديدة من المدى
[2026-07-16 06:37:00] انتهى التشغيل — أخبار جديدة: 12 — إجمالي محفوظ: 150
[2026-07-16 12:10:18] جاري فحص: شفق نيوز
[2026-07-16 12:10:21]   + جديد: العراق ينسق مع سوريا ويشكّل لجنة عليا للتحقيق في إحباط تهريب
[2026-07-16 12:10:23]   + جديد: وسط تهديد بالتصعيد.. أزمة الكهرباء تفجر احتجاجات غاضبة في ذي
[2026-07-16 12:10:25]   + جديد: مخبأة بالنفط الأسود.. تفاصيل إحباط تهريب شحنة أسلحة وصواريخ 
[2026-07-16 12:10:27]   + جديد: بسبب رشوة 50 ألف دولار.. الحكم بالحبس الشديد سنتين بحق النائ
[2026-07-16 12:10:28]   + جديد: تصنيف 2026: العراق بين آخر ثلاث دول عربية في مؤشر التنمية ال
[2026-07-16 12:10:30]   + جديد: إصابة شخص بطعنات وسرقة سيارته بعد اقتحام منزله شرقي صلاح الد
[2026-07-16 12:10:32]   + جديد: "غموض" يحيط بإلغاء رحلة جوية من مطار النجف الى مشهد الإيراني
[2026-07-16 12:10:34]   + جديد: الجمارك السورية تؤكد إحباط محاولة لتهريب مسيرات وصواريخ قادم
[2026-07-16 12:10:36]   + جديد: شاب ينهي حياته لأسباب مجهولة في المثنى
[2026-07-16 12:10:37]   + جديد: قرعة تصفيات كأس آسيا للناشئات تضع العراق مع ماليزيا وسوريا و
[2026-07-16 12:10:39]   + جديد: طائرة مسيرة تصطدم بناقلة نفط بميناء البصرة.. والموانئ تؤكد: 
[2026-07-16 12:10:41]   + جديد: قوة أمنية تعتقل مدير المنتجات النفطية في النجف بتهمة فساد
[2026-07-16 12:10:41] جاري فحص: بغداد اليوم
[2026-07-16 12:10:42]   لا يوجد أخبار جديدة من بغداد اليوم
[2026-07-16 12:10:42] جاري فحص: السومرية نيوز
[2026-07-16 12:10:42]   لا يوجد أخبار جديدة من السومرية نيوز
[2026-07-16 12:10:42] جاري فحص: المدى
[2026-07-16 12:10:42] تعذر فتح صفحة المدى: 403 Client Error: Forbidden for url: https://almadapaper.net/
[2026-07-16 12:10:42]   لا يوجد أخبار جديدة من المدى
[2026-07-16 12:10:42] انتهى التشغيل — أخبار جديدة: 12 — إجمالي محفوظ: 150
[2026-07-16 16:51:57] جاري فحص: شفق نيوز
[2026-07-16 16:51:59]   + جديد: الأمن النيابية توصي بإعفاء قائد القوة البحرية العراقية
[2026-07-16 16:52:01]   + جديد: رسمياً.. الزيدي يزور أنقرة نهاية الشهر الجاري
[2026-07-16 16:52:03]   + جديد: صولة الفجر.. الزيدي قادم من واشنطن لضرب الرؤس الكبيرة
[2026-07-16 16:52:04]   + جديد: مع عطلة نهاية الأسبوع.. أسعار الدولار تستقر ببغداد وتحلق في 
[2026-07-16 16:52:06]   + جديد: تمثيل المرأة السياسي في العراق.. كيف تحولت "الكوتا النسائية"
[2026-07-16 16:52:07]   + جديد: إيران.. تجدد القصف الأميركي على مواقع في بندر عباس
[2026-07-16 16:52:09]   + جديد: انفجارات في ميناء بندر عباس وجزيرة قشم جنوبي إيران
[2026-07-16 16:52:11]   + جديد: الكهرباء العراقية: فقدان 1400 ميغاواط بسبب توقف إمدادات الغا
[2026-07-16 16:52:12]   + جديد: الحوثي يهاجم "مخطط" السعودية بالتعاون مع أميركا وإسرائيل وبر
[2026-07-16 16:52:14]   + جديد: بسبب درجات الحرارة.. كركوك تقلص الدوام الرسمي لشهري تموز وآب
[2026-07-16 16:52:16]   + جديد: النفط يتجاوز 85 دولاراً مع تصاعد التوتر في هرمز
[2026-07-16 16:52:17]   + جديد: رئيس كوريا الجنوبية بلا منزل بعد بيع شقته الوحيدة
[2026-07-16 16:52:17] جاري فحص: بغداد اليوم
[2026-07-16 16:52:18]   لا يوجد أخبار جديدة من بغداد اليوم
[2026-07-16 16:52:18] جاري فحص: السومرية نيوز
[2026-07-16 16:52:18]   لا يوجد أخبار جديدة من السومرية نيوز
[2026-07-16 16:52:18] جاري فحص: المدى
[2026-07-16 16:52:19] تعذر فتح صفحة المدى: 403 Client Error: Forbidden for url: https://almadapaper.net/
[2026-07-16 16:52:19]   لا يوجد أخبار جديدة من المدى
[2026-07-16 16:52:19] انتهى التشغيل — أخبار جديدة: 12 — إجمالي محفوظ: 150
[2026-07-16 20:14:21] جاري فحص: شفق نيوز
[2026-07-16 20:14:23]   + جديد: الجيش الأميركي: بدأنا موجة ضربات جديدة ضد إيران
[2026-07-16 20:14:25]   + جديد: بعد أشهر من الهدوء.. المسيّرات تعبث بأجواء أربيل والرسائل تص
[2026-07-16 20:14:27]   + جديد: تحذير أميركي عاجل من طائرات في سماء العراق: قد تغلق المجال ا
[2026-07-16 20:14:28]   + جديد: إعلام إيراني: الضربات الأميركية استهدفت مطاراً وبرج اتصالات 
[2026-07-16 20:14:30]   + جديد: نظرية الدرج: صياغة جديدة لمعادلة مكافحة الفساد
[2026-07-16 20:14:31]   + جديد: الجيش الأميركي: استهداف وسائل استطلاع ورادارات جنوبي إيران
[2026-07-16 20:14:33]   + جديد: الزيدي يدعو شركة كي بي آر الأميركية لاستثمار "طويل الأمد" في
[2026-07-16 20:14:35]   + جديد: أزمة الكهرباء.. محتجون يقطعون الطرق بإطارات محترقة في الديوا
[2026-07-16 20:14:36]   + جديد: الجيش الكويتي يعلن اعتراض 32 مسيّرة وسقوط شظايا بمناطق سكنية
[2026-07-16 20:14:38]   + جديد: طهران: تصدير النفط إما أن يكون للجميع أو لا يكون لأحد
[2026-07-16 20:14:39]   + جديد: سرقة 150 مليون دينار من أمام مصرف جنوبي العراق
[2026-07-16 20:14:41]   + جديد: مصرف RTB الكوردستاني يفتتح فرعاً في الأنبار لتنشيط الاستثمار
[2026-07-16 20:14:41] جاري فحص: بغداد اليوم
[2026-07-16 20:14:46]   لا يوجد أخبار جديدة من بغداد اليوم
[2026-07-16 20:14:46] جاري فحص: السومرية نيوز
[2026-07-16 20:14:46]   لا يوجد أخبار جديدة من السومرية نيوز
[2026-07-16 20:14:46] جاري فحص: المدى
[2026-07-16 20:14:46] تعذر فتح صفحة المدى: 403 Client Error: Forbidden for url: https://almadapaper.net/
[2026-07-16 20:14:46]   لا يوجد أخبار جديدة من المدى
[2026-07-16 20:14:46] انتهى التشغيل — أخبار جديدة: 12 — إجمالي محفوظ: 150
[2026-07-16 23:41:36] جاري فحص: شفق نيوز
[2026-07-16 23:41:38]   + جديد: مداهمة منازل بحثاً عن أموال فساد جنوب الموصل
[2026-07-16 23:41:40]   + جديد: حريق مأساوي داخل منزل في البصرة يخلف قتيلين و4 مصابين (فيديو
[2026-07-16 23:41:43]   + جديد: ضربات أميركية جديدة تستهدف سكة حديد وجسرين في إيران
[2026-07-16 23:41:44]   + جديد: صواريخ تسقط قرب الحدود العراقية الكويتية مع اتساع الضربات دا
[2026-07-16 23:41:46]   + جديد: الزراعة العراقية تسمح بتسويق أسماك كركوك إلى بغداد والمحافظا
[2026-07-16 23:41:48]   + جديد: "المقاومة العراقية" ترصد 10 ملايين دولار لمن يقتل ترمب
[2026-07-16 23:41:50]   + جديد: معالجة كسر في أنبوب رئيسي لنقل النفط الخام شمالي صلاح الدين
[2026-07-16 23:41:50] جاري فحص: بغداد اليوم
[2026-07-16 23:41:51]   لا يوجد أخبار جديدة من بغداد اليوم
[2026-07-16 23:41:51] جاري فحص: السومرية نيوز
[2026-07-16 23:41:53]   لا يوجد أخبار جديدة من السومرية نيوز
[2026-07-16 23:41:53] جاري فحص: المدى
[2026-07-16 23:41:53] تعذر فتح صفحة المدى: 403 Client Error: Forbidden for url: https://almadapaper.net/
[2026-07-16 23:41:53]   لا يوجد أخبار جديدة من المدى
[2026-07-16 23:41:53] انتهى التشغيل — أخبار جديدة: 7 — إجمالي محفوظ: 150
[2026-07-17 07:34:39] جاري فحص: شفق نيوز
[2026-07-17 07:34:42]   + جديد: قصف صاروخي إيراني يستهدف مقار "كادحي كوردستان" بالسليمانية ي
[2026-07-17 07:34:43]   + جديد: مقتل امرأة على يد شقيقها وإلقاء جثتها في نهر دجلة شمالي صلاح
[2026-07-17 07:34:45]   + جديد: إيران تعلن حصيلة ضحايا الضربات الأمريكية ليلة الجمعة والمجمو
[2026-07-17 07:34:46]   + جديد: مكافحة الإرهاب بإقليم كوردستان تعلن التصدي لـ8 طائرات مسيرة 
[2026-07-17 07:34:48]   + جديد: الأنبار.. مصرع 3 أشخاص إثر حادث مروري في الرمادي
[2026-07-17 07:34:49]   + جديد: "سوق انتقالات".. صفقات جديدة ومفاوضات في نجوم العراق
[2026-07-17 07:34:51]   + جديد: الحرس الثوري يستهدف قاعدة أميركية بالكويت والأردن يعلن التصد
[2026-07-17 07:34:52]   + جديد: الاتحاد الآسيوي يعلن مواعيد مباريات العراق في تصفيات كأس آسي
[2026-07-17 07:34:54]   + جديد: العراق يُفعِّل "العقوبات المالية المستهدفة" لمكافحة غسل الأم
[2026-07-17 07:34:55]   + جديد: احذر الإفراط بها.. الطماطم قد تفاقم هذه الأمراض
[2026-07-17 07:34:57]   + جديد: الدولار يتجه لخسارة أسبوعية بضغط التضخم الأميركي.. والتوترات
[2026-07-17 07:34:59]   + جديد: غارات أميركية تضرب عمق إيران وطهران تهدد هرمز واستنفار دفاعي
[2026-07-17 07:34:59] جاري فحص: بغداد اليوم
[2026-07-17 07:35:08]   لا يوجد أخبار جديدة من بغداد اليوم
[2026-07-17 07:35:08] جاري فحص: السومرية نيوز
[2026-07-17 07:35:08]   لا يوجد أخبار جديدة من السومرية نيوز
[2026-07-17 07:35:08] جاري فحص: المدى
[2026-07-17 07:35:08] تعذر فتح صفحة المدى: 403 Client Error: Forbidden for url: https://almadapaper.net/
[2026-07-17 07:35:08]   لا يوجد أخبار جديدة من المدى
[2026-07-17 07:35:08] انتهى التشغيل — أخبار جديدة: 12 — إجمالي محفوظ: 150
[2026-07-17 12:03:08] جاري فحص: شفق نيوز
[2026-07-17 12:03:10]   + جديد: بالوثيقة.. الرقابة المالية ترصد تعاقد قائد شرطة ذي قار مع 6 
[2026-07-17 12:03:12]   + جديد: بغداد توافق على تزويد إقليم كوردستان بالغاز المسال لتفادي ال
[2026-07-17 12:03:13]   + جديد: في حصيلة رسمية.. "كادحي كوردستان" تعلن مقتل 9 من أفرادها بهج
[2026-07-17 12:03:15]   + جديد: استهداف مقر حزب كادحي كوردستان بصاروخ في سورداش
[2026-07-17 12:03:16]   + جديد: الغريق العاشر هذا العام.. دجلة ينهي حياة شاب في صلاح الدين
[2026-07-17 12:03:18]   + جديد: مناوشات عسكرية تطال ناقلة نفطية وسفينة تجارية قرب عُمان
[2026-07-17 12:03:19]   + جديد: وفق المادة 4 إرهاب.. القبض على 5 إرهابيين في ديالى وكركوك ون
[2026-07-17 12:03:21]   + جديد: شركتان عالميتان تعتزمان استثمار مليارات الدولارات في قطاع ال
[2026-07-17 12:03:22]   + جديد: الحرس الثوري يعلن استهداف قاعدة العديد في قطر وعراقجي يحذر م
[2026-07-17 12:03:24]   + جديد: رئاسة إقليم كوردستان تدين هجمات أربيل والسليمانية: "انتهاك ص
[2026-07-17 12:03:26]   + جديد: عبد الحكيم بشار لشفق نيوز: تمثيل الكورد دون استحقاقهم واتفاق
[2026-07-17 12:03:27]   + جديد: اللجنة العراقية العليا للتحقيق في تهريب أسلحة إلى سوريا تباش
[2026-07-17 12:03:27] جاري فحص: بغداد اليوم
[2026-07-17 12:03:28]   لا يوجد أخبار جديدة من بغداد اليوم
[2026-07-17 12:03:28] جاري فحص: السومرية نيوز
[2026-07-17 12:03:28]   لا يوجد أخبار جديدة من السومرية نيوز
[2026-07-17 12:03:28] جاري فحص: المدى
[2026-07-17 12:03:28] تعذر فتح صفحة المدى: 403 Client Error: Forbidden for url: https://almadapaper.net/
[2026-07-17 12:03:28]   لا يوجد أخبار جديدة من المدى
[2026-07-17 12:03:28] انتهى التشغيل — أخبار جديدة: 12 — إجمالي محفوظ: 150
[2026-07-17 16:42:33] جاري فحص: شفق نيوز
[2026-07-17 16:42:36]   + جديد: حصري.. الكشف عن مشروع أميركي ضخم للطاقة المتجددة في العراق
[2026-07-17 16:42:38]   + جديد: الزيدي: نبحث عن شراكة استثمارية مع واشنطن وليس "مقاولات"
[2026-07-17 16:42:40]   + جديد: باراك: العراق يقود تحالفا استراتيجيا يربط الخليج والشام ومصر
[2026-07-17 16:42:42]   + جديد: بـ"كاريزما ابن سلمان" و"شباب الشرع".. هكذا "سَحر" الزيدي ترم
[2026-07-17 16:42:43]   + جديد: "أكسيوس": ترمب يدرس توسيع الضربات على إيران
[2026-07-17 16:42:45]   + جديد: الإمارات تدين "الهجوم الإيراني" على إقليم كوردستان
[2026-07-17 16:42:47]   + جديد: أول موقف إيراني من زيارة الزيدي إلى واشنطن: مؤسفة و"مهينة لل
[2026-07-17 16:42:49]   + جديد: "فارس": 5 موانئ خليجية على قائمة الاستهداف رداً على ضرب تشاب
[2026-07-17 16:42:51]   + جديد: شفق نيوز تنشر جداول أعمال 3 جلسات للبرلمان خلال الأسبوع المق
[2026-07-17 16:42:53]   + جديد: أرنولد: مورينيو سيقود ريال مدريد لحصد الألقاب
[2026-07-17 16:42:55]   + جديد: الجيش الأميركي: تدمير برج مراقبة بحري للحرس الثوري الإيراني 
[2026-07-17 16:42:56]   + جديد: الحرب قد تعقّدها.. تفاوض باكستاني كويتي لاتفاقية دفاع موسعة
[2026-07-17 16:42:56] جاري فحص: بغداد اليوم
[2026-07-17 16:42:57]   لا يوجد أخبار جديدة من بغداد اليوم
[2026-07-17 16:42:57] جاري فحص: السومرية نيوز
[2026-07-17 16:42:58]   لا يوجد أخبار جديدة من السومرية نيوز
[2026-07-17 16:42:58] جاري فحص: المدى
[2026-07-17 16:42:58] تعذر فتح صفحة المدى: 403 Client Error: Forbidden for url: https://almadapaper.net/
[2026-07-17 16:42:58]   لا يوجد أخبار جديدة من المدى
[2026-07-17 16:42:58] انتهى التشغيل — أخبار جديدة: 12 — إجمالي محفوظ: 150
[2026-07-17 20:16:13] جاري فحص: شفق نيوز
[2026-07-17 20:16:15]   + جديد: الجيش الأميركي ينفذ موجة جديدة من الضربات ضد إيران
[2026-07-17 20:16:17]   + جديد: عراق خارج "عباءة" إيران واندماج عربي جديد.. واشنطن تشد على ي
[2026-07-17 20:16:19]   + جديد: إسقاط 4 مسيرات جديدة في سماء أربيل (فيديوات)
[2026-07-17 20:16:20]   + جديد: بالأسماء.. كشف هوية الشركات وطبيعة الاتفاقيات التي يوقعها ال
[2026-07-17 20:16:22]   + جديد: رسمياً.. العراق يوقع رخصة عمل شركة "ستارلنك"
[2026-07-17 20:16:23]   + جديد: قبيل نهائي المونديال.. ميرينيو: الحد من خطورة ميسي يمثل "تحد
[2026-07-17 20:16:25]   + جديد: إسقاط 4 مسيرات حاولت استهداف القنصلية الأميركية في أربيل
[2026-07-17 20:16:26]   + جديد: واشنطن ترحب بإعادة تأهيل خط أنابيب النفط بين العراق وسوريا
[2026-07-17 20:16:28]   + جديد: مجدداً.. قفزة بأسعار النفط العالمي
[2026-07-17 20:16:30]   + جديد: إيران تعلن استهداف سفينة في هرمز وأميركا تسحب مقاتلات للشرق 
[2026-07-17 20:16:31]   + جديد: الزيدي بعد توقيع الاتفاقيات في واشنطن: أبواب بغداد مفتوحة أم
[2026-07-17 20:16:33]   + جديد: العراق يوقع اتفاقية مع سوريا لمد أنابيب نفط وأخرى مع شركات أ
[2026-07-17 20:16:33] جاري فحص: بغداد اليوم
[2026-07-17 20:16:33]   لا يوجد أخبار جديدة من بغداد اليوم
[2026-07-17 20:16:33] جاري فحص: السومرية نيوز
[2026-07-17 20:16:34]   لا يوجد أخبار جديدة من السومرية نيوز
[2026-07-17 20:16:34] جاري فحص: المدى
[2026-07-17 20:16:34] تعذر فتح صفحة المدى: 403 Client Error: Forbidden for url: https://almadapaper.net/
[2026-07-17 20:16:34]   لا يوجد أخبار جديدة من المدى
[2026-07-17 20:16:34] انتهى التشغيل — أخبار جديدة: 12 — إجمالي محفوظ: 150
[2026-07-17 23:32:35] جاري فحص: شفق نيوز
[2026-07-17 23:32:37]   + جديد: دوي انفجار جديد يهز السليمانية
[2026-07-17 23:32:39]   + جديد: إعلام إيراني: انفجارات في قشم وبوشهر وسيريك وبندر عباس
[2026-07-17 23:32:40]   + جديد: القصف الأميركي يطال "مدن الصواريخ" الإيرانية.. والحرس يعلن ا
[2026-07-17 23:32:42]   + جديد: صيد الرؤساء بالمال: معضلة الردع غير المتناظر وتسييل التهديدا
[2026-07-17 23:32:44]   + جديد: عبر الأطلسي: الهجرة غير النظامية نحو المجهول
[2026-07-17 23:32:45]   + جديد: منصة عقاري ستصيب سوق العقار بالركود
[2026-07-17 23:32:47]   + جديد: ثروة بلا أثر: كيف يلتهم الفساد ميزانيات الخدمات في العراق؟
[2026-07-17 23:32:48]   + جديد: من يحمي من حمى الوطن؟... عندما تصبح التضحية واجباً وتغيب الع
[2026-07-17 23:32:50]   + جديد: البيئة العراقية تمهل مالكي الحيوانات المفترسة 10 أيام لتسليم
[2026-07-17 23:32:52]   + جديد: النرويج.. حريق يلتهم أكثر من 100 منزل
[2026-07-17 23:32:53]   + جديد: الزيدي يدعو الشركات الأميركية للإسهام بإنشاء مدينة الطاقة في
[2026-07-17 23:32:53] جاري فحص: بغداد اليوم
[2026-07-17 23:32:54]   لا يوجد أخبار جديدة من بغداد اليوم
[2026-07-17 23:32:54] جاري فحص: السومرية نيوز
[2026-07-17 23:32:55]   لا يوجد أخبار جديدة من السومرية نيوز
[2026-07-17 23:32:55] جاري فحص: المدى
[2026-07-17 23:32:55] تعذر فتح صفحة المدى: 403 Client Error: Forbidden for url: https://almadapaper.net/
[2026-07-17 23:32:55]   لا يوجد أخبار جديدة من المدى
[2026-07-17 23:32:55] انتهى التشغيل — أخبار جديدة: 11 — إجمالي محفوظ: 150
[2026-07-18 07:10:43] جاري فحص: شفق نيوز
[2026-07-18 07:10:46]   + جديد: خام البصرة يحقق مكاسب أسبوعية بدعم ارتفاع النفط
[2026-07-18 07:10:48]   + جديد: بسبب الهجمات الإيرانية.. تعليق الرحلات الجوية في مطاري أربيل
[2026-07-18 07:10:50]   + جديد: زلزال قوي يضرب جنوب شرق تركيا
[2026-07-18 07:10:51]   + جديد: العراق يواجه عُمان لحسم صدارة المجموعة الثانية في بطولة غرب 
[2026-07-18 07:10:53]   + جديد: الكويت تعلن تضرر محطة كهرباء وتعيد جدولة رحلاتها الجوية بعد 
[2026-07-18 07:10:55]   + جديد: اليوم.. فرنسا وإنكلترا تتنافسان على المركز الثالث في مونديال
[2026-07-18 07:10:57]   + جديد: تفاصيل هجمات إيرانية على الكويت والبحرين والأردن
[2026-07-18 07:10:59]   + جديد: ميسي عن صورة يامال: لم أتخيل أن أواجه ذلك الطفل بنهائي المون
[2026-07-18 07:10:59] جاري فحص: بغداد اليوم
[2026-07-18 07:11:00]   لا يوجد أخبار جديدة من بغداد اليوم
[2026-07-18 07:11:00] جاري فحص: السومرية نيوز
[2026-07-18 07:11:02]   لا يوجد أخبار جديدة من السومرية نيوز
[2026-07-18 07:11:02] جاري فحص: المدى
[2026-07-18 07:11:02] تعذر فتح صفحة المدى: 403 Client Error: Forbidden for url: https://almadapaper.net/
[2026-07-18 07:11:02]   لا يوجد أخبار جديدة من المدى
[2026-07-18 07:11:02] انتهى التشغيل — أخبار جديدة: 8 — إجمالي محفوظ: 150
[2026-07-18 11:18:40] جاري فحص: شفق نيوز
[2026-07-18 11:18:43]   + جديد: تحت وطأة التوترات.. العملة الإيرانية تسجل هبوطاً تاريخياً وا
[2026-07-18 11:18:45]   + جديد: الطائرات الجاثمة و"بوابة بغداد".. البرلمان يحقق بملفات الخطو
[2026-07-18 11:18:47]   + جديد: السليمانية تعلق رحلتين والملاحة الجوية بمطار أربيل طبيعية
[2026-07-18 11:18:48]   + جديد: الزيدي: التفاهم مع الخزانة الأميركية خطوة استراتيجية لتمهيد 
[2026-07-18 11:18:50]   + جديد: الكويت.. إصابات وخسائر جراء هجوم إيراني على مواقع نفطية
[2026-07-18 11:18:52]   + جديد: الأكبر منذ عامين.. هجوم أوكراني بـ 370 مسيرة على موسكو
[2026-07-18 11:18:54]   + جديد: توقف خروج ناقلات النفط عبر هرمز لليوم الثالث
[2026-07-18 11:18:56]   + جديد: نتائج "سلبية" لتعقب الأموال.. كيف تعبث "صور الفساد" بنفوس ال
[2026-07-18 11:18:58]   + جديد: بين أبرز المشترين الأجانب.. العراقيون يقتنون نحو 100 منزل في
[2026-07-18 11:19:00]   + جديد: سوريا.. صلح عشائري ينهي نزاعاً دام قرناً في دير الزور (صور)
[2026-07-18 11:19:01]   + جديد: بعد زلزال تركيا.. الرصد الزلزالي العراقي: لا مؤشرات على نشاط
[2026-07-18 11:19:03]   + جديد: بحضور ترمب.. العراق يشارك باجتماع اتحادات "الفيفا" في نيويور
[2026-07-18 11:19:03] جاري فحص: بغداد اليوم
[2026-07-18 11:19:04]   لا يوجد أخبار جديدة من بغداد اليوم
[2026-07-18 11:19:04] جاري فحص: السومرية نيوز
[2026-07-18 11:19:04]   لا يوجد أخبار جديدة من السومرية نيوز
[2026-07-18 11:19:04] جاري فحص: المدى
[2026-07-18 11:19:05] تعذر فتح صفحة المدى: 403 Client Error: Forbidden for url: https://almadapaper.net/
[2026-07-18 11:19:05]   لا يوجد أخبار جديدة من المدى
[2026-07-18 11:19:05] انتهى التشغيل — أخبار جديدة: 12 — إجمالي محفوظ: 150
[2026-07-18 14:41:50] جاري فحص: شفق نيوز
[2026-07-18 14:41:53]   + جديد: الدولار يتراجع في بغداد وأربيل مع إغلاق التداولات
[2026-07-18 14:41:55]   + جديد: رغم بقائه وجهة رئيسية.. تراجع صادرات تركيا إلى العراق لـ 2.3
[2026-07-18 14:41:56]   + جديد: تفاهم عراقي أميركي يقضي بإعادة المصارف المقيدة إلى قنوات الم
[2026-07-18 14:41:58]   + جديد: انتحار امرأة وفتاة في بغداد.. وانتشال جثة شاب غريق من نهر دج
[2026-07-18 14:42:00]   + جديد: إيران تعلن تعليق التزاماتها في مذكرة التفاهم مع أميركا
[2026-07-18 14:42:02]   + جديد: تركيا.. توقيف 119 متهماً بالانتماء لـ"داعش"
[2026-07-18 14:42:04]   + جديد: كورد سوريا يدينون هجمات كوردستان ويدعون للتحرك
[2026-07-18 14:42:06]   + جديد: تحسباً لهجمات محتملة.. ألمانيا ترفع مستوى التأهب الأمني إلى 
[2026-07-18 14:42:07]   + جديد: الجامعة العربية تصف الهجمات الإيرانية على إقليم كوردستان وال
[2026-07-18 14:42:09]   + جديد: هل تكفي مصافحات الزيدي وترمب؟.. قراءة أميركية في سيناريوهات 
[2026-07-18 14:42:11]   + جديد: إيران: تعطل 116 برج اتصالات في القصف الأميركي
[2026-07-18 14:42:13]   + جديد: السليمانية.. أعمدة الدخان تغطي تاسلوجة إثر احتراق صهريج (صور
[2026-07-18 14:42:13] جاري فحص: بغداد اليوم
[2026-07-18 14:42:13]   لا يوجد أخبار جديدة من بغداد اليوم
[2026-07-18 14:42:13] جاري فحص: السومرية نيوز
[2026-07-18 14:42:14]   لا يوجد أخبار جديدة من السومرية نيوز
[2026-07-18 14:42:14] جاري فحص: المدى
[2026-07-18 14:42:14] تعذر فتح صفحة المدى: 403 Client Error: Forbidden for url: https://almadapaper.net/
[2026-07-18 14:42:14]   لا يوجد أخبار جديدة من المدى
[2026-07-18 14:42:14] انتهى التشغيل — أخبار جديدة: 12 — إجمالي محفوظ: 150
[2026-07-18 18:08:20] جاري فحص: شفق نيوز
[2026-07-18 18:08:23]   + جديد: التعليم العراقية تمنع الموظفين والنواب والوزراء من الدراسة ا
[2026-07-18 18:08:25]   + جديد: 10 تريليونات دينار.. قيمة أولية للتسوية مع المعتقلين بتهم ال
[2026-07-18 18:08:27]   + جديد: مؤسسة "روانگه" تنجز مشروع إعادة تأهيل منظومة مياه الشرب في خ
[2026-07-18 18:08:29]   + جديد: المنتخب العراقي لكرة الطائرة يتأهل إلى نصف نهائي غرب آسيا
[2026-07-18 18:08:31]   + جديد: الجيش الأميركي يعلن مقتل جنديين في الأردن بضربة إيرانية
[2026-07-18 18:08:32]   + جديد: الصين "تزيح" ماركات عالمية.. استهلاك الوقود يغير خارطة مبيعا
[2026-07-18 18:08:34]   + جديد: دعا الشعب لـ"التماسك".. خامنئي: إيران وجبهة المقاومة تقدمان 
[2026-07-18 18:08:36]   + جديد: شرطة ديالى: منتسب مكافحة الإجرام قُتل بسبب خلاف مالي ولم ينت
[2026-07-18 18:08:38]   + جديد: ريال مدريد يغلق الباب أمام صفقة رودري ويحدد أولوياته في المي
[2026-07-18 18:08:40]   + جديد: مقتل شاب وإصابة والده إثر خلاف في سوق الذهب وسط أربيل
[2026-07-18 18:08:42]   + جديد: مبدأ التناسب في القانون "أداة لتحقيق العدالة والتوازن بين ال
[2026-07-18 18:08:44]   + جديد: عمدة نيويورك: نتنياهو "مجرم حرب" وقد يتم اعتقاله بحال دخوله 
[2026-07-18 18:08:44] جاري فحص: بغداد اليوم
[2026-07-18 18:08:44]   لا يوجد أخبار جديدة من بغداد اليوم
[2026-07-18 18:08:44] جاري فحص: السومرية نيوز
[2026-07-18 18:08:45]   لا يوجد أخبار جديدة من السومرية نيوز
[2026-07-18 18:08:45] جاري فحص: المدى
[2026-07-18 18:08:45] تعذر فتح صفحة المدى: 403 Client Error: Forbidden for url: https://almadapaper.net/
[2026-07-18 18:08:45]   لا يوجد أخبار جديدة من المدى
[2026-07-18 18:08:45] انتهى التشغيل — أخبار جديدة: 12 — إجمالي محفوظ: 150
[2026-07-18 21:09:58] جاري فحص: شفق نيوز
[2026-07-18 21:10:00]   + جديد: تقرير إيراني: 90% من حرائق غابات "زاكروس" في إيلام "عمدية"
[2026-07-18 21:10:02]   + جديد: الزيدي يعلن اختتام زيارته لواشنطن: سنجسد الشراكة الاقتصادية 
[2026-07-18 21:10:04]   + جديد: 45 جريحاً وموقوفاً بنزاع عشائري في كركوك
[2026-07-18 21:10:05]   + جديد: واشنطن تحذر رعاياها: إيران قد تستهدف مصالحنا في جميع أنحاء ا
[2026-07-18 21:10:07]   + جديد: موجة حر "خانقة" تجتاح إيلام
[2026-07-18 21:10:08]   + جديد: الاستخبارات "أول زائر".. اعتقال صاحب مركز مساج في النجف بعد 
[2026-07-18 21:10:10]   + جديد: مصرع مدير مركز شرطة بحادث سير في بابل
[2026-07-18 21:10:11]   + جديد: بيان مشترك.. أوروبا والخليج ترفضان فرض القيود على الملاحة في
[2026-07-18 21:10:13]   + جديد: "سنتكوم": تحويل مسار 5 سفن تجارية وتعطيل واحدة في هرمز
[2026-07-18 21:10:14]   + جديد: نفط الشمال تستعد لبدء استقبال وضخ الخام العراقي باتجاه ميناء
[2026-07-18 21:10:16]   + جديد: العراق يزحف نحو الصحراء.. 78% من الأراضي مهددة بالتصحر
[2026-07-18 21:10:17]   + جديد: بافل طالباني: العدوان الإيراني على إقليم كوردستان "انتهاك خط
[2026-07-18 21:10:17] جاري فحص: بغداد اليوم
[2026-07-18 21:10:18]   لا يوجد أخبار جديدة من بغداد اليوم
[2026-07-18 21:10:18] جاري فحص: السومرية نيوز
[2026-07-18 21:10:18]   لا يوجد أخبار جديدة من السومرية نيوز
[2026-07-18 21:10:18] جاري فحص: المدى
[2026-07-18 21:10:18] تعذر فتح صفحة المدى: 403 Client Error: Forbidden for url: https://almadapaper.net/
[2026-07-18 21:10:18]   لا يوجد أخبار جديدة من المدى
[2026-07-18 21:10:18] انتهى التشغيل — أخبار جديدة: 12 — إجمالي محفوظ: 150
[2026-07-19 06:48:28] جاري فحص: شفق نيوز
[2026-07-19 06:48:30]   + جديد: للأسبوع الثالث على التوالي.. أميركا لا تستورد النفط الخام من
[2026-07-19 06:48:32]   + جديد: بسبب الديون.. مفوض في أمن المطارات يحرق نفسه داخل منزله ببغد
[2026-07-19 06:48:34]   + جديد: بدواعي "الشرف".. مقتل رجل برصاص أقارب زوج امرأة ضُبط داخل من
[2026-07-19 06:48:35]   + جديد: عمليات متزامنة في كركوك والأنبار.. الإطاحة بإرهابيين وتدمير 
[2026-07-19 06:48:37]   + جديد: لمدة 3 أيام فقط.. كيف يؤثر تقليل استخدام الهواتف الذكية على 
[2026-07-19 06:48:38]   + جديد: مبابي: ميسي سيسجل في إسبانيا
[2026-07-19 06:48:40]   + جديد: أميركا تجدد رفضها لانخراط إسرائيل في ضرب إيران وترسل عشرات ا
[2026-07-19 06:48:42]   + جديد: سطو مسلح يطال محال الذهب في الشرقاط.. و الأمن يطيح بأحد المن
[2026-07-19 06:48:43]   + جديد: صدام الأبطال.. إسبانيا والأرجنتين في نهائي تاريخي لمونديال 2
[2026-07-19 06:48:45]   + جديد: الضربات الأمريكية تطال وسط إيران.. وترامب: المنطقة قد تنزلق 
[2026-07-19 06:48:47]   + جديد: سقوط حطام مسيّرة يشعل أراضي زراعية في دهوك
[2026-07-19 06:48:48]   + جديد: (تحديث).. إصابة ثمانية من بيشمركة حزب كوردي إيراني بهجوم مسي
[2026-07-19 06:48:48] جاري فحص: بغداد اليوم
[2026-07-19 06:48:49]   لا يوجد أخبار جديدة من بغداد اليوم
[2026-07-19 06:48:49] جاري فحص: السومرية نيوز
[2026-07-19 06:48:49]   لا يوجد أخبار جديدة من السومرية نيوز
[2026-07-19 06:48:49] جاري فحص: المدى
[2026-07-19 06:48:49] تعذر فتح صفحة المدى: 403 Client Error: Forbidden for url: https://almadapaper.net/
[2026-07-19 06:48:49]   لا يوجد أخبار جديدة من المدى
[2026-07-19 06:48:49] انتهى التشغيل — أخبار جديدة: 12 — إجمالي محفوظ: 150
[2026-07-19 11:20:35] جاري فحص: شفق نيوز
[2026-07-19 11:20:37]   + جديد: مدينتان عراقيتان بين الأعلى حرارة في العالم خلال 24 ساعة
[2026-07-19 11:20:39]   + جديد: بقيمة 4.5 مليارات دينار.. اعتقال مسؤول في كهرباء بغداد بتهمة
[2026-07-19 11:20:40]   + جديد: ثلاث ناقلات تستعد لتحميل 6 ملايين برميل من النفط في موانئ ال
[2026-07-19 11:20:42]   + جديد: العراق في صدارة الأسواق المستوردة للحبوب والبذور الزيتية من 
[2026-07-19 11:20:44]   + جديد: البرلمان العراقي يصوت على إلغاء تعيين رئيس مجلس الخدمة ونائب
[2026-07-19 11:20:45]   + جديد: بيانات شحن: العراق يقود نمو صادرات النفط الخليجية رغم أزمة ه
[2026-07-19 11:20:47]   + جديد: الأردن تنفي بيان السفارة الأميركية: لا تهديد في العقبة
[2026-07-19 11:20:49]   + جديد: الكشف عن إجراءات لتمكين ضحايا النظام السابق من التعويض (وثيق
[2026-07-19 11:20:50]   + جديد: ماذا كتب ميسي في يوم نهائي المونديال؟
[2026-07-19 11:20:52]   + جديد: حاملا مبادرة.. الزيدي يزور إيران "وسيطا" لإنهاء التصعيد مع أ
[2026-07-19 11:20:53]   + جديد: عبر امرأة.. نقابة المحامين تعلن تفكيك شبكة استدراج وابتزاز و
[2026-07-19 11:20:55]   + جديد: الحرس الثوري يعلن استهداف سفينتين في هرمز
[2026-07-19 11:20:55] جاري فحص: بغداد اليوم
[2026-07-19 11:20:56]   لا يوجد أخبار جديدة من بغداد اليوم
[2026-07-19 11:20:56] جاري فحص: السومرية نيوز
[2026-07-19 11:20:56]   لا يوجد أخبار جديدة من السومرية نيوز
[2026-07-19 11:20:56] جاري فحص: المدى
[2026-07-19 11:20:56] تعذر فتح صفحة المدى: 403 Client Error: Forbidden for url: https://almadapaper.net/
[2026-07-19 11:20:56]   لا يوجد أخبار جديدة من المدى
[2026-07-19 11:20:56] انتهى التشغيل — أخبار جديدة: 12 — إجمالي محفوظ: 150
[2026-07-19 14:43:26] جاري فحص: شفق نيوز
[2026-07-19 14:43:30]   + جديد: "PAK": طهران هاجمت مقرنا في أربيل بالفوسفور الأبيض
[2026-07-19 14:43:32]   + جديد: حملة مكافحة الفساد.. قائمة جديدة بـ127 شخصية "تهرب الأموال و
[2026-07-19 14:43:34]   + جديد: بدأ سريعا.. الزيدي يضع في قطر الخطوط الأولى لـ"مسار باراك"
[2026-07-19 14:43:36]   + جديد: البرلمان يعتزم تشريع قانون جديد على غرار المفتشين العموميين
[2026-07-19 14:43:37]   + جديد: الطاقة الذرية تحقق في استهداف موقع نووي إيراني
[2026-07-19 14:43:39]   + جديد: القبض على متهم بـ"التحرش والاعتداء الجنسي" على فتيات قاصرات 
[2026-07-19 14:43:41]   + جديد: بينها "التظليل" المجاني وخفض الغرامات.. توضيح لتعديل قانون ا
[2026-07-19 14:43:43]   + جديد: الفرق بين الصناديق الاستثمارية والأسهم: أيهما يناسب أهدافك؟
[2026-07-19 14:43:45]   + جديد: دوي انفجار في عبادان جنوب غربي إيران
[2026-07-19 14:43:47]   + جديد: الكهرباء العراقية تربط قلة تجهيز الطاقة بالحرب الإقليمية و"ا
[2026-07-19 14:43:48]   + جديد: حارة اليهود في دمشق.. "إرث الألفي عام" يعود الى الواجهة (صور
[2026-07-19 14:43:50]   + جديد: انخفاض جديد بأسعار الدولار في بغداد وأربيل مع الإغلاق
[2026-07-19 14:43:50] جاري فحص: بغداد اليوم
[2026-07-19 14:43:53]   لا يوجد أخبار جديدة من بغداد اليوم
[2026-07-19 14:43:53] جاري فحص: السومرية نيوز
[2026-07-19 14:43:54]   لا يوجد أخبار جديدة من السومرية نيوز
[2026-07-19 14:43:54] جاري فحص: المدى
[2026-07-19 14:43:54] تعذر فتح صفحة المدى: 403 Client Error: Forbidden for url: https://almadapaper.net/
[2026-07-19 14:43:54]   لا يوجد أخبار جديدة من المدى
[2026-07-19 14:43:54] انتهى التشغيل — أخبار جديدة: 12 — إجمالي محفوظ: 150
[2026-07-19 18:09:40] جاري فحص: شفق نيوز
[2026-07-19 18:09:42]   + جديد: كركوك.. توقف 138 مولدة أهلية يشعل احتجاجات وسط أزمة وقود خان
[2026-07-19 18:09:44]   + جديد: "مربع التراث المنسي".. أضرحة صوفية ومقامات تاريخية تتآكل في 
[2026-07-19 18:09:45]   + جديد: أجور زهيدة.. معلمات المدارس الأهلية يواجهن "الأمرّين"
[2026-07-19 18:09:47]   + جديد: الكويت تدين "هجوماً إيرانياً" جديداً استهدف محطة لتوليد الكه
[2026-07-19 18:09:48]   + جديد: كلار.. اعتقال نسوة يسرقن مستلزمات تجميل
[2026-07-19 18:09:50]   + جديد: ثلاث حوادث متفرقة تودي بحياة شابين وصبي في ذي قار
[2026-07-19 18:09:51]   + جديد: تأكيداً لشفق نيوز.. بدء الترتيبات الرسمية لزيارة الزيدي إلى 
[2026-07-19 18:09:53]   + جديد: الجيش الإيراني يعلن إسقاط مسيّرة ثانية من طراز إم كيو 9 غربي
[2026-07-19 18:09:55]   + جديد: الجيش الإسرائيلي يعلن اعتراض مسيّرة على الحدود مع سوريا
[2026-07-19 18:09:56]   + جديد: تقديرات إسرائيلية: هجوم صاروخي إيراني خلال ساعات
[2026-07-19 18:09:58]   + جديد: غرق طفل بنهر دجلة في صلاح الدين
[2026-07-19 18:09:59]   + جديد: واشنطن ترسل مقاتلات F-16 وF-35 إضافية إلى الشرق الأوسط
[2026-07-19 18:09:59] جاري فحص: بغداد اليوم
[2026-07-19 18:09:59]   لا يوجد أخبار جديدة من بغداد اليوم
[2026-07-19 18:09:59] جاري فحص: السومرية نيوز
[2026-07-19 18:10:01]   لا يوجد أخبار جديدة من السومرية نيوز
[2026-07-19 18:10:01] جاري فحص: المدى
[2026-07-19 18:10:01] تعذر فتح صفحة المدى: 403 Client Error: Forbidden for url: https://almadapaper.net/
[2026-07-19 18:10:01]   لا يوجد أخبار جديدة من المدى
[2026-07-19 18:10:01] انتهى التشغيل — أخبار جديدة: 12 — إجمالي محفوظ: 150
[2026-07-19 21:11:40] جاري فحص: شفق نيوز
[2026-07-19 21:11:42]   + جديد: قوة من النزاهة تداهم مزرعتي شبل الزيدي وأحمد الأسدي في بغداد
[2026-07-19 21:11:44]   + جديد: مجلس عزاء حسيني على طريق الزوار يجسد بساطة الريف العراقي (صو
[2026-07-19 21:11:46]   + جديد: مركز حقوقي يحذر: بطالة الشباب في العراق تبلغ 35.8%
[2026-07-19 21:11:48]   + جديد: 30 تريليون دينار.. نائب عراقي يكشف هدر "منصات تعليمية" (وثيق
[2026-07-19 21:11:50]   + جديد: ارتفاع حصيلة قتلى المعارك بين "قسد" والحكومة الانتقالية في س
[2026-07-19 21:11:52]   + جديد: ليلة استثنائية في أربيل.. حشود غفيرة تملأ الشوارع والمقاهي ل
[2026-07-19 21:11:53]   + جديد: 9 إصابات بإطلاق نار في ولاية أريزونا الأميركية
[2026-07-19 21:11:55]   + جديد: الأنبار.. إلقاء القبض على المتهمين الرئيسيين بتهريب الأسلحة 
[2026-07-19 21:11:57]   + جديد: "سنتكوم": مقتل جندي أميركي وإصابة آخر بتفجير ذخائر مسيّرة إي
[2026-07-19 21:11:59]   + جديد: وزير الكهرباء "يطلب" من البرلمان العراقي استضافته لمكاشفة ال
[2026-07-19 21:12:01]   + جديد: بعد كركوك.. احتجاجات على تردي الكهرباء في المثنى (فيديو)
[2026-07-19 21:12:03]   + جديد: كوردستان: القلعة الأخيرة للاستقرار في منطقة ملتهبة
[2026-07-19 21:12:03] جاري فحص: بغداد اليوم
[2026-07-19 21:12:05]   لا يوجد أخبار جديدة من بغداد اليوم
[2026-07-19 21:12:05] جاري فحص: السومرية نيوز
[2026-07-19 21:12:06]   لا يوجد أخبار جديدة من السومرية نيوز
[2026-07-19 21:12:06] جاري فحص: المدى
[2026-07-19 21:12:06] تعذر فتح صفحة المدى: 403 Client Error: Forbidden for url: https://almadapaper.net/
[2026-07-19 21:12:06]   لا يوجد أخبار جديدة من المدى
[2026-07-19 21:12:06] انتهى التشغيل — أخبار جديدة: 12 — إجمالي محفوظ: 150
[2026-07-20 08:27:04] جاري فحص: شفق نيوز
[2026-07-20 08:27:06]   + جديد: هبوط جديد بأسعار الذهب في بغداد وأربيل
[2026-07-20 08:27:08]   + جديد: الحكومة العراقية: اهتمام كبير بدور بغداد المتوازن لتخفيف الت
[2026-07-20 08:27:09]   + جديد: "أهلا بكم في بغداد".. ترمب يمنح الزيدي مفتاح التهدئة الإقليم
[2026-07-20 08:27:11]   + جديد: الدولار يواصل النزول في بغداد واربيل
[2026-07-20 08:27:12]   + جديد: ما هو صندوق الاستثمار العقاري REIT وكيف يعمل؟
[2026-07-20 08:27:14]   + جديد: التربية تعلن معدلات البقاء لطلبة المتميزين والمتفوقين وكلية 
[2026-07-20 08:27:15]   + جديد: إحباط تهريب 127 ألف قطعة دوائية إلى ديالى (صور)
[2026-07-20 08:27:17]   + جديد: مونديال 2026.. الوجه الآخر لكأس العالم بين الدموع والجدل وال
[2026-07-20 08:27:18]   + جديد: تدمير 6 مضافات لـ"داعش" واعتقال متهم بـ"البعث" في كركوك والأ
[2026-07-20 08:27:20]   + جديد: رودري: عدت من الجحيم.. وميسي أفضل لاعب في التاريخ
[2026-07-20 08:27:21]   + جديد: بالربع الثاني لـ2026.. الصين تصدّر بضائع للعراق بقيمة 3.2 مل
[2026-07-20 08:27:22]   + جديد: النزاهة تضبط مسؤولاً بديوان محافظة ديالى "تسبَّب بخطأ الجسيم
[2026-07-20 08:27:22] جاري فحص: بغداد اليوم
[2026-07-20 08:27:23]   لا يوجد أخبار جديدة من بغداد اليوم
[2026-07-20 08:27:23] جاري فحص: السومرية نيوز
[2026-07-20 08:27:24]   لا يوجد أخبار جديدة من السومرية نيوز
[2026-07-20 08:27:24] جاري فحص: المدى
[2026-07-20 08:27:24] تعذر فتح صفحة المدى: 403 Client Error: Forbidden for url: https://almadapaper.net/
[2026-07-20 08:27:24]   لا يوجد أخبار جديدة من المدى
[2026-07-20 08:27:24] انتهى التشغيل — أخبار جديدة: 12 — إجمالي محفوظ: 150
[2026-07-20 15:31:47] جاري فحص: شفق نيوز
[2026-07-20 15:31:49]   + جديد: مع الاغلاق.. انخفاض مستمر لأسعار الدولار في بغداد واربيل
[2026-07-20 15:31:51]   + جديد: إقليم كوردستان يبدأ بتطبيق تسعيرة جديدة للبنزين ويحذر المحطا
[2026-07-20 15:31:53]   + جديد: خطة الأربعينية تدخل حيز التنفيذ والمواكب تبدأ الانتشار على ط
[2026-07-20 15:31:54]   + جديد: للمرة الأولى منذ 2025.. "سومو" العراقية تطلب شراء زيت الغاز
[2026-07-20 15:31:56]   + جديد: "أكسيوس": غدا يبدأ انسحاب إسرائيل "التجريبي" من مناطق جنوبي 
[2026-07-20 15:31:58]   + جديد: وزارتا الخارجية والداخلية تتفقان على وضع حلول لمشاكل الجاليا
[2026-07-20 15:31:59]   + جديد: إعلام إيراني: دوي انفجار في شيراز
[2026-07-20 15:32:01]   + جديد: رغم القرار الحكومي.. أسعار البنزين تلتهب في كوردستان (صور)
[2026-07-20 15:32:03]   + جديد: نيجيرفان بارزاني يهنئ بيرنهام على تعيينه رئيساً لوزراء بريطا
[2026-07-20 15:32:04]   + جديد: مجدداً.. الحرس الثوري يعلن استهداف مواقع أميركية في البحرين 
[2026-07-20 15:32:06]   + جديد: الأولمبية العراقية تشكل إدارة مؤقتة جديدة لنادي كربلاء (وثيق
[2026-07-20 15:32:07]   + جديد: نيجيرفان بارزاني يشيد بالقنصل البريطاني في كوردستان بمناسبة 
[2026-07-20 15:32:07] جاري فحص: بغداد اليوم
[2026-07-20 15:32:08]   لا يوجد أخبار جديدة من بغداد اليوم
[2026-07-20 15:32:08] جاري فحص: السومرية نيوز
[2026-07-20 15:32:09]   لا يوجد أخبار جديدة من السومرية نيوز
[2026-07-20 15:32:09] جاري فحص: المدى
[2026-07-20 15:32:09] تعذر فتح صفحة المدى: 403 Client Error: Forbidden for url: https://almadapaper.net/
[2026-07-20 15:32:09]   لا يوجد أخبار جديدة من المدى
[2026-07-20 15:32:09] انتهى التشغيل — أخبار جديدة: 12 — إجمالي محفوظ: 150
[2026-07-20 20:49:07] جاري فحص: شفق نيوز
[2026-07-20 20:49:09]   + جديد: الإطار التنسيقي يعلن دعمه للاتفاقات التي أبرمها الزيدي مع وا
[2026-07-20 20:49:11]   + جديد: الإطاحة بـ"العقل المدبر" لتهريب الأسلحة إلى سوريا في الأنبار
[2026-07-20 20:49:12]   + جديد: قراءة إيرانية: بغداد لن تنقلب على طهران وعلى حكومة الزيدي ال
[2026-07-20 20:49:14]   + جديد: ترمب: في كل مرة تقتل إيران جنديا أميركيا ستدفع الثمن أضعافا 
[2026-07-20 20:49:15]   + جديد: مسلحون يفتحون نيران أسلحتهم على عائلة كاملة في كركوك
[2026-07-20 20:49:17]   + جديد: مدير الأمن السيبراني العراقي يستقيل من منصبه احتجاجاً على "ا
[2026-07-20 20:49:18]   + جديد: إعلام إيراني: انفجارات في قشم وبندرعباس وبوشهر (تحديث)
[2026-07-20 20:49:21]   + جديد: الجيش الأميركي يعلن بدء جولة جديدة من الضربات ضد إيران
[2026-07-20 20:49:22]   + جديد: اللجنة العليا للزيارات المليونية تستعد لزيارة "الأربعين" من 
[2026-07-20 20:49:24]   + جديد: تغييرات وزارية في مناصب الموانئ العراقية
[2026-07-20 20:49:26]   + جديد: تطويق ديوان محافظة صلاح الدين للقبض على 55 موظفاً متهمين بال
[2026-07-20 20:49:27]   + جديد: "ممر الموت".. بوابة إلزامية لمواطني ديالى قبل تسديد ضرائبهم 
[2026-07-20 20:49:27] جاري فحص: بغداد اليوم
[2026-07-20 20:49:28]   لا يوجد أخبار جديدة من بغداد اليوم
[2026-07-20 20:49:28] جاري فحص: السومرية نيوز
[2026-07-20 20:49:28]   لا يوجد أخبار جديدة من السومرية نيوز
[2026-07-20 20:49:28] جاري فحص: المدى
[2026-07-20 20:49:28] تعذر فتح صفحة المدى: 403 Client Error: Forbidden for url: https://almadapaper.net/
[2026-07-20 20:49:28]   لا يوجد أخبار جديدة من المدى
[2026-07-20 20:49:28] انتهى التشغيل — أخبار جديدة: 12 — إجمالي محفوظ: 150
[2026-07-21 00:15:03] جاري فحص: شفق نيوز
[2026-07-21 00:15:05]   + جديد: أحمد الأسدي يقر بضبط أموال في أحد ممتلكاته: متعاون مع القضاء
[2026-07-21 00:15:07]   + جديد: إسرائيل على خط التصعيد.. ترمب يدرس توسيع الحرب بضرب طهران وا
[2026-07-21 00:15:08]   + جديد: أسعار النفط تسجل ارتفاعا جديداً مع الضربات الأميركية على إير
[2026-07-21 00:15:10]   + جديد: قرار خفض أسعار الوقود في إقليم كوردستان يدخل حيز التنفيذ
[2026-07-21 00:15:10] جاري فحص: بغداد اليوم
[2026-07-21 00:15:11]   لا يوجد أخبار جديدة من بغداد اليوم
[2026-07-21 00:15:11] جاري فحص: السومرية نيوز
[2026-07-21 00:15:12]   لا يوجد أخبار جديدة من السومرية نيوز
[2026-07-21 00:15:12] جاري فحص: المدى
[2026-07-21 00:15:12] تعذر فتح صفحة المدى: 403 Client Error: Forbidden for url: https://almadapaper.net/
[2026-07-21 00:15:12]   لا يوجد أخبار جديدة من المدى
[2026-07-21 00:15:12] انتهى التشغيل — أخبار جديدة: 4 — إجمالي محفوظ: 150
[2026-07-21 09:43:18] جاري فحص: شفق نيوز
[2026-07-21 09:43:20]   + جديد: الأرز يتصدر القائمة.. العراق يستورد بضائع هندية بقيمة 545 مل
[2026-07-21 09:43:21]   + جديد: القضاء العراقي: السجن 5 سنوات بحق مدانين اثنين بنشر أفكار مت
[2026-07-21 09:43:23]   + جديد: الشمري مديراً ونعيمة أميناً للسر.. تغييرات رفيعة في مكتب الق
[2026-07-21 09:43:24]   + جديد: الأردن والبحرين تعلنان تحييد هجمات إيرانية جديدة
[2026-07-21 09:43:26]   + جديد: حصري.. واشنطن تنتظر من بغداد "قرارات جريئة" لتطبيق الشراكات 
[2026-07-21 09:43:28]   + جديد: سوريا تضبط 226 قنبلة داخل سيارة كانت متجهة للبنان
[2026-07-21 09:43:30]   + جديد: نينوى تهيئ 20 ألف دونم لإنشاء 100 ألف وحدة سكنية
[2026-07-21 09:43:31]   + جديد: بـ"السياح" والقيمر.. نساء الفهود يستقبلن زائري الأربعين مع ا
[2026-07-21 09:43:33]   + جديد: ارتفاع جديد بأسعار الذهب في بغداد وأربيل
[2026-07-21 09:43:34]   + جديد: العراق يتسلم من الصين 15 زورقاً و3 عبارات.. إحداها تتسع لـ50
[2026-07-21 09:43:36]   + جديد: بين إلزام أربيل ودعم السليمانية.. هل تنجح التسعيرة الحكومية 
[2026-07-21 09:43:37]   + جديد: لمصلحة الطفل.. محامون يرفضون دعاوى إسقاط الحضانة عن الأمهات
[2026-07-21 09:43:37] جاري فحص: بغداد اليوم
[2026-07-21 09:43:46]   لا يوجد أخبار جديدة من بغداد اليوم
[2026-07-21 09:43:46] جاري فحص: السومرية نيوز
[2026-07-21 09:43:48]   لا يوجد أخبار جديدة من السومرية نيوز
[2026-07-21 09:43:48] جاري فحص: المدى
[2026-07-21 09:43:48] تعذر فتح صفحة المدى: 403 Client Error: Forbidden for url: https://almadapaper.net/
[2026-07-21 09:43:48]   لا يوجد أخبار جديدة من المدى
[2026-07-21 09:43:48] انتهى التشغيل — أخبار جديدة: 12 — إجمالي محفوظ: 150
[2026-07-21 15:56:38] جاري فحص: شفق نيوز
[2026-07-21 15:56:41]   + جديد: انتقادات برلمانية لتقرير ديوان الرقابة: لا أرقام للهدر ولا أ
[2026-07-21 15:56:42]   + جديد: ترمب: سنحل مشاكل لبنان ومستعدون للتحرك مجدداً ضد الحوثيين
[2026-07-21 15:56:44]   + جديد: ارتفاع أسعار الدجاج واللحوم يرهق الأسر في السليمانية (صور)
[2026-07-21 15:56:46]   + جديد: مع الإغلاق.. أسعار الدولار تعاود الارتفاع في بغداد وأربيل
[2026-07-21 15:56:47]   + جديد: وفد الاتحاد الخليجي يشيد بجاهزية دهوك لاستضافة كأس السوبر (ص
[2026-07-21 15:56:49]   + جديد: معهد أميركي: صدمة هرمز تدفع العراق نحو صفقة بين بغداد وأربيل
[2026-07-21 15:56:50]   + جديد: القائد العام للقوات المسلحة يكلف الفريق فلاح شغاتي برئاسة وك
[2026-07-21 15:56:52]   + جديد: طائرة العراق تنتزع الميدالية البرونزية في بطولة غرب آسيا للر
[2026-07-21 15:56:53]   + جديد: الكويت تسلم السفير الإيراني مذكرة احتجاج بشأن "كيفان"
[2026-07-21 15:56:55]   + جديد: "ليلة صلاح الدين".. اعتقال 8 من الموظفين المطلوبين للقضاء وا
[2026-07-21 15:56:57]   + جديد: التوترات الإقليمية ترفع أسعار النفط العالمية 2%
[2026-07-21 15:56:58]   + جديد: الجوع العالمي يتراجع للسنة الثالثة على التوالي
[2026-07-21 15:56:58] جاري فحص: بغداد اليوم
[2026-07-21 15:56:59]   لا يوجد أخبار جديدة من بغداد اليوم
[2026-07-21 15:56:59] جاري فحص: السومرية نيوز
[2026-07-21 15:57:00]   لا يوجد أخبار جديدة من السومرية نيوز
[2026-07-21 15:57:00] جاري فحص: المدى
[2026-07-21 15:57:00] تعذر فتح صفحة المدى: 403 Client Error: Forbidden for url: https://almadapaper.net/
[2026-07-21 15:57:00]   لا يوجد أخبار جديدة من المدى
[2026-07-21 15:57:00] انتهى التشغيل — أخبار جديدة: 12 — إجمالي محفوظ: 150
[2026-07-21 20:38:54] جاري فحص: شفق نيوز
[2026-07-21 20:38:57]   + جديد: ذي قار.. 8 ضحايا بين صعق كهربائي وغرق وحادث سير
[2026-07-21 20:38:59]   + جديد: البنتاغون: كلفة الحرب على إيران بلغت 37.5 مليار دولار
[2026-07-21 20:39:01]   + جديد: الحكومة تدعم الزيارة الأربعينية بـ52.5 مليار دينار وتخول "سو
[2026-07-21 20:39:03]   + جديد: حرائق الغابات تحصد أرواحاً في الجزائر وفرنسا وإسبانيا
[2026-07-21 20:39:05]   + جديد: كرمانشاه.. هزة أرضية بقوة 3.3 درجات تضرب مدينة مجاورة للعراق
[2026-07-21 20:39:07]   + جديد: طهران تلوّح بقصف أراضيها وفتح جبهة برية ضد الكويت والبحرين ا
[2026-07-21 20:39:09]   + جديد: رغم نفي دمشق.. "هيئة البث الإسرائيلية" تكشف خططاً سورية ضد ح
[2026-07-21 20:39:11]   + جديد: الجيش الأميركي: تغيير مسار 8 سفن وتعطيل واحدة منذ استئناف ال
[2026-07-21 20:39:12]   + جديد: ما هو أبعد من التكريم.. قراءة في دلالات "نجمة إيطاليا" على ص
[2026-07-21 20:39:14]   + جديد: بريطانيا تسمح لأميركا باستخدام قواعدها لضرب إيران
[2026-07-21 20:39:16]   + جديد: هوكي العراق يهزم السعودية برباعية في كأس آسيا للناشئين
[2026-07-21 20:39:18]   + جديد: بين البركة والخرافة.. سوق الأحجار الكريمة في النجف يكشف أسرا
[2026-07-21 20:39:18] جاري فحص: بغداد اليوم
[2026-07-21 20:39:19]   لا يوجد أخبار جديدة من بغداد اليوم
[2026-07-21 20:39:19] جاري فحص: السومرية نيوز
[2026-07-21 20:39:20]   لا يوجد أخبار جديدة من السومرية نيوز
[2026-07-21 20:39:20] جاري فحص: المدى
[2026-07-21 20:39:20] تعذر فتح صفحة المدى: 403 Client Error: Forbidden for url: https://almadapaper.net/
[2026-07-21 20:39:20]   لا يوجد أخبار جديدة من المدى
[2026-07-21 20:39:20] انتهى التشغيل — أخبار جديدة: 12 — إجمالي محفوظ: 150
[2026-07-22 00:08:30] جاري فحص: شفق نيوز
[2026-07-22 00:08:33]   + جديد: خاص.. واشنطن تندد بقصف أربيل والسليمانية وتصفه بانتهاك صارخ 
[2026-07-22 00:08:35]   + جديد: رئيس "لاليغا": الفيفا يدمر كرة القدم وإنفانتينو "انتهى"
[2026-07-22 00:08:37]   + جديد: اندلاع حريق كبير في جبل كويژة بالسليمانية
[2026-07-22 00:08:39]   + جديد: الحرس الثوري الإيراني يعلن تدمير منظومات رادار في الكويت
[2026-07-22 00:08:39] جاري فحص: بغداد اليوم
[2026-07-22 00:08:40]   لا يوجد أخبار جديدة من بغداد اليوم
[2026-07-22 00:08:40] جاري فحص: السومرية نيوز
[2026-07-22 00:08:40]   لا يوجد أخبار جديدة من السومرية نيوز
[2026-07-22 00:08:40] جاري فحص: المدى
[2026-07-22 00:08:40] تعذر فتح صفحة المدى: 403 Client Error: Forbidden for url: https://almadapaper.net/
[2026-07-22 00:08:40]   لا يوجد أخبار جديدة من المدى
[2026-07-22 00:08:40] انتهى التشغيل — أخبار جديدة: 4 — إجمالي محفوظ: 150
[2026-07-22 09:40:24] جاري فحص: شفق نيوز
[2026-07-22 09:40:26]   + جديد: ملف الفساد يهدد بتفجير الإطار.. الزيدي يعتزم إحالة قائمة بـ1
[2026-07-22 09:40:28]   + جديد: حاملاً علمي العراق وكوردستان.. وفد من الإقليم يشارك في إحياء
[2026-07-22 09:40:29]   + جديد: المالية العراقية تبدأ بإطلاق تمويلات رواتب الموظفين لشهر تمو
[2026-07-22 09:40:31]   + جديد: أسعار الذهب تواصل الارتفاع مع صعود الدولار في بغداد وأربيل
[2026-07-22 09:40:33]   + جديد: (مقال) مبادرة لتكريم نساء الكورد الفيليين في الوطن والمهجر
[2026-07-22 09:40:34]   + جديد: الأردن يعلن إسقاط 4 طائرات إيرانية وطهران تؤكد تحييد هدف جوي
[2026-07-22 09:40:37]   + جديد: منع الدراسة المسائية اثناء الخدمة
[2026-07-22 09:40:38]   + جديد: زاخو والدفاع الجوي على أعتاب النهائي.. مواجهتان حاسمتان في ن
[2026-07-22 09:40:40]   + جديد: كوردستان تتسلم نحو 388 ألف طن من القمح.. وخطة لتسويق الفائض 
[2026-07-22 09:40:42]   + جديد: التربية تعلن نتائج السادس الإعدادي.. 275 طالباً يحققون الدرج
[2026-07-22 09:40:43]   + جديد: الهندسة البيولوجية للحروب: مأساة الإنسان في زمن المصالح الكب
[2026-07-22 09:40:45]   + جديد: اعتراضات صاروخية في العقبة الأردنية.. وإسرائيل تؤكد عدم استه
[2026-07-22 09:40:45] جاري فحص: بغداد اليوم
[2026-07-22 09:40:46]   لا يوجد أخبار جديدة من بغداد اليوم
[2026-07-22 09:40:46] جاري فحص: السومرية نيوز
[2026-07-22 09:40:46]   لا يوجد أخبار جديدة من السومرية نيوز
[2026-07-22 09:40:46] جاري فحص: المدى
[2026-07-22 09:40:46] تعذر فتح صفحة المدى: 403 Client Error: Forbidden for url: https://almadapaper.net/
[2026-07-22 09:40:46]   لا يوجد أخبار جديدة من المدى
[2026-07-22 09:40:46] انتهى التشغيل — أخبار جديدة: 12 — إجمالي محفوظ: 150
[2026-07-22 11:44:50] جاري فحص: شفق نيوز
[2026-07-22 11:44:53]   + جديد: فنادق دهوك تهدد بالإغلاق احتجاجاً على المزارع السياحية غير ا
[2026-07-22 11:44:55]   + جديد: بغداد تعلن جدول زيارات الزيدي الإقليمية: إيران غداً ثم تركيا
[2026-07-22 11:44:56]   + جديد: الفهد قائداً للشرطة الاتحادية وحوشي رئيساً لجهاز مكافحة الإر
[2026-07-22 11:44:58]   + جديد: روبيو من مانيلا: إيران تُغذّي المليشيات في العراق ولبنان لزع
[2026-07-22 11:45:00]   + جديد: نينوى.. إصابة 8 أشخاص بمشاجرة وانتشال جثة غريق جنوبي الموصل
[2026-07-22 11:45:01]   + جديد: الحرس الثوري يعلن استهداف قاعدتين أردنيتين وتدمير طائرات مسي
[2026-07-22 11:45:03]   + جديد: العظيم تطالب بإنهاء "نزيف الدهس" على طريق بغداد – كركوك
[2026-07-22 11:45:05]   + جديد: بعد إعلان النتائج.. طالب يطلق النار على نفسه في بغداد
[2026-07-22 11:45:06]   + جديد: كركوك.. ثلاثة أشقاء يتصدرون أوائل العراق بمعدلات تجاوزت الـ1
[2026-07-22 11:45:08]   + جديد: بعد مونديال 2026.. الأرجنتين تفتح معركة قضائية واسعة ضد "حمل
[2026-07-22 11:45:10]   + جديد: الاتحاد الأوروبي يؤكد رغبته لنيجيرفان بارزاني على تعزيز التع
[2026-07-22 11:45:11]   + جديد: الموصل.. سكان مجمع "باب سنجار" يحتجون على قرارات الإخلاء ويط
[2026-07-22 11:45:11] جاري فحص: بغداد اليوم
[2026-07-22 11:45:12]   لا يوجد أخبار جديدة من بغداد اليوم
[2026-07-22 11:45:12] جاري فحص: السومرية نيوز
[2026-07-22 11:45:12]   لا يوجد أخبار جديدة من السومرية نيوز
[2026-07-22 11:45:12] جاري فحص: المدى
[2026-07-22 11:45:13] تعذر فتح صفحة المدى: 403 Client Error: Forbidden for url: https://almadapaper.net/
[2026-07-22 11:45:13]   لا يوجد أخبار جديدة من المدى
[2026-07-22 11:45:13] انتهى التشغيل — أخبار جديدة: 12 — إجمالي محفوظ: 150
[2026-07-22 13:42:12] جاري فحص: شفق نيوز
[2026-07-22 13:42:15]   + جديد: ترمب يهدد إيران: أي هجوم في هرمز سيُقابل بقصف منشآت حيوية
[2026-07-22 13:42:17]   + جديد: وفاة نزيل محكوم بقضايا سرقة داخل مستشفى الكندي في بغداد
[2026-07-22 13:42:19]   + جديد: بعد انسحاب لوك أويل.. شيفرون تقترب من تطوير حقل غرب القرنة/2
[2026-07-22 13:42:21]   + جديد: نيجيرفان بارزاني يصدر مرسوماً إقليماً بترقية 729 ضابطاً في "
[2026-07-22 13:42:23]   + جديد: إعفاء مدير سكك حديد العراق وتكليف بديلاً عنه (وثيقة)
[2026-07-22 13:42:25]   + جديد: إيران ترد على ترمب: لا نسعى لاستئناف المفاوضات
[2026-07-22 13:42:27]   + جديد: محافظ الديوانية: سجن مدير معمل سمنت الكوفة ومقاضاة برلماني (
[2026-07-22 13:42:29]   + جديد: ارتفاع أسعار الدولار في بغداد وأربيل مع الإغلاق
[2026-07-22 13:42:30]   + جديد: "قانون خفي" يفسر تراجع معدلات الإنجاب عالمياً
[2026-07-22 13:42:33]   + جديد: الزيدي يكشف توجهاً لتأسيس صندوق عراقي- ألماني لتمويل مشاريع 
[2026-07-22 13:42:35]   + جديد: إدارة الأزمة عبر التشتيت الإعلامي والسياسي: قراءة في العراق 
[2026-07-22 13:42:37]   + جديد: ما بعد زيارات الزيدي.. فرص واعدة أمام للعب دور إقليمي ودولي
[2026-07-22 13:42:37] جاري فحص: بغداد اليوم
[2026-07-22 13:42:37]   لا يوجد أخبار جديدة من بغداد اليوم
[2026-07-22 13:42:37] جاري فحص: السومرية نيوز
[2026-07-22 13:42:38]   لا يوجد أخبار جديدة من السومرية نيوز
[2026-07-22 13:42:38] جاري فحص: المدى
[2026-07-22 13:42:38] تعذر فتح صفحة المدى: 403 Client Error: Forbidden for url: https://almadapaper.net/
[2026-07-22 13:42:38]   لا يوجد أخبار جديدة من المدى
[2026-07-22 13:42:38] انتهى التشغيل — أخبار جديدة: 12 — إجمالي محفوظ: 150
[2026-07-22 15:37:12] جاري فحص: شفق نيوز
[2026-07-22 15:37:15]   + جديد: أزمة خانقة في نينوى.. أدوية السرطان على حافة النفاد والتمويل
[2026-07-22 15:37:17]   + جديد: إيران تلوح بضرب البنى التحتية في المنطقة رداً على تهديدات تر
[2026-07-22 15:37:19]   + جديد: وقت محدد ومنع الأركيلة.. السليمانية تصدر تعليمات لزيارة جبل 
[2026-07-22 15:37:20]   + جديد: بعد 7 سنوات ممن الانقطاع.. عودة مياه الشرب للحسكة السورية
[2026-07-22 15:37:22]   + جديد: حمّلت الوزير مسؤولية تردي التجهيز.. الطاقة النيابية تطالب بـ
[2026-07-22 15:37:24]   + جديد: وزير إسرائيلي: هدفنا النهائي السيطرة الكاملة على غزة وإقامة 
[2026-07-22 15:37:26]   + جديد: "قبور بالتقسيط" تشعل الجدل في النجف.. مدير التربية يتبرأ وال
[2026-07-22 15:37:28]   + جديد: تحذير أوروبي من استهداف السفن السعودية والأميركية والإسرائيل
[2026-07-22 15:37:28] جاري فحص: بغداد اليوم
[2026-07-22 15:37:29]   لا يوجد أخبار جديدة من بغداد اليوم
[2026-07-22 15:37:29] جاري فحص: السومرية نيوز
[2026-07-22 15:37:29]   لا يوجد أخبار جديدة من السومرية نيوز
[2026-07-22 15:37:29] جاري فحص: المدى
[2026-07-22 15:37:29] تعذر فتح صفحة المدى: 403 Client Error: Forbidden for url: https://almadapaper.net/
[2026-07-22 15:37:29]   لا يوجد أخبار جديدة من المدى
[2026-07-22 15:37:29] انتهى التشغيل — أخبار جديدة: 8 — إجمالي محفوظ: 150
[2026-07-22 17:12:55] جاري فحص: شفق نيوز
[2026-07-22 17:12:58]   + جديد: انتحار منتسب أمني في بغداد واعتقال عدة متهمين بصلاح الدين
[2026-07-22 17:12:59]   + جديد: "سنتكوم": إعادة توجيه 9 سفن تجارية وتعطيل واحدة في هرمز
[2026-07-22 17:13:01]   + جديد: "هوس كليات القمة" يضغط على الطلبة العراقيين وعوائلهم والنتائ
[2026-07-22 17:13:03]   + جديد: اجتماع إيراني عراقي في "سومار" لتسهيل حركة زوار الأربعينية و
[2026-07-22 17:13:04]   + جديد: الإمارات تدين الهجمات الإيرانية على إقليم كوردستان وتؤكد تضا
[2026-07-22 17:13:04] جاري فحص: بغداد اليوم
[2026-07-22 17:13:05]   لا يوجد أخبار جديدة من بغداد اليوم
[2026-07-22 17:13:05] جاري فحص: السومرية نيوز
[2026-07-22 17:13:05]   لا يوجد أخبار جديدة من السومرية نيوز
[2026-07-22 17:13:05] جاري فحص: المدى
[2026-07-22 17:13:05] تعذر فتح صفحة المدى: 403 Client Error: Forbidden for url: https://almadapaper.net/
[2026-07-22 17:13:05]   لا يوجد أخبار جديدة من المدى
[2026-07-22 17:13:05] انتهى التشغيل — أخبار جديدة: 5 — إجمالي محفوظ: 150
[2026-07-22 18:39:26] جاري فحص: شفق نيوز
[2026-07-22 18:39:28]   + جديد: في أول تصريح له.. شغاتي يكشف لشفق نيوز تغييرات في استراتيجية
[2026-07-22 18:39:30]   + جديد: الحرس الثوري: الطرق البديلة لهرمز غير آمنة ونحذر من استخدامه
[2026-07-22 18:39:31]   + جديد: القواعد الأميركية تحت النار.. حرب إيران تفرض إعادة رسم الانت
[2026-07-22 18:39:33]   + جديد: كربلاء تحيي ذكرى مقتل الإمام الحسن المجتبى (صور)
[2026-07-22 18:39:35]   + جديد: قاليباف: معادلة هذه الحرب إما الكل أو لا شيء
[2026-07-22 18:39:36]   + جديد: مجلس وزراء كوردستان يقرّ حزمة قرارات أبرزها خفض ديون مشتركي 
[2026-07-22 18:39:38]   + جديد: "واشنطن بوست": ترمب يخطط لعمل عسكري في مالي يستهدف جماعة مرت
[2026-07-22 18:39:40]   + جديد: إعلام أميركي وعبري: اقتراب توسيع المواجهة ضد إيران بمشاركة إ
[2026-07-22 18:39:41]   + جديد: قصف جديد يستهدف مقر حزب حرية كوردستان الإيراني بأطراف أربيل
[2026-07-22 18:39:41] جاري فحص: بغداد اليوم
[2026-07-22 18:39:47]   لا يوجد أخبار جديدة من بغداد اليوم
[2026-07-22 18:39:47] جاري فحص: السومرية نيوز
[2026-07-22 18:39:47]   لا يوجد أخبار جديدة من السومرية نيوز
[2026-07-22 18:39:47] جاري فحص: المدى
[2026-07-22 18:39:47] تعذر فتح صفحة المدى: 403 Client Error: Forbidden for url: https://almadapaper.net/
[2026-07-22 18:39:47]   لا يوجد أخبار جديدة من المدى
[2026-07-22 18:39:47] انتهى التشغيل — أخبار جديدة: 9 — إجمالي محفوظ: 150
[2026-07-22 20:09:28] جاري فحص: شفق نيوز
[2026-07-22 20:09:31]   + جديد: القضاء: استرداد 13 مليار دينار و40 سبيكة ذهب بقضية الجميلي
[2026-07-22 20:09:33]   + جديد: دوي 4 انفجارات في سماء أربيل
[2026-07-22 20:09:35]   + جديد: إلغاء قيادة العمليات المشتركة وتحويل مهامها إلى "مكتب القائد
[2026-07-22 20:09:37]   + جديد: دهوك يخسر وديا أمام انطاليا سبور التركي
[2026-07-22 20:09:39]   + جديد: تهديدات إيرانية باستهداف النفط والكهرباء في المنطقة
[2026-07-22 20:09:41]   + جديد: شرطة نينوى تعتقل طبيباً بسبب منشورات "مثيرة للطائفية"
[2026-07-22 20:09:42]   + جديد: ترمب: لا نريد السيطرة على مضيق هرمز
[2026-07-22 20:09:44]   + جديد: مقترح لإعادة هيكلة القطاع الصحي في العراق (التجربة التركية أ
[2026-07-22 20:09:46]   + جديد: 200 مليون دولار سنوياً.. مكاسب سوريا من خط النفط العراقي
[2026-07-22 20:09:48]   + جديد: منتخب شباب العراق يتعادل مع الميناء ودياً في البصرة
[2026-07-22 20:09:48] جاري فحص: بغداد اليوم
[2026-07-22 20:09:49]   لا يوجد أخبار جديدة من بغداد اليوم
[2026-07-22 20:09:49] جاري فحص: السومرية نيوز
[2026-07-22 20:09:49]   لا يوجد أخبار جديدة من السومرية نيوز
[2026-07-22 20:09:49] جاري فحص: المدى
[2026-07-22 20:09:49] تعذر فتح صفحة المدى: 403 Client Error: Forbidden for url: https://almadapaper.net/
[2026-07-22 20:09:49]   لا يوجد أخبار جديدة من المدى
[2026-07-22 20:09:49] انتهى التشغيل — أخبار جديدة: 10 — إجمالي محفوظ: 150
[2026-07-22 21:40:45] جاري فحص: شفق نيوز
[2026-07-22 21:40:48]   + جديد: ذي قار.. نساء "آل جويبر" يشعلن "تنانير" قبل الفجر لخدمة زوار
[2026-07-22 21:40:49]   + جديد: أميركا توقع اتفاقيتين للتعاون النووي مع السعودية
[2026-07-22 21:40:51]   + جديد: الليلة الـ12.. دوي انفجارات جديدة جنوب غربي إيران
[2026-07-22 21:40:53]   + جديد: النفط يقفز إلى 94 دولاراً بسبب توترات هرمز
[2026-07-22 21:40:54]   + جديد: واشنطن تنفي سيطرة إيران على هرمز ولندن تحذر من إلغاء رحلات ج
[2026-07-22 21:40:54] جاري فحص: بغداد اليوم
[2026-07-22 21:40:56]   لا يوجد أخبار جديدة من بغداد اليوم
[2026-07-22 21:40:56] جاري فحص: السومرية نيوز
[2026-07-22 21:40:57]   لا يوجد أخبار جديدة من السومرية نيوز
[2026-07-22 21:40:57] جاري فحص: المدى
[2026-07-22 21:40:57] تعذر فتح صفحة المدى: 403 Client Error: Forbidden for url: https://almadapaper.net/
[2026-07-22 21:40:57]   لا يوجد أخبار جديدة من المدى
[2026-07-22 21:40:57] انتهى التشغيل — أخبار جديدة: 5 — إجمالي محفوظ: 150
[2026-07-22 22:57:57] جاري فحص: شفق نيوز
[2026-07-22 22:58:00]   + جديد: قصف أميركي يستهدف محطة كهرباء قرب المفاعل النووي في بوشهر ال
[2026-07-22 22:58:02]   + جديد: الحوثيون يعلنون ضرب ناقلتي نفط سعوديتين وإجبار 10 سفن على ال
[2026-07-22 22:58:04]   + جديد: العراق يستحدث مسارات جوية مؤقتة تربط أجواءه بإيران
[2026-07-22 22:58:05]   + جديد: محمد قاسم الفهد يباشر مهامه قائداً للشرطة الاتحادية
[2026-07-22 22:58:05] جاري فحص: بغداد اليوم
[2026-07-22 22:58:07]   لا يوجد أخبار جديدة من بغداد اليوم
[2026-07-22 22:58:07] جاري فحص: السومرية نيوز
[2026-07-22 22:58:08]   لا يوجد أخبار جديدة من السومرية نيوز
[2026-07-22 22:58:08] جاري فحص: المدى
[2026-07-22 22:58:08] تعذر فتح صفحة المدى: 403 Client Error: Forbidden for url: https://almadapaper.net/
[2026-07-22 22:58:08]   لا يوجد أخبار جديدة من المدى
[2026-07-22 22:58:08] انتهى التشغيل — أخبار جديدة: 4 — إجمالي محفوظ: 150
[2026-07-23 00:02:37] جاري فحص: شفق نيوز
[2026-07-23 00:02:38]   لا يوجد أخبار جديدة من شفق نيوز
[2026-07-23 00:02:38] جاري فحص: بغداد اليوم
[2026-07-23 00:02:42]   لا يوجد أخبار جديدة من بغداد اليوم
[2026-07-23 00:02:42] جاري فحص: السومرية نيوز
[2026-07-23 00:02:43]   لا يوجد أخبار جديدة من السومرية نيوز
[2026-07-23 00:02:43] جاري فحص: المدى
[2026-07-23 00:02:43] تعذر فتح صفحة المدى: 403 Client Error: Forbidden for url: https://almadapaper.net/
[2026-07-23 00:02:43]   لا يوجد أخبار جديدة من المدى
[2026-07-23 00:02:43] انتهى التشغيل — أخبار جديدة: 0 — إجمالي محفوظ: 150
[2026-07-23 03:52:46] جاري فحص: شفق نيوز
[2026-07-23 03:52:46]   لا يوجد أخبار جديدة من شفق نيوز
[2026-07-23 03:52:46] جاري فحص: بغداد اليوم
[2026-07-23 03:52:49]   لا يوجد أخبار جديدة من بغداد اليوم
[2026-07-23 03:52:49] جاري فحص: السومرية نيوز
[2026-07-23 03:52:51]   لا يوجد أخبار جديدة من السومرية نيوز
[2026-07-23 03:52:51] جاري فحص: المدى
[2026-07-23 03:52:51] تعذر فتح صفحة المدى: 403 Client Error: Forbidden for url: https://almadapaper.net/
[2026-07-23 03:52:51]   لا يوجد أخبار جديدة من المدى
[2026-07-23 03:52:51] انتهى التشغيل — أخبار جديدة: 0 — إجمالي محفوظ: 150
[2026-07-23 06:27:20] جاري فحص: شفق نيوز
[2026-07-23 06:27:23]   + جديد: العراق يتصدر المكاسب.. خاما البصرة يقفزان أكثر من 7% مع صعود
[2026-07-23 06:27:24]   + جديد: هجوم قرب منفذ الشلامجة.. تصعيد أميركي إيراني يمتد إلى هرمز و
[2026-07-23 06:27:26]   + جديد: الذهب يتراجع عن أعلى مستوى في أسبوعين مع ترقب اجتماع الفيدرا
[2026-07-23 06:27:28]   + جديد: النفط عند أعلى مستوياته في أكثر من ستة أسابيع مع تصاعد مخاطر
[2026-07-23 06:27:29]   + جديد: بعد الكويت.. الحرس الثوري يستهدف قواعد أميركية في الأردن
[2026-07-23 06:27:30]   + جديد: بزشكيان يتسلم أوراق سفير عراقي جديد: يجمعنا مصير مشترك
[2026-07-23 06:27:32]   + جديد: أكبر حرائق إسبانيا تمتد إلى 32 ألف هكتار.. وإجلاء 34 قرية
[2026-07-23 06:27:32] جاري فحص: بغداد اليوم
[2026-07-23 06:27:32]   لا يوجد أخبار جديدة من بغداد اليوم
[2026-07-23 06:27:32] جاري فحص: السومرية نيوز
[2026-07-23 06:27:33]   لا يوجد أخبار جديدة من السومرية نيوز
[2026-07-23 06:27:33] جاري فحص: المدى
[2026-07-23 06:27:34] تعذر فتح صفحة المدى: 403 Client Error: Forbidden for url: https://almadapaper.net/
[2026-07-23 06:27:34]   لا يوجد أخبار جديدة من المدى
[2026-07-23 06:27:34] انتهى التشغيل — أخبار جديدة: 7 — إجمالي محفوظ: 150
[2026-07-23 09:07:41] جاري فحص: شفق نيوز
[2026-07-23 09:07:43]   + جديد: الزيدي يصل إلى إيران في زيارة رسمية
[2026-07-23 09:07:44]   + جديد: في أربيل.. رجل يقتل شاباً ويصيب زوجته بجروح بليغة
[2026-07-23 09:07:46]   + جديد: مقتل شخص وإصابة 3 آخرين بنزاع عشائري مسلّح في الديوانية
[2026-07-23 09:07:48]   + جديد: أسعار الذهب تنخفض في بغداد وكوردستان
[2026-07-23 09:07:49]   + جديد: العراق يستورد بـ2.3 مليار دولار من إيران في الربع الأول 2026
[2026-07-23 09:07:51]   + جديد: بعد بريطانيا.. الولايات المتحدة تدعو رعاياها إلى مغادرة العر
[2026-07-23 09:07:52]   + جديد: كم طلب غوارديولا لتدريب المنتخب الإيطالي؟
[2026-07-23 09:07:54]   + جديد: مواطنون يحتجون أمام مصرف الرافدين بسبب عدم إنجاز معاملاتهم ل
[2026-07-23 09:07:56]   + جديد: تكليف العميد الركن أسامة سعد حسن بقيادة الفرقة الخاصة
[2026-07-23 09:07:57]   + جديد: فريق بحثي دولي يحمّل النشاط البشري مسؤولية الجفاف في أوروبا
[2026-07-23 09:07:59]   + جديد: العراق يتعهد بإحياء "فندق أم كلثوم".. إزالة اضطرارية وإعادة 
[2026-07-23 09:08:00]   + جديد: روبيو: إيران زجّت بالحوثيين في صراع المنطقة وستدفع ثمن المما
[2026-07-23 09:08:00] جاري فحص: بغداد اليوم
[2026-07-23 09:08:01]   لا يوجد أخبار جديدة من بغداد اليوم
[2026-07-23 09:08:01] جاري فحص: السومرية نيوز
[2026-07-23 09:08:02]   لا يوجد أخبار جديدة من السومرية نيوز
[2026-07-23 09:08:02] جاري فحص: المدى
[2026-07-23 09:08:02] تعذر فتح صفحة المدى: 403 Client Error: Forbidden for url: https://almadapaper.net/
[2026-07-23 09:08:02]   لا يوجد أخبار جديدة من المدى
[2026-07-23 09:08:02] انتهى التشغيل — أخبار جديدة: 12 — إجمالي محفوظ: 150
[2026-07-23 11:23:13] جاري فحص: شفق نيوز
[2026-07-23 11:23:16]   + جديد: القضاء العراقي يصدر حكماً بالحبس الشديد سنتين بحق النائب حسن
[2026-07-23 11:23:18]   + جديد: مصدر : تعرض منفذ العبدلي الكويتي لقصف بصواريخ إيرانية عبرت ا
[2026-07-23 11:23:20]   + جديد: حصيلة صادمة.. بغداد تسجل 6 حالات خلال 24 ساعة
[2026-07-23 11:23:22]   + جديد: "الإعمار والتنمية": لا اتفاق حاسماً حتى الآن لاستكمال كابينة
[2026-07-23 11:23:24]   + جديد: النقل العراقية تعفي مدير الهيئة البحرية العليا (وثيقة)
[2026-07-23 11:23:26]   + جديد: أزمة مياه البصرة على طاولة البرلمان.. خطة حكومية وتخصيصات ما
[2026-07-23 11:23:28]   + جديد: اعتقال مدير البيطرة في كركوك ومسؤول فيها بتهم فساد مالي
[2026-07-23 11:23:30]   + جديد: بـ 3 محاور و2500 حافلة.. بابل تُطلق خطة أمنية وخدمية واسعة ل
[2026-07-23 11:23:32]   + جديد: العلاج في الهند.. شهادات عراقية عن  "خداع واستغلال" وتجارة ب
[2026-07-23 11:23:34]   + جديد: العراق بين الدول العربية المتأخرة في مؤشر الأمن الغذائي لعام
[2026-07-23 11:23:36]   + جديد: الأمن العراقي يحبط محاولة تهريب أدوية بشرية وسجائر واعتقال 8
[2026-07-23 11:23:38]   + جديد: أزمة "الفيفا دي".. عماد محمد يكشف سبب اعتذار الأولمبي عن "غر
[2026-07-23 11:23:38] جاري فحص: بغداد اليوم
[2026-07-23 11:23:46]   لا يوجد أخبار جديدة من بغداد اليوم
[2026-07-23 11:23:46] جاري فحص: السومرية نيوز
[2026-07-23 11:23:48]   لا يوجد أخبار جديدة من السومرية نيوز
[2026-07-23 11:23:48] جاري فحص: المدى
[2026-07-23 11:23:48] تعذر فتح صفحة المدى: 403 Client Error: Forbidden for url: https://almadapaper.net/
[2026-07-23 11:23:48]   لا يوجد أخبار جديدة من المدى
[2026-07-23 11:23:48] انتهى التشغيل — أخبار جديدة: 12 — إجمالي محفوظ: 150
[2026-07-23 12:56:57] جاري فحص: شفق نيوز
[2026-07-23 12:56:59]   + جديد: ساهم بنقل المنفذين في بابل.. السجن المشدد 6 سنوات لمدان بمحا
[2026-07-23 12:57:01]   + جديد: تدهور المنظومة وأزمة الغاز يجمعانها.. البرلمان يستضيف وزير ا
[2026-07-23 12:57:02]   + جديد: "النزاع النفطي" بين بغداد وأنقرة.. كيف سيعاد ضبط العلاقة؟
[2026-07-23 12:57:04]   + جديد: ترمب: سيتم إنزال عقاب كبير بإيران والحوثيين إذا تكررت الهجما
[2026-07-23 12:57:06]   + جديد: السجن المؤبد بحق شخص أُدين باعتداء جنسي على ابنته في الناصري
[2026-07-23 12:57:07]   + جديد: أول ضربة من نوعها.. المرور تطيح بعقيدين اختلسا أكثر من مليار
[2026-07-23 12:57:07] جاري فحص: بغداد اليوم
[2026-07-23 12:57:08]   لا يوجد أخبار جديدة من بغداد اليوم
[2026-07-23 12:57:08] جاري فحص: السومرية نيوز
[2026-07-23 12:57:08]   لا يوجد أخبار جديدة من السومرية نيوز
[2026-07-23 12:57:08] جاري فحص: المدى
[2026-07-23 12:57:08] تعذر فتح صفحة المدى: 403 Client Error: Forbidden for url: https://almadapaper.net/
[2026-07-23 12:57:08]   لا يوجد أخبار جديدة من المدى
[2026-07-23 12:57:08] انتهى التشغيل — أخبار جديدة: 6 — إجمالي محفوظ: 150
[2026-07-23 15:09:30] جاري فحص: شفق نيوز
[2026-07-23 15:09:33]   + جديد: برعاية الزيدي وبزشكيان.. العراق وإيران يوقعان 4 اتفاقيات ومذ
[2026-07-23 15:09:35]   + جديد: الزيدي من طهران: أمننا مشترك ولن نسمح بتهديد إيران من الأراض
[2026-07-23 15:09:37]   + جديد: ثابت فوق 150 ألفاً.. تباين أسعار الدولار في بغداد وأربيل مع 
[2026-07-23 15:09:39]   + جديد: نائب: القرض الأميركي للعراق مشروط بتشريع نيابي
[2026-07-23 15:09:41]   + جديد: الأمم المتحدة: الشرق الأوسط على شفير "وضع لا يمكن تصوره"
[2026-07-23 15:09:43]   + جديد: إسرائيل تفتح الملاجئ تحسباً لهجوم إيراني
[2026-07-23 15:09:45]   + جديد: نائب: المفوضية ستحدد البدلاء عن النواب المشمولين بـ"صولة الف
[2026-07-23 15:09:47]   + جديد: إيران تعلن استهداف وحدة أميركية وبرج مراقبة في الكويت
[2026-07-23 15:09:49]   + جديد: أسعار النفط تتجاوز 100 دولار للبرميل
[2026-07-23 15:09:49] جاري فحص: بغداد اليوم
[2026-07-23 15:09:50]   لا يوجد أخبار جديدة من بغداد اليوم
[2026-07-23 15:09:50] جاري فحص: السومرية نيوز
[2026-07-23 15:09:50]   لا يوجد أخبار جديدة من السومرية نيوز
[2026-07-23 15:09:50] جاري فحص: المدى
[2026-07-23 15:09:50] تعذر فتح صفحة المدى: 403 Client Error: Forbidden for url: https://almadapaper.net/
[2026-07-23 15:09:50]   لا يوجد أخبار جديدة من المدى
[2026-07-23 15:09:50] انتهى التشغيل — أخبار جديدة: 9 — إجمالي محفوظ: 150
[2026-07-23 16:55:58] جاري فحص: شفق نيوز
[2026-07-23 16:56:00]   + جديد: استهداف جديد لمنفذ "العبدلي" الحدودي بين العراق والكويت
[2026-07-23 16:56:01]   + جديد: بيان خليجي أردني يدين القصف الإيراني ويجدد دعم حصر السلاح في
[2026-07-23 16:56:03]   + جديد: توازن بغداد ينهار.. الغارديان: العراق يدفع ثمن حرب لا يملك ق
[2026-07-23 16:56:05]   + جديد: النفط يحقق الفوز على الزوراء ودياً
[2026-07-23 16:56:06]   + جديد: النجف تستنفر أمنياً وصحياً لاستقبال زائري الأربعين (صور)
[2026-07-23 16:56:08]   + جديد: قصف أميركي يستهدف "قشم" الإيرانية
[2026-07-23 16:56:09]   + جديد: ترمب: أدرس شن هجوم أكبر ضد إيران وأنا على وشك اتخاذ القرار
[2026-07-23 16:56:11]   + جديد: رويترز: إيران أرسلت قادة من الحرس الثوري وصواريخ ومسيرات للح
[2026-07-23 16:56:11] جاري فحص: بغداد اليوم
[2026-07-23 16:56:11]   لا يوجد أخبار جديدة من بغداد اليوم
[2026-07-23 16:56:11] جاري فحص: السومرية نيوز
[2026-07-23 16:56:12]   لا يوجد أخبار جديدة من السومرية نيوز
[2026-07-23 16:56:12] جاري فحص: المدى
[2026-07-23 16:56:12] تعذر فتح صفحة المدى: 403 Client Error: Forbidden for url: https://almadapaper.net/
[2026-07-23 16:56:12]   لا يوجد أخبار جديدة من المدى
[2026-07-23 16:56:12] انتهى التشغيل — أخبار جديدة: 8 — إجمالي محفوظ: 150
[2026-07-23 18:11:26] جاري فحص: شفق نيوز
[2026-07-23 18:11:28]   + جديد: الزيدي يدعو إيران للاستفادة من فرصة الحوار في العراق
[2026-07-23 18:11:30]   + جديد: أميركا تبلغ إسرائيل بـ"التأهب" وبريطانيا: جاهزون
[2026-07-23 18:11:31]   + جديد: أول ضربة من نوعها.. المرور تطيح بعقيدين اختلسا أكثر من مليار
[2026-07-23 18:11:33]   + جديد: استخبارات غربية: إيران قد تهاجم إسرائيل استغلالاً لخلافها مع
[2026-07-23 18:11:35]   + جديد: بعد قصف إيراني.. إغلاق منفذ حدودي عراقي مع الكويت بشكل مؤقت
[2026-07-23 18:11:36]   + جديد: الارتفاع مستمر.. أسعار النفط تصل إلى 101 دولار للبرميل
[2026-07-23 18:11:38]   + جديد: التعادل يحسم مواجهة نوروز والموصل الودية
[2026-07-23 18:11:38] جاري فحص: بغداد اليوم
[2026-07-23 18:11:40]   لا يوجد أخبار جديدة من بغداد اليوم
[2026-07-23 18:11:40] جاري فحص: السومرية نيوز
[2026-07-23 18:11:40]   لا يوجد أخبار جديدة من السومرية نيوز
[2026-07-23 18:11:40] جاري فحص: المدى
[2026-07-23 18:11:40] تعذر فتح صفحة المدى: 403 Client Error: Forbidden for url: https://almadapaper.net/
[2026-07-23 18:11:40]   لا يوجد أخبار جديدة من المدى
[2026-07-23 18:11:40] انتهى التشغيل — أخبار جديدة: 7 — إجمالي محفوظ: 150
[2026-07-23 19:54:30] جاري فحص: شفق نيوز
[2026-07-23 19:54:32]   + جديد: تمتد لـ263 كيلومتراً.. تفاصيل سكة حديد "خسروي - خانقين" بين 
[2026-07-23 19:54:34]   + جديد: صلاح الدين.. إصابة عائلة من 5 أفراد بحادث سير ووفاة شاب بصعق
[2026-07-23 19:54:35]   + جديد: زاخو والدفاع الجوي إلى نهائي دوري السلة بثنائية في المربع ال
[2026-07-23 19:54:37]   + جديد: بابل.. إيقاف منتسبين اعتدوا على بائع متجول في طريق خارجي
[2026-07-23 19:54:38]   + جديد: "سنتكوم": تحويل مسار 12 سفينة وتعطيل واحدة منذ استئناف الحصا
[2026-07-23 19:54:40]   + جديد: إصابات بإطلاق نار في مقر حزب إيراني معارض بأربيل
[2026-07-23 19:54:41]   + جديد: تقدر بنحو 11 مليار دولار.. إيران تبحث مع الزيدي آليات سحب أم
[2026-07-23 19:54:41] جاري فحص: بغداد اليوم
[2026-07-23 19:54:42]   لا يوجد أخبار جديدة من بغداد اليوم
[2026-07-23 19:54:42] جاري فحص: السومرية نيوز
[2026-07-23 19:54:43]   لا يوجد أخبار جديدة من السومرية نيوز
[2026-07-23 19:54:43] جاري فحص: المدى
[2026-07-23 19:54:43] تعذر فتح صفحة المدى: 403 Client Error: Forbidden for url: https://almadapaper.net/
[2026-07-23 19:54:43]   لا يوجد أخبار جديدة من المدى
[2026-07-23 19:54:43] انتهى التشغيل — أخبار جديدة: 7 — إجمالي محفوظ: 150
[2026-07-23 20:58:42] جاري فحص: شفق نيوز
[2026-07-23 20:58:45]   + جديد: المنافذ الحدودية في البصرة: إغلاق "سفوان" باقٍ لحين زوال الخ
[2026-07-23 20:58:47]   + جديد: إيران: 55 قتيلاً و629 مصاباً في الهجمات الأميركية منذ 27 حزي
[2026-07-23 20:58:49]   + جديد: غارات إسرائيلية مكثفة تستهدف قطاع غزة (فيديو)
[2026-07-23 20:58:50]   + جديد: أميركا تفرض عقوبات على قيادي في "الإخوان" وأفراد وكيانات تدع
[2026-07-23 20:58:52]   + جديد: "الروبوتات البشرية" تبدأ بمزاحمة الإنسان على الوظائف في مصان
[2026-07-23 20:58:54]   + جديد: الجيش الكويتي: نتصدى لهجمات صاروخية وطائرات مسيّرة إيرانية
[2026-07-23 20:58:54] جاري فحص: بغداد اليوم
[2026-07-23 20:58:55]   لا يوجد أخبار جديدة من بغداد اليوم
[2026-07-23 20:58:55] جاري فحص: السومرية نيوز
[2026-07-23 20:58:56]   لا يوجد أخبار جديدة من السومرية نيوز
[2026-07-23 20:58:56] جاري فحص: المدى
[2026-07-23 20:58:56] تعذر فتح صفحة المدى: 403 Client Error: Forbidden for url: https://almadapaper.net/
[2026-07-23 20:58:56]   لا يوجد أخبار جديدة من المدى
[2026-07-23 20:58:56] انتهى التشغيل — أخبار جديدة: 6 — إجمالي محفوظ: 150
[2026-07-23 22:08:49] جاري فحص: شفق نيوز
[2026-07-23 22:08:52]   + جديد: بين ترمب وبزشكيان.. الزيدي يناور: ماذا حقق لبغداد؟
[2026-07-23 22:08:54]   + جديد: قصف أميركي جديد يستهدف جزيرة قشم جنوبي إيران
[2026-07-23 22:08:54] جاري فحص: بغداد اليوم
[2026-07-23 22:08:54]   لا يوجد أخبار جديدة من بغداد اليوم
[2026-07-23 22:08:54] جاري فحص: السومرية نيوز
[2026-07-23 22:08:55]   لا يوجد أخبار جديدة من السومرية نيوز
[2026-07-23 22:08:55] جاري فحص: المدى
[2026-07-23 22:08:55] تعذر فتح صفحة المدى: 403 Client Error: Forbidden for url: https://almadapaper.net/
[2026-07-23 22:08:55]   لا يوجد أخبار جديدة من المدى
[2026-07-23 22:08:55] انتهى التشغيل — أخبار جديدة: 2 — إجمالي محفوظ: 150
[2026-07-23 23:26:53] جاري فحص: شفق نيوز
[2026-07-23 23:26:54]   لا يوجد أخبار جديدة من شفق نيوز
[2026-07-23 23:26:54] جاري فحص: بغداد اليوم
[2026-07-23 23:26:56]   لا يوجد أخبار جديدة من بغداد اليوم
[2026-07-23 23:26:56] جاري فحص: السومرية نيوز
[2026-07-23 23:26:56]   لا يوجد أخبار جديدة من السومرية نيوز
[2026-07-23 23:26:56] جاري فحص: المدى
[2026-07-23 23:26:56] تعذر فتح صفحة المدى: 403 Client Error: Forbidden for url: https://almadapaper.net/
[2026-07-23 23:26:56]   لا يوجد أخبار جديدة من المدى
[2026-07-23 23:26:56] انتهى التشغيل — أخبار جديدة: 0 — إجمالي محفوظ: 150
[2026-07-24 00:55:37] جاري فحص: شفق نيوز
[2026-07-24 00:55:38]   لا يوجد أخبار جديدة من شفق نيوز
[2026-07-24 00:55:38] جاري فحص: بغداد اليوم
[2026-07-24 00:55:39]   لا يوجد أخبار جديدة من بغداد اليوم
[2026-07-24 00:55:39] جاري فحص: السومرية نيوز
[2026-07-24 00:55:40]   لا يوجد أخبار جديدة من السومرية نيوز
[2026-07-24 00:55:40] جاري فحص: المدى
[2026-07-24 00:55:40] تعذر فتح صفحة المدى: 403 Client Error: Forbidden for url: https://almadapaper.net/
[2026-07-24 00:55:40]   لا يوجد أخبار جديدة من المدى
[2026-07-24 00:55:40] انتهى التشغيل — أخبار جديدة: 0 — إجمالي محفوظ: 150
[2026-07-24 04:12:21] جاري فحص: شفق نيوز
[2026-07-24 04:12:22]   لا يوجد أخبار جديدة من شفق نيوز
[2026-07-24 04:12:22] جاري فحص: بغداد اليوم
[2026-07-24 04:12:22]   لا يوجد أخبار جديدة من بغداد اليوم
[2026-07-24 04:12:22] جاري فحص: السومرية نيوز
[2026-07-24 04:12:23]   لا يوجد أخبار جديدة من السومرية نيوز
[2026-07-24 04:12:23] جاري فحص: المدى
[2026-07-24 04:12:23] تعذر فتح صفحة المدى: 403 Client Error: Forbidden for url: https://almadapaper.net/
[2026-07-24 04:12:23]   لا يوجد أخبار جديدة من المدى
[2026-07-24 04:12:23] انتهى التشغيل — أخبار جديدة: 0 — إجمالي محفوظ: 150
[2026-07-24 07:04:43] جاري فحص: شفق نيوز
[2026-07-24 07:04:47]   + جديد: سماع دوي 5 انفجارات متتالية في سماء أربيل
[2026-07-24 07:04:48]   + جديد: الموت يغيّب فاروق هلال "فيلسوف" الموسيقى العراقية
[2026-07-24 07:04:50]   + جديد: الليلة الـ13.. واشنطن تضرب اهدافاً عسكرية إيرانية وطهران ترد
[2026-07-24 07:04:51]   + جديد: وول ستريت: ترمب يرى مواصلة ضرب إيران أفضل من المفاوضات
[2026-07-24 07:04:53]   + جديد: عشرون مدرباً محلياً يقودون اندية الدوري العراقي الممتاز استع
[2026-07-24 07:04:54]   + جديد: عراقجي يرد على ترمب: التحكم بأموال إيران المجمدة سيخلق فوضى
[2026-07-24 07:04:56]   + جديد: تراجع الذهب قرب 4030 دولاراً بضغط من صعود النفط ومخاوف الفائ
[2026-07-24 07:04:57]   + جديد: إيران ترفض مقترحاً أميركياً لوقف إطلاق النار نقله رئيس الوزر
[2026-07-24 07:04:59]   + جديد: النفط يتجه لتسجيل مكاسب أسبوعية مدفوعة بهجمات الحوثيين وخفض 
[2026-07-24 07:04:59] جاري فحص: بغداد اليوم
[2026-07-24 07:05:10]   لا يوجد أخبار جديدة من بغداد اليوم
[2026-07-24 07:05:10] جاري فحص: السومرية نيوز
[2026-07-24 07:05:10]   لا يوجد أخبار جديدة من السومرية نيوز
[2026-07-24 07:05:10] جاري فحص: المدى
[2026-07-24 07:05:10] تعذر فتح صفحة المدى: 403 Client Error: Forbidden for url: https://almadapaper.net/
[2026-07-24 07:05:10]   لا يوجد أخبار جديدة من المدى
[2026-07-24 07:05:10] انتهى التشغيل — أخبار جديدة: 9 — إجمالي محفوظ: 150
[2026-07-24 09:42:52] جاري فحص: شفق نيوز
[2026-07-24 09:42:55]   + جديد: بغداد تُفنّد تقرير "نيويورك تايمز": مزاعمه عارية عن الصحة
[2026-07-24 09:42:57]   + جديد: 390 يوما تحولت إلى 14 سنة.. مشروع ماء بـ50 مليار دينار ما زا
[2026-07-24 09:42:59]   + جديد: العثور على صاروخين حربيين في صحراء المثنى
[2026-07-24 09:43:00]   + جديد: قوة من النزاهة ومكافحة الإرهاب تعتقل 4 مقاولين في الديوانية
[2026-07-24 09:43:02]   + جديد: تبخر 800 مليار دولار بيوم واحد.. الذكاء الاصطناعي يهز عرش عم
[2026-07-24 09:43:04]   + جديد: بعد موسم من "القحط".. وفرة المياه تعُيد زراعة "العنبر" في ال
[2026-07-24 09:43:06]   + جديد: بغداد وأربيل تبحثان توحيد "المنفيست" وبطاقات السير للحد من ا
[2026-07-24 09:43:08]   + جديد: إيران: استهدفنا قواعد ومستودعات للجيش الأميركي في الكويت
[2026-07-24 09:43:10]   + جديد: صاعقة تضرب صاروخاً صينياً بعد إقلاعه.. والمهمة تنتهي بنجاح (
[2026-07-24 09:43:12]   + جديد: مطار أربيل ينفي توقف الرحلات الجوية رغم سقوط مسيّرة بالقرب م
[2026-07-24 09:43:14]   + جديد: مقتل اسرائيلي واصابة 3 في الضفة.. نتنياهو وبن غفير يتوعدان
[2026-07-24 09:43:15]   + جديد: النواب الأميركي يوافق على إعادة تسمية وزارة الدفاع إلى "وزار
[2026-07-24 09:43:15] جاري فحص: بغداد اليوم
[2026-07-24 09:43:16]   لا يوجد أخبار جديدة من بغداد اليوم
[2026-07-24 09:43:16] جاري فحص: السومرية نيوز
[2026-07-24 09:43:17]   لا يوجد أخبار جديدة من السومرية نيوز
[2026-07-24 09:43:17] جاري فحص: المدى
[2026-07-24 09:43:17] تعذر فتح صفحة المدى: 403 Client Error: Forbidden for url: https://almadapaper.net/
[2026-07-24 09:43:17]   لا يوجد أخبار جديدة من المدى
[2026-07-24 09:43:17] انتهى التشغيل — أخبار جديدة: 12 — إجمالي محفوظ: 150
[2026-07-24 11:38:51] جاري فحص: شفق نيوز
[2026-07-24 11:38:54]   + جديد: عقوبات تتجه نحو بغداد.. تقرير يحث ترمب على استهداف من يوقع "
[2026-07-24 11:38:56]   + جديد: مكافحة الارهاب في كوردستان: التحالف الدولي يسقط 5 مسيّرات مف
[2026-07-24 11:38:57]   + جديد: أسعار النفط تواصل تراجعها.. برنت ينخفض إلى 96 دولاراً والخام
[2026-07-24 11:38:59]   + جديد: البحرين تعلن التصدي لـ"اعتداءات إيرانية"
[2026-07-24 11:39:01]   + جديد: غرق شاب في سد الخاصة وإنقاذ سائق سقطت عجلته بنهر بالشلامجة (
[2026-07-24 11:39:04]   + جديد: موجات الحر تكبّد لندن خسارة بملياري دولار
[2026-07-24 11:39:06]   + جديد: بعد تدخل رونالدو.. حيدر عبد الكريم يلتحق بمعسكر النصر في لشب
[2026-07-24 11:39:08]   + جديد: ذي قار..  مؤتمر محلي داعم للقضاء والزيدي بمحاربة الفساد
[2026-07-24 11:39:10]   + جديد: سلام تحت فوهة الصواريخ : بين باريس وبرلين شبح الذرة وغريزة ا
[2026-07-24 11:39:12]   + جديد: أسر الوظيفة العامة: معضلة العقود والخريجين في ميزان الدولة و
[2026-07-24 11:39:14]   + جديد: بعد 25 سنة من  الجفاف.. بساتين مندلي تتنعش بإطلاقات مائية عا
[2026-07-24 11:39:16]   + جديد: 9 قتلى و27 جريحاً من الشرطة بتفجير انتحاري في باكستان
[2026-07-24 11:39:16] جاري فحص: بغداد اليوم
[2026-07-24 11:39:26]   لا يوجد أخبار جديدة من بغداد اليوم
[2026-07-24 11:39:26] جاري فحص: السومرية نيوز
[2026-07-24 11:39:27]   لا يوجد أخبار جديدة من السومرية نيوز
[2026-07-24 11:39:27] جاري فحص: المدى
[2026-07-24 11:39:27] تعذر فتح صفحة المدى: 403 Client Error: Forbidden for url: https://almadapaper.net/
[2026-07-24 11:39:27]   لا يوجد أخبار جديدة من المدى
[2026-07-24 11:39:27] انتهى التشغيل — أخبار جديدة: 12 — إجمالي محفوظ: 150
[2026-07-24 13:27:52] جاري فحص: شفق نيوز
[2026-07-24 13:27:55]   + جديد: جمعية الأسماك العراقية: القضاء على "الجري الأفريقي" لم يعد م
[2026-07-24 13:27:57]   + جديد: قرية سورية تتحدث اليونانية.. قصة "الحميدية" التي حافظت على ل
[2026-07-24 13:27:59]   + جديد: بسبب "المحتوى الهابط".. القضاء العراقي يصدر تكليفاً بالحضور 
[2026-07-24 13:28:01]   + جديد: تربية كركوك تنفي صلة قرابة بين مدير مركز امتحاني والأشقاء ال
[2026-07-24 13:28:03]   + جديد: بعد مقتل وإصابة إسرائيليين.. نتنياهو وكاتس يقرران البدء بتشر
[2026-07-24 13:28:05]   + جديد: "كمين محكم" يطيح بمبتز إلكتروني في بغداد (فيديو)
[2026-07-24 13:28:05] جاري فحص: بغداد اليوم
[2026-07-24 13:28:16]   لا يوجد أخبار جديدة من بغداد اليوم
[2026-07-24 13:28:16] جاري فحص: السومرية نيوز
[2026-07-24 13:28:17]   لا يوجد أخبار جديدة من السومرية نيوز
[2026-07-24 13:28:17] جاري فحص: المدى
[2026-07-24 13:28:17] تعذر فتح صفحة المدى: 403 Client Error: Forbidden for url: https://almadapaper.net/
[2026-07-24 13:28:17]   لا يوجد أخبار جديدة من المدى
[2026-07-24 13:28:17] انتهى التشغيل — أخبار جديدة: 6 — إجمالي محفوظ: 150
[2026-07-24 15:13:21] جاري فحص: شفق نيوز
[2026-07-24 15:13:24]   + جديد: "لا مكان لدفن موتانا".. أهالي بهرز يتظاهرون والمقبرة تتصدر ا
[2026-07-24 15:13:26]   + جديد: قصف إيراني جديد يستهدف الكويت
[2026-07-24 15:13:28]   + جديد: عقوبات أميركية تستهدف 4 أفراد و9 شركات مرتبطة بإيران
[2026-07-24 15:13:30]   + جديد: أزمة وقود حادة تضرب إقليم كوردستان.. شلل بالمحطات وطوابير عل
[2026-07-24 15:13:32]   + جديد: إعلام إيراني: وفد عُماني يصل طهران لبحث إدارة هرمز
[2026-07-24 15:13:33]   + جديد: النجف تستعد للأربعينية.. أسواق موسمية وآلاف الباعة يترقبون ا
[2026-07-24 15:13:35]   + جديد: عراقجي: لن نقبل بوقف إطلاق نار مؤقت
[2026-07-24 15:13:37]   + جديد: عقوبات أوروبية على قضاة إيرانيين لـ"انتهاكهم" حقوق الإنسان
[2026-07-24 15:13:39]   + جديد: لغز "أين الجميع؟".. دراسة تفسّر سبب فشل العثور على حضارات فض
[2026-07-24 15:13:41]   + جديد: إيران تعلن استهداف إقليم كوردستان والكويت والبحرين والأردن (
[2026-07-24 15:13:41] جاري فحص: بغداد اليوم
[2026-07-24 15:13:41]   لا يوجد أخبار جديدة من بغداد اليوم
[2026-07-24 15:13:41] جاري فحص: السومرية نيوز
[2026-07-24 15:13:42]   لا يوجد أخبار جديدة من السومرية نيوز
[2026-07-24 15:13:42] جاري فحص: المدى
[2026-07-24 15:13:42] تعذر فتح صفحة المدى: 403 Client Error: Forbidden for url: https://almadapaper.net/
[2026-07-24 15:13:42]   لا يوجد أخبار جديدة من المدى
[2026-07-24 15:13:42] انتهى التشغيل — أخبار جديدة: 10 — إجمالي محفوظ: 150
[2026-07-24 17:03:06] جاري فحص: شفق نيوز
[2026-07-24 17:03:09]   + جديد: "وول ستريت جورنال": البحرين والكويت نفذتا ضربات مباشرة داخل 
[2026-07-24 17:03:11]   + جديد: محاصرة مقر فصيل شيعي مسلح في أطراف بغداد
[2026-07-24 17:03:13]   + جديد: في العراق والأردن وإسرائيل.. سفارات أميركا تدعو إلى الاستعدا
[2026-07-24 17:03:15]   + جديد: باكستان تشترط وقف الهجمات الإيرانية على الخليج لاستئناف المح
[2026-07-24 17:03:17]   + جديد: التعادل يحسم مواجهة الكرخ والكهرباء الودية في دهوك
[2026-07-24 17:03:19]   + جديد: من "عاصفة الصحراء" إلى هرمز.. "فورين آفيرز" ترصد نهاية 35 عا
[2026-07-24 17:03:21]   + جديد: ترمب: موسكو وبكين تعهدتا بعدم بيع الأسلحة لإيران
[2026-07-24 17:03:23]   + جديد: معاهدة لوزان: مئوية الانكسار الكردي وصناعة الشرطي التركي في 
[2026-07-24 17:03:25]   + جديد: كركوك تحتضن بطولتي اليد وخماسي الرواد
[2026-07-24 17:03:25] جاري فحص: بغداد اليوم
[2026-07-24 17:03:26]   لا يوجد أخبار جديدة من بغداد اليوم
[2026-07-24 17:03:26] جاري فحص: السومرية نيوز
[2026-07-24 17:03:26]   لا يوجد أخبار جديدة من السومرية نيوز
[2026-07-24 17:03:26] جاري فحص: المدى
[2026-07-24 17:03:26] تعذر فتح صفحة المدى: 403 Client Error: Forbidden for url: https://almadapaper.net/
[2026-07-24 17:03:26]   لا يوجد أخبار جديدة من المدى
[2026-07-24 17:03:26] انتهى التشغيل — أخبار جديدة: 9 — إجمالي محفوظ: 150
[2026-07-24 18:56:26] جاري فحص: شفق نيوز
[2026-07-24 18:56:28]   + جديد: "محلة التوراة".. تراث يهود العراق في بغداد يواجه الاندثار (ص
[2026-07-24 18:56:29]   + جديد: واشنطن: الموقع المستهدف في معبر الشلامجة يبعد أمتاراً عن حدو
[2026-07-24 18:56:31]   + جديد: هجوم على ناقلة غاز بالمياه الإيرانية
[2026-07-24 18:56:33]   + جديد: التعادل الايجابي يحسم مواجهة أربيل والجولان الودية
[2026-07-24 18:56:34]   + جديد: طقس العراق.. انخفاض مؤقت في درجات الحرارة خلال الأسبوع المقب
[2026-07-24 18:56:36]   + جديد: ترمب يهدد الاتحاد الأوروبي دفاعاً عن الشركات الأميركية: لسنا
[2026-07-24 18:56:37]   + جديد: إحباط محاولة تهريب عملة أجنبية عبر مطار بغداد
[2026-07-24 18:56:39]   + جديد: الحمى السياسية
[2026-07-24 18:56:39] جاري فحص: بغداد اليوم
[2026-07-24 18:56:39]   لا يوجد أخبار جديدة من بغداد اليوم
[2026-07-24 18:56:39] جاري فحص: السومرية نيوز
[2026-07-24 18:56:41]   لا يوجد أخبار جديدة من السومرية نيوز
[2026-07-24 18:56:41] جاري فحص: المدى
[2026-07-24 18:56:41] تعذر فتح صفحة المدى: 403 Client Error: Forbidden for url: https://almadapaper.net/
[2026-07-24 18:56:41]   لا يوجد أخبار جديدة من المدى
[2026-07-24 18:56:41] انتهى التشغيل — أخبار جديدة: 8 — إجمالي محفوظ: 150
[2026-07-24 20:18:48] جاري فحص: شفق نيوز
[2026-07-24 20:18:50]   + جديد: الخدمات النيابية: أكثر من 1800 مشروع متلكئ في بغداد والمحافظ
[2026-07-24 20:18:52]   + جديد: غارات تستهدف الحديدة غربي اليمن
[2026-07-24 20:18:54]   + جديد: استهداف سفينة سعودية في البحر الأحمر
[2026-07-24 20:18:55]   + جديد: ترمب: إيران ليست مستعدة لتوقيع اتفاق
[2026-07-24 20:18:57]   + جديد: عضو بالدفاع النيابية: لا حاجة لبقاء التحالف ونطالب بإقرار "خ
[2026-07-24 20:18:59]   + جديد: تحرك أميركي بريطاني لتشكيل تحالف دولي لتأمين هرمز
[2026-07-24 20:19:00]   + جديد: بينها صحة عضوية نواب.. 9 فقرات بجدول أعمال جلسة البرلمان ليو
[2026-07-24 20:19:00] جاري فحص: بغداد اليوم
[2026-07-24 20:19:01]   لا يوجد أخبار جديدة من بغداد اليوم
[2026-07-24 20:19:01] جاري فحص: السومرية نيوز
[2026-07-24 20:19:02]   لا يوجد أخبار جديدة من السومرية نيوز
[2026-07-24 20:19:02] جاري فحص: المدى
[2026-07-24 20:19:02] تعذر فتح صفحة المدى: 403 Client Error: Forbidden for url: https://almadapaper.net/
[2026-07-24 20:19:02]   لا يوجد أخبار جديدة من المدى
[2026-07-24 20:19:02] انتهى التشغيل — أخبار جديدة: 7 — إجمالي محفوظ: 150
[2026-07-24 21:35:54] جاري فحص: شفق نيوز
[2026-07-24 21:35:57]   + جديد: تفاصيل استهداف "الحديدة اليمنية" والبحرين تطلق صافرات الإنذا
[2026-07-24 21:35:59]   + جديد: وفاة آمر لواء في الجيش العراقي "غرقا"
[2026-07-24 21:36:01]   + جديد: كركوك.. إصابة أب وأبنائه بـ"دهس متعمد" واعتقال ثلاثة متهمين 
[2026-07-24 21:36:03]   + جديد: مصرع ضابط مرور بحادث دهس في بغداد
[2026-07-24 21:36:03] جاري فحص: بغداد اليوم
[2026-07-24 21:36:04]   لا يوجد أخبار جديدة من بغداد اليوم
[2026-07-24 21:36:04] جاري فحص: السومرية نيوز
[2026-07-24 21:36:05]   لا يوجد أخبار جديدة من السومرية نيوز
[2026-07-24 21:36:05] جاري فحص: المدى
[2026-07-24 21:36:05] تعذر فتح صفحة المدى: 403 Client Error: Forbidden for url: https://almadapaper.net/
[2026-07-24 21:36:05]   لا يوجد أخبار جديدة من المدى
[2026-07-24 21:36:05] انتهى التشغيل — أخبار جديدة: 4 — إجمالي محفوظ: 150
[2026-07-24 22:57:51] جاري فحص: شفق نيوز
[2026-07-24 22:57:52]   لا يوجد أخبار جديدة من شفق نيوز
[2026-07-24 22:57:52] جاري فحص: بغداد اليوم
[2026-07-24 22:57:53]   لا يوجد أخبار جديدة من بغداد اليوم
[2026-07-24 22:57:53] جاري فحص: السومرية نيوز
[2026-07-24 22:57:53]   لا يوجد أخبار جديدة من السومرية نيوز
[2026-07-24 22:57:53] جاري فحص: المدى
[2026-07-24 22:57:54] تعذر فتح صفحة المدى: 403 Client Error: Forbidden for url: https://almadapaper.net/
[2026-07-24 22:57:54]   لا يوجد أخبار جديدة من المدى
[2026-07-24 22:57:54] انتهى التشغيل — أخبار جديدة: 0 — إجمالي محفوظ: 150
[2026-07-25 00:06:59] جاري فحص: شفق نيوز
[2026-07-25 00:07:00]   لا يوجد أخبار جديدة من شفق نيوز
[2026-07-25 00:07:00] جاري فحص: بغداد اليوم
[2026-07-25 00:07:00]   لا يوجد أخبار جديدة من بغداد اليوم
[2026-07-25 00:07:00] جاري فحص: السومرية نيوز
[2026-07-25 00:07:01]   لا يوجد أخبار جديدة من السومرية نيوز
[2026-07-25 00:07:01] جاري فحص: المدى
[2026-07-25 00:07:01] تعذر فتح صفحة المدى: 403 Client Error: Forbidden for url: https://almadapaper.net/
[2026-07-25 00:07:01]   لا يوجد أخبار جديدة من المدى
[2026-07-25 00:07:01] انتهى التشغيل — أخبار جديدة: 0 — إجمالي محفوظ: 150
[2026-07-25 03:46:51] جاري فحص: شفق نيوز
[2026-07-25 03:46:52]   لا يوجد أخبار جديدة من شفق نيوز
[2026-07-25 03:46:52] جاري فحص: بغداد اليوم
[2026-07-25 03:46:52]   لا يوجد أخبار جديدة من بغداد اليوم
[2026-07-25 03:46:52] جاري فحص: السومرية نيوز
[2026-07-25 03:46:53]   لا يوجد أخبار جديدة من السومرية نيوز
[2026-07-25 03:46:53] جاري فحص: المدى
[2026-07-25 03:46:53] تعذر فتح صفحة المدى: 403 Client Error: Forbidden for url: https://almadapaper.net/
[2026-07-25 03:46:53]   لا يوجد أخبار جديدة من المدى
[2026-07-25 03:46:53] انتهى التشغيل — أخبار جديدة: 0 — إجمالي محفوظ: 150
[2026-07-25 06:13:09] جاري فحص: شفق نيوز
[2026-07-25 06:13:12]   + جديد: بغداد.. مصدر يكشف سبب الانتشار الأمني شرق القناة
[2026-07-25 06:13:13]   + جديد: خام البصرة يحقق مكاسب أسبوعية رغم تراجع أسعار النفط حول العا
[2026-07-25 06:13:15]   + جديد: ترمب: الجانب الإيراني يتحدث معنا حاليا ويريد الاتفاق
[2026-07-25 06:13:16]   + جديد: هل تكفي شمس الصيف لعلاج نقص فيتامين D؟
[2026-07-25 06:13:18]   + جديد: رودري يبلغ السيتي بموقفه من الانتقال إلى مدريد
[2026-07-25 06:13:18] جاري فحص: بغداد اليوم
[2026-07-25 06:13:18]   لا يوجد أخبار جديدة من بغداد اليوم
[2026-07-25 06:13:18] جاري فحص: السومرية نيوز
[2026-07-25 06:13:19]   لا يوجد أخبار جديدة من السومرية نيوز
[2026-07-25 06:13:19] جاري فحص: المدى
[2026-07-25 06:13:19] تعذر فتح صفحة المدى: 403 Client Error: Forbidden for url: https://almadapaper.net/
[2026-07-25 06:13:19]   لا يوجد أخبار جديدة من المدى
[2026-07-25 06:13:19] انتهى التشغيل — أخبار جديدة: 5 — إجمالي محفوظ: 150
[2026-07-25 08:29:06] جاري فحص: شفق نيوز
[2026-07-25 08:29:09]   + جديد: رئيس الجمهورية: لا أمن ولا استقرار في المنطقة دون استقرار ال
[2026-07-25 08:29:11]   + جديد: وفاة شاب في بغداد متأثراً بإصابته بعد سكب شقيقته مادة حارقة 
[2026-07-25 08:29:13]   + جديد: ارتفاع الدولار في بغداد وأربيل مع انطلاق تداولات بداية الأسب
[2026-07-25 08:29:15]   + جديد: للحد من البلاستيك والهدر.. دعوة لتفعيل "الموكب الأخضر" خلال 
[2026-07-25 08:29:17]   + جديد: بعد القصف الإيراني.. اجتماع عراقي - كويتي في منفذ سفوان
[2026-07-25 08:29:19]   + جديد: فرنسا تخلي ضواحي بوردو مع اشتداد حرائق الغابات
[2026-07-25 08:29:20]   + جديد: ميتا تفعّل ميزة تنفيذ المهام تلقائياً في مساعدها للذكاء الاص
[2026-07-25 08:29:22]   + جديد: نجوم العراق في المركز 81 عالمياً والخامس عربياً بتصنيف Opta
[2026-07-25 08:29:24]   + جديد: العراق يشارك في ملتقى الهند الدولي لألعاب القوى الشهر المقبل
[2026-07-25 08:29:26]   + جديد: واشنطن تضاعف ثقلها العسكري.. هل تبدأ الحرب الشاملة؟
[2026-07-25 08:29:26] جاري فحص: بغداد اليوم
[2026-07-25 08:29:26]   لا يوجد أخبار جديدة من بغداد اليوم
[2026-07-25 08:29:26] جاري فحص: السومرية نيوز
[2026-07-25 08:29:27]   لا يوجد أخبار جديدة من السومرية نيوز
[2026-07-25 08:29:27] جاري فحص: المدى
[2026-07-25 08:29:27] تعذر فتح صفحة المدى: 403 Client Error: Forbidden for url: https://almadapaper.net/
[2026-07-25 08:29:27]   لا يوجد أخبار جديدة من المدى
[2026-07-25 08:29:27] انتهى التشغيل — أخبار جديدة: 10 — إجمالي محفوظ: 150
[2026-07-25 10:10:10] جاري فحص: شفق نيوز
[2026-07-25 10:10:13]   + جديد: وزير الداخلية الكويتي من البصرة: من يريد الشر لبلدينا سنحارب
[2026-07-25 10:10:15]   + جديد: مرتبطة بملفات فساد.. ضبط 163 مركبة مهربة خلال 45 يوماً في كر
[2026-07-25 10:10:16]   + جديد: باعتراف والدها.. مقتل امرأة بـ5 إطلاقات نارية جنوبي ذي قار ب
[2026-07-25 10:10:18]   + جديد: الأنبار تشكو بغداد: ضعف التمويل أوقف مشاريع استراتيجية في ال
[2026-07-25 10:10:20]   + جديد: غوتيريش يلتقي الشرع.. أول زيارة لأمين عام أممي إلى سوريا منذ
[2026-07-25 10:10:21]   + جديد: حين تتمزق راية العراق.. ماذا بقي من هيبة الدولة؟
[2026-07-25 10:10:23]   + جديد: سياسة الاقتراض بقانون تشريعي
[2026-07-25 10:10:25]   + جديد: تراجع حاد في صادرات العراق إلى الأردن خلال 2026
[2026-07-25 10:10:26]   + جديد: بين الصورية والحقيقة
[2026-07-25 10:10:28]   + جديد: نبض الشارع: بين "سلاح العصر" و"فخ التيه".. الذكاء الاصطناعي 
[2026-07-25 10:10:30]   + جديد: استرداد الأموال وانتصار العدالة
[2026-07-25 10:10:31]   + جديد: علاء مجيد.. حين يصبح المايسترو ذاكرة تمشي على قدمين
[2026-07-25 10:10:31] جاري فحص: بغداد اليوم
[2026-07-25 10:10:32]   لا يوجد أخبار جديدة من بغداد اليوم
[2026-07-25 10:10:32] جاري فحص: السومرية نيوز
[2026-07-25 10:10:33]   لا يوجد أخبار جديدة من السومرية نيوز
[2026-07-25 10:10:33] جاري فحص: المدى
[2026-07-25 10:10:33] تعذر فتح صفحة المدى: 403 Client Error: Forbidden for url: https://almadapaper.net/
[2026-07-25 10:10:33]   لا يوجد أخبار جديدة من المدى
[2026-07-25 10:10:33] انتهى التشغيل — أخبار جديدة: 12 — إجمالي محفوظ: 150
[2026-07-25 11:42:17] جاري فحص: شفق نيوز
[2026-07-25 11:42:19]   + جديد: ارتفاع حصيلة حادث طريق "دمشق - دير الزور" لـ35 قتيلاً و30 مص
[2026-07-25 11:42:21]   + جديد: شعَرَ بها السكان.. هزة أرضية تضرب ديالى بقوة 3.7 درجات
[2026-07-25 11:42:22]   + جديد: تقرير دولي: 60% من سكان العراق يحصلون على مياه شرب آمنة
[2026-07-25 11:42:24]   + جديد: فصيل عراقي: لم ننفذ أي عمل عسكري ضد أربيل أو الكويت
[2026-07-25 11:42:25]   + جديد: تحرك حكومي لعلاج البطل الآسيوي هيثم جلوب بعد تدهور حالته الص
[2026-07-25 11:42:27]   + جديد: نيويورك تايمز: مجتبى خامنئي منفتح على امتلاك سلاح نووي أكثر 
[2026-07-25 11:42:28]   + جديد: ائتلاف العبادي: تداعيات الحرب تتطلب "دبلوماسية عالية" بين وا
[2026-07-25 11:42:30]   + جديد: الشرق الأوسط يتصدر خسائر الاستثمار الأجنبي في 2026
[2026-07-25 11:42:31]   + جديد: تمهيداً لاستضافته داخل البرلمان.. لجنة الطاقة تُسائل وزير ال
[2026-07-25 11:42:31] جاري فحص: بغداد اليوم
[2026-07-25 11:42:32]   لا يوجد أخبار جديدة من بغداد اليوم
[2026-07-25 11:42:32] جاري فحص: السومرية نيوز
[2026-07-25 11:42:32]   لا يوجد أخبار جديدة من السومرية نيوز
[2026-07-25 11:42:32] جاري فحص: المدى
[2026-07-25 11:42:33] تعذر فتح صفحة المدى: 403 Client Error: Forbidden for url: https://almadapaper.net/
[2026-07-25 11:42:33]   لا يوجد أخبار جديدة من المدى
[2026-07-25 11:42:33] انتهى التشغيل — أخبار جديدة: 9 — إجمالي محفوظ: 150
[2026-07-25 13:16:06] جاري فحص: شفق نيوز
[2026-07-25 13:16:10]   + جديد: "انتهاك لحق الملايين".. تحذير حقوقي من تداعيات انقطاع الكهرب
[2026-07-25 13:16:12]   + جديد: بقوة أمنية خاصة.. اعتقال مسؤولين بارزين سابقين وحاليين في بل
[2026-07-25 13:16:14]   + جديد: مع انقضاء المهلة.. تحرك نيابي مرتقب لضمان إقرار قانون الحشد 
[2026-07-25 13:16:15]   + جديد: الدفاعات الجوية تُسقط طائرة مسيّرة في أربيل
[2026-07-25 13:16:17]   + جديد: بسبب أزمة هرمز.. وزير النفط العراقي يوجه بإيجاد بدائل لتصدير
[2026-07-25 13:16:19]   + جديد: "نيوزويك": حرب إيران تسجل أدنى شعبية بين الأميركيين مقارنة ب
[2026-07-25 13:16:21]   + جديد: الحوثيون يعلنون استهداف منشآت نفط في السعودية ويهددون بتصعيد
[2026-07-25 13:16:23]   + جديد: الأمن النيابية: الدفاع بحاجة لـ 100 ألف عنصر ونسعى لتخصيص 30
[2026-07-25 13:16:25]   + جديد: مسلحون يهاجمون لجنة رفع التجاوزات في ميسان ونينوى تسجل حالة 
[2026-07-25 13:16:27]   + جديد: علماء يطورون شوكولاتة مقاومة للحرارة
[2026-07-25 13:16:28]   + جديد: الكونغو تعلن 1309 وفيات بالإيبولا بنسبة تبلغ 44%
[2026-07-25 13:16:30]   + جديد: غوتيريش من دمشق: الجولان أرض سورية والأمم المتحدة تدعم تعافي
[2026-07-25 13:16:30] جاري فحص: بغداد اليوم
[2026-07-25 13:16:42]   لا يوجد أخبار جديدة من بغداد اليوم
[2026-07-25 13:16:42] جاري فحص: السومرية نيوز
[2026-07-25 13:16:43]   لا يوجد أخبار جديدة من السومرية نيوز
[2026-07-25 13:16:43] جاري فحص: المدى
[2026-07-25 13:16:43] تعذر فتح صفحة المدى: 403 Client Error: Forbidden for url: https://almadapaper.net/
[2026-07-25 13:16:43]   لا يوجد أخبار جديدة من المدى
[2026-07-25 13:16:43] انتهى التشغيل — أخبار جديدة: 12 — إجمالي محفوظ: 150
[2026-07-25 14:46:05] جاري فحص: شفق نيوز
[2026-07-25 14:46:07]   + جديد: محتجون يقطعون طريق "كركوك – يايجي" للمطالبة بحلول عاجلة لأزم
[2026-07-25 14:46:09]   + جديد: تقترب من 150 ألفاً.. انخفاض أسعار الدولار في بغداد وأربيل مع
[2026-07-25 14:46:10]   + جديد: بعد هجوم تل.. إسرائيل تعتقل 80 فلسطينياً وتفصل محافظات شمال 
[2026-07-25 14:46:12]   + جديد: كتلة حقوق النيابية تعترض على الحسابات الختامية: مرسلة من حكو
[2026-07-25 14:46:13]   + جديد: إلغاء وفك ارتباط.. تغييرات هيكلية بالبنك المركزي العراقي (وث
[2026-07-25 14:46:15]   + جديد: إعلام عبري: إسرائيل تترقب قرار ترمب بشأن المواجهة مع إيران
[2026-07-25 14:46:17]   + جديد: غزة.. اغتيال مسؤول أمني في حماس وإصابة آخر بغارات إسرائيلية
[2026-07-25 14:46:18]   + جديد: "امتيازات لعوائل متنفذين".. تحرك نيابي يكشف شبهات فساد في دي
[2026-07-25 14:46:20]   + جديد: رجل يقتل زوجته الثانية في كركوك
[2026-07-25 14:46:20] جاري فحص: بغداد اليوم
[2026-07-25 14:46:20]   لا يوجد أخبار جديدة من بغداد اليوم
[2026-07-25 14:46:20] جاري فحص: السومرية نيوز
[2026-07-25 14:46:21]   لا يوجد أخبار جديدة من السومرية نيوز
[2026-07-25 14:46:21] جاري فحص: المدى
[2026-07-25 14:46:21] تعذر فتح صفحة المدى: 403 Client Error: Forbidden for url: https://almadapaper.net/
[2026-07-25 14:46:21]   لا يوجد أخبار جديدة من المدى
[2026-07-25 14:46:21] انتهى التشغيل — أخبار جديدة: 9 — إجمالي محفوظ: 150
[2026-07-25 16:01:47] جاري فحص: شفق نيوز
[2026-07-25 16:01:49]   + جديد: غداً.. قطر تستأنف الملاحة البحرية بالكامل
[2026-07-25 16:01:51]   + جديد: عراقجي: لا عداء مع الجوار وطهران تتمسك بالكلمة الفصل في هرمز
[2026-07-25 16:01:52]   + جديد: الكهرباء العراقية تعول على استكمال مشاريع الربط مع دول الجوا
[2026-07-25 16:01:54]   + جديد: فرنسا.. احتجاز 6 متهمين بالتخطيط لاستهداف كنيس يهودي
[2026-07-25 16:01:54] جاري فحص: بغداد اليوم
[2026-07-25 16:02:02]   لا يوجد أخبار جديدة من بغداد اليوم
[2026-07-25 16:02:02] جاري فحص: السومرية نيوز
[2026-07-25 16:02:02]   لا يوجد أخبار جديدة من السومرية نيوز
[2026-07-25 16:02:02] جاري فحص: المدى
[2026-07-25 16:02:02] تعذر فتح صفحة المدى: 403 Client Error: Forbidden for url: https://almadapaper.net/
[2026-07-25 16:02:02]   لا يوجد أخبار جديدة من المدى
[2026-07-25 16:02:02] انتهى التشغيل — أخبار جديدة: 4 — إجمالي محفوظ: 150
[2026-07-25 17:28:43] جاري فحص: شفق نيوز
[2026-07-25 17:28:45]   + جديد: مهرجان اربيل الصيفي.. منصة مجانية لدعم المشاريع الصغيرة وتنش
[2026-07-25 17:28:47]   + جديد: من المنذرية تبدأ الحكاية.. 65 موكباً تستنفر لخدمة زوار الأرب
[2026-07-25 17:28:49]   + جديد: العراق يعلن استقبال أكثر من 1.27 مليون وافد منذ مطلع محرم
[2026-07-25 17:28:50]   + جديد: "نيويورك بوست": الخطة الأميركية لاقتحام المنشآت النووية الإي
[2026-07-25 17:28:52]   + جديد: هجوم سيبراني إيراني يضرب اتصالات ولاية أميركية
[2026-07-25 17:28:54]   + جديد: إعلام عبري: تم تأجيل هجوم كبير على إيران ليلة أمس
[2026-07-25 17:28:54] جاري فحص: بغداد اليوم
[2026-07-25 17:28:54]   لا يوجد أخبار جديدة من بغداد اليوم
[2026-07-25 17:28:54] جاري فحص: السومرية نيوز
[2026-07-25 17:28:56]   لا يوجد أخبار جديدة من السومرية نيوز
[2026-07-25 17:28:56] جاري فحص: المدى
[2026-07-25 17:28:56] تعذر فتح صفحة المدى: 403 Client Error: Forbidden for url: https://almadapaper.net/
[2026-07-25 17:28:56]   لا يوجد أخبار جديدة من المدى
[2026-07-25 17:28:56] انتهى التشغيل — أخبار جديدة: 6 — إجمالي محفوظ: 150
[2026-07-25 18:28:16] جاري فحص: شفق نيوز
[2026-07-25 18:28:19]   + جديد: نيجيرفان بارزاني يعزي سوريا بضحايا الحادث المروري ويعرب عن ت
[2026-07-25 18:28:20]   + جديد: مؤتمرات رسمية وعنف متصاعد.. أين الحماية القانونية لنساء العر
[2026-07-25 18:28:22]   + جديد: منتخب شباب العراق يبدأ تدريباته في بغداد.. ويونس محمود يؤكد 
[2026-07-25 18:28:24]   + جديد: أنغام تعانق التراث.. دانا محيي الدين يُحيي ملحمة "مَم و زين"
[2026-07-25 18:28:26]   + جديد: واسط بطلاً وديالى وصيفاً في بطولة المراكز لكرة اليد بكركوك
[2026-07-25 18:28:28]   + جديد: الحرس الثوري يعلن حصيلة "ثقيلة" لهجماته على القوات الأميركية
[2026-07-25 18:28:30]   + جديد: الليلة أو غداً.. اتفاق إيراني - عُماني مرتقب بشأن هرمز
[2026-07-25 18:28:32]   + جديد: كرمانشاه.. نبع "هرسين" ثراء تاريخي يصارع الإهمال والتوسع الع
[2026-07-25 18:28:32] جاري فحص: بغداد اليوم
[2026-07-25 18:28:32]   لا يوجد أخبار جديدة من بغداد اليوم
[2026-07-25 18:28:32] جاري فحص: السومرية نيوز
[2026-07-25 18:28:33]   لا يوجد أخبار جديدة من السومرية نيوز
[2026-07-25 18:28:33] جاري فحص: المدى
[2026-07-25 18:28:33] تعذر فتح صفحة المدى: 403 Client Error: Forbidden for url: https://almadapaper.net/
[2026-07-25 18:28:33]   لا يوجد أخبار جديدة من المدى
[2026-07-25 18:28:33] انتهى التشغيل — أخبار جديدة: 8 — إجمالي محفوظ: 150
[2026-07-25 19:44:10] جاري فحص: شفق نيوز
[2026-07-25 19:44:12]   + جديد: خاص.. مباحثات عراقية في أنقرة لزيادة تصدير النفط عبر جيهان
[2026-07-25 19:44:13]   + جديد: رفع صورة علي خامنئي يفجر توتراً.. ماذا جرى في كربلاء؟
[2026-07-25 19:44:15]   + جديد: بينهم قائد خلية ومسؤول استخباري.. إسرائيل تغتال 3 أفراد من ح
[2026-07-25 19:44:16]   + جديد: بعد جدل وانتقادات.. نداء كاظم يتمسك برؤيته لتمثال الجواهري
[2026-07-25 19:44:18]   + جديد: انسحاب شركة من مشروع التحول الذكي في كركوك ومجلس المحافظة يط
[2026-07-25 19:44:18] جاري فحص: بغداد اليوم
[2026-07-25 19:44:26]   لا يوجد أخبار جديدة من بغداد اليوم
[2026-07-25 19:44:26] جاري فحص: السومرية نيوز
[2026-07-25 19:44:28]   لا يوجد أخبار جديدة من السومرية نيوز
[2026-07-25 19:44:28] جاري فحص: المدى
[2026-07-25 19:44:28] تعذر فتح صفحة المدى: 403 Client Error: Forbidden for url: https://almadapaper.net/
[2026-07-25 19:44:28]   لا يوجد أخبار جديدة من المدى
[2026-07-25 19:44:28] انتهى التشغيل — أخبار جديدة: 5 — إجمالي محفوظ: 150
[2026-07-25 20:45:01] جاري فحص: شفق نيوز
[2026-07-25 20:45:04]   + جديد: الجيش الإيراني يتبنى رسمياً استهدافات في أربيل
[2026-07-25 20:45:06]   + جديد: العراق يعطل الدوام الرسمي يومي 3 و4 آب بمناسبة الأربعينية
[2026-07-25 20:45:08]   + جديد: ترمب: إيقاف الهجمات "مؤقتا" ضد طهران لا يعني "التراجع"
[2026-07-25 20:45:10]   + جديد: زيلينسكي: روسيا تعتزم استقدام 30 ألف جندي كوري شمالي
[2026-07-25 20:45:12]   + جديد: طهران: الهجوم الأوكراني على سفينة إيرانية محاولة لإشعال الحر
[2026-07-25 20:45:12] جاري فحص: بغداد اليوم
[2026-07-25 20:45:12]   لا يوجد أخبار جديدة من بغداد اليوم
[2026-07-25 20:45:12] جاري فحص: السومرية نيوز
[2026-07-25 20:45:14]   لا يوجد أخبار جديدة من السومرية نيوز
[2026-07-25 20:45:14] جاري فحص: المدى
[2026-07-25 20:45:14] تعذر فتح صفحة المدى: 403 Client Error: Forbidden for url: https://almadapaper.net/
[2026-07-25 20:45:14]   لا يوجد أخبار جديدة من المدى
[2026-07-25 20:45:14] انتهى التشغيل — أخبار جديدة: 5 — إجمالي محفوظ: 150
[2026-07-25 21:51:44] جاري فحص: شفق نيوز
[2026-07-25 21:51:46]   + جديد: نواف سلام في بغداد.. "الفيول" مقابل تصدير النفط العراقي
[2026-07-25 21:51:48]   + جديد: العراق يفعل الاتفاق الإطاري للمياه مع تركيا ويقر حزمة قرارات
[2026-07-25 21:51:50]   + جديد: احتراق ثلاث صهاريج وقود يشعل حريقاً كبيراً على طريق دهوك- ال
[2026-07-25 21:51:51]   + جديد: العراق يتوج بطلاً للبطولة العربية لخماسي كرة القدم للرواد
[2026-07-25 21:51:51] جاري فحص: بغداد اليوم
[2026-07-25 21:51:52]   لا يوجد أخبار جديدة من بغداد اليوم
[2026-07-25 21:51:52] جاري فحص: السومرية نيوز
[2026-07-25 21:51:53]   لا يوجد أخبار جديدة من السومرية نيوز
[2026-07-25 21:51:53] جاري فحص: المدى
[2026-07-25 21:51:53] تعذر فتح صفحة المدى: 403 Client Error: Forbidden for url: https://almadapaper.net/
[2026-07-25 21:51:53]   لا يوجد أخبار جديدة من المدى
[2026-07-25 21:51:53] انتهى التشغيل — أخبار جديدة: 4 — إجمالي محفوظ: 150
[2026-07-25 22:51:23] جاري فحص: شفق نيوز
[2026-07-25 22:51:24]   لا يوجد أخبار جديدة من شفق نيوز
[2026-07-25 22:51:24] جاري فحص: بغداد اليوم
[2026-07-25 22:51:30]   لا يوجد أخبار جديدة من بغداد اليوم
[2026-07-25 22:51:30] جاري فحص: السومرية نيوز
[2026-07-25 22:51:31]   لا يوجد أخبار جديدة من السومرية نيوز
[2026-07-25 22:51:31] جاري فحص: المدى
[2026-07-25 22:51:31] تعذر فتح صفحة المدى: 403 Client Error: Forbidden for url: https://almadapaper.net/
[2026-07-25 22:51:31]   لا يوجد أخبار جديدة من المدى
[2026-07-25 22:51:31] انتهى التشغيل — أخبار جديدة: 0 — إجمالي محفوظ: 150
[2026-07-25 23:57:00] جاري فحص: شفق نيوز
[2026-07-25 23:57:01]   لا يوجد أخبار جديدة من شفق نيوز
[2026-07-25 23:57:01] جاري فحص: بغداد اليوم
[2026-07-25 23:57:01]   لا يوجد أخبار جديدة من بغداد اليوم
[2026-07-25 23:57:01] جاري فحص: السومرية نيوز
[2026-07-25 23:57:03]   لا يوجد أخبار جديدة من السومرية نيوز
[2026-07-25 23:57:03] جاري فحص: المدى
[2026-07-25 23:57:03] تعذر فتح صفحة المدى: 403 Client Error: Forbidden for url: https://almadapaper.net/
[2026-07-25 23:57:03]   لا يوجد أخبار جديدة من المدى
[2026-07-25 23:57:03] انتهى التشغيل — أخبار جديدة: 0 — إجمالي محفوظ: 150
[2026-07-26 02:51:07] جاري فحص: شفق نيوز
[2026-07-26 02:51:08]   لا يوجد أخبار جديدة من شفق نيوز
[2026-07-26 02:51:08] جاري فحص: بغداد اليوم
[2026-07-26 02:51:10]   لا يوجد أخبار جديدة من بغداد اليوم
[2026-07-26 02:51:10] جاري فحص: السومرية نيوز
[2026-07-26 02:51:10]   لا يوجد أخبار جديدة من السومرية نيوز
[2026-07-26 02:51:10] جاري فحص: المدى
[2026-07-26 02:51:10] تعذر فتح صفحة المدى: 403 Client Error: Forbidden for url: https://almadapaper.net/
[2026-07-26 02:51:10]   لا يوجد أخبار جديدة من المدى
[2026-07-26 02:51:10] انتهى التشغيل — أخبار جديدة: 0 — إجمالي محفوظ: 150
[2026-07-26 05:57:09] جاري فحص: شفق نيوز
[2026-07-26 05:57:13]   + جديد: مصادر: المباحثات بين مسقط وطهران بشأن إعادة فتح الممرات الما
[2026-07-26 05:57:15]   + جديد: طهران تجري محادثات مع مسقط بشأن هرمز: لا تغيير في حركة الملا
[2026-07-26 05:57:17]   + جديد: القوات الإسرائيلية تتوغل في ريف درعا الغربي بسوريا
[2026-07-26 05:57:19]   + جديد: مقتل شخص وإصابة 17 آخرين بحادث دهس قرب احتفالات لمجتمع الميم
[2026-07-26 05:57:19] جاري فحص: بغداد اليوم
[2026-07-26 05:57:20]   لا يوجد أخبار جديدة من بغداد اليوم
[2026-07-26 05:57:20] جاري فحص: السومرية نيوز
[2026-07-26 05:57:21]   لا يوجد أخبار جديدة من السومرية نيوز
[2026-07-26 05:57:21] جاري فحص: المدى
[2026-07-26 05:57:21] تعذر فتح صفحة المدى: 403 Client Error: Forbidden for url: https://almadapaper.net/
[2026-07-26 05:57:21]   لا يوجد أخبار جديدة من المدى
[2026-07-26 05:57:21] انتهى التشغيل — أخبار جديدة: 4 — إجمالي محفوظ: 150
[2026-07-26 08:27:44] جاري فحص: شفق نيوز
[2026-07-26 08:27:47]   + جديد: افتتاح مقر "مكتب القائد العام" في الخضراء بتشكيل جديد يدمج ق
[2026-07-26 08:27:49]   + جديد: انخفاض جديد بأسعار الذهب في بغداد وأربيل
[2026-07-26 08:27:51]   + جديد: بعد يومين من البحث.. انتشال جثة العميد الركن فيصل جواد من نه
[2026-07-26 08:27:53]   + جديد: السليمانية.. متظاهرون يغلقون طريقا حيويا للمطالبة بالكهرباء 
[2026-07-26 08:27:55]   + جديد: اتحاد السلة يحسم سباق المركز الثالث وترقب لإعلان موعد نهائي 
[2026-07-26 08:27:57]   + جديد: ارتفاع مرتقب بدرجات الحرارة ونهاية وشيكة لـ"رياح البوارح" في
[2026-07-26 08:27:59]   + جديد: موكب حسيني يقطع 90 كيلومتراً عبر الصحراء إلى كربلاء (صور)
[2026-07-26 08:28:01]   + جديد: بعد صعود مؤقت.. الدولار يعاود الانخفاض في بغداد وأربيل
[2026-07-26 08:28:04]   + جديد: طبيبة قلب تحذر من قائمة أطعمة شائعة تزيد خطر تصلب الشرايين و
[2026-07-26 08:28:05]   + جديد: القضاء العراقي يعلن ضبط 27 مليار دينار في قضية وكيل وزارة ال
[2026-07-26 08:28:10]   + جديد: أربيل تحتضن معسكرات الأندية.. تعاقدات جديدة تشعل استعدادات د
[2026-07-26 08:28:12]   + جديد: طهران تطالب بمحاسبة أوكرانيا لمهاجمتها سفينة إيرانية في بحر 
[2026-07-26 08:28:12] جاري فحص: بغداد اليوم
[2026-07-26 08:28:13]   لا يوجد أخبار جديدة من بغداد اليوم
[2026-07-26 08:28:13] جاري فحص: السومرية نيوز
[2026-07-26 08:28:15]   لا يوجد أخبار جديدة من السومرية نيوز
[2026-07-26 08:28:15] جاري فحص: المدى
[2026-07-26 08:28:15] تعذر فتح صفحة المدى: 403 Client Error: Forbidden for url: https://almadapaper.net/
[2026-07-26 08:28:15]   لا يوجد أخبار جديدة من المدى
[2026-07-26 08:28:15] انتهى التشغيل — أخبار جديدة: 12 — إجمالي محفوظ: 150
[2026-07-26 10:18:46] جاري فحص: شفق نيوز
[2026-07-26 10:18:51]   + جديد: الزراعة العراقية تعلن وفرة الأسماك المحلية بالأسواق وتكشف عن
[2026-07-26 10:18:52]   + جديد: جمع تواقيع أكثر من 50 نائباً لتثبيت عقود إقليم كوردستان بالم
[2026-07-26 10:18:55]   + جديد: ممرات جديدة نحو العراق.. سوريا تطلق خطة لتأهيل طرق التجارة ا
[2026-07-26 10:18:57]   + جديد: وصول رئيس الحكومة اللبنانية نواف سلام إلى بغداد
[2026-07-26 10:18:59]   + جديد: ارتطام جسم مجهول بناقلة نفط في البحر الأحمر
[2026-07-26 10:19:01]   + جديد: ما هي صناديق الدخل الثابت وكيف تختلف عن صناديق الأسهم؟
[2026-07-26 10:19:02]   + جديد: السكر أولاً.. العراق يستورد بـ208 ملايين دولار من البرازيل خ
[2026-07-26 10:19:04]   + جديد: أزمة الكهرباء تربك استعدادات قضاء الهندية لاستقبال زائري الأ
[2026-07-26 10:19:06]   + جديد: نيجيرفان بارزاني يؤكد رغبة إقليم كوردستان بتوسيع العلاقات مع
[2026-07-26 10:19:08]   + جديد: النزاهة تضبط مسؤولاً في الموارد المائية بكركوك متلبساً بتهمة
[2026-07-26 10:19:09]   + جديد: كركوك.. محاضرون بالمجان يحتجون ونقابة تضغط لتشغيل أبناء المح
[2026-07-26 10:19:09] جاري فحص: بغداد اليوم
[2026-07-26 10:19:09]   لا يوجد أخبار جديدة من بغداد اليوم
[2026-07-26 10:19:09] جاري فحص: السومرية نيوز
[2026-07-26 10:19:10]   لا يوجد أخبار جديدة من السومرية نيوز
[2026-07-26 10:19:10] جاري فحص: المدى
[2026-07-26 10:19:10] تعذر فتح صفحة المدى: 403 Client Error: Forbidden for url: https://almadapaper.net/
[2026-07-26 10:19:10]   لا يوجد أخبار جديدة من المدى
[2026-07-26 10:19:10] انتهى التشغيل — أخبار جديدة: 11 — إجمالي محفوظ: 150
[2026-07-26 11:43:57] جاري فحص: شفق نيوز
[2026-07-26 11:44:00]   + جديد: مصرع شخصين وإصابة اثنين بحادث سير مروع على طريق الدورة السري
[2026-07-26 11:44:02]   + جديد: جنوب سوريا.. قصف إسرائيلي ومنشورات تحذيرية وتوغل عسكري قبل ز
[2026-07-26 11:44:04]   + جديد: خلال أسبوع.. ارتفاع قيمة التداولات في بورصة العراق 240%
[2026-07-26 11:44:06]   + جديد: الزيدي إلى أنقرة الثلاثاء لبحث جملة ملفات مشتركة
[2026-07-26 11:44:08]   + جديد: غاز الشمال يعلن تعاقداته للموسم الجديد ورئيسه: نسعى للمنافسة
[2026-07-26 11:44:10]   + جديد: اعتقال عضو مجلس محافظة صلاح الدين كامل أشرف بتهم فساد
[2026-07-26 11:44:12]   + جديد: الهند تصدر 24 طناً من البطاطس المقلية المجمدة إلى العراق
[2026-07-26 11:44:13]   + جديد: الدفاع الجوي يغادر إلى الجزائر للمشاركة في البطولة العربية ل
[2026-07-26 11:44:15]   + جديد: إيران تعلن تعليق هجماتها في المنطقة بعد توقف الضربات الأميرك
[2026-07-26 11:44:17]   + جديد: الشرع: العلاقات مع العراق تتطور ونعمل على اتفاق أمني مع إسرا
[2026-07-26 11:44:17] جاري فحص: بغداد اليوم
[2026-07-26 11:44:18]   لا يوجد أخبار جديدة من بغداد اليوم
[2026-07-26 11:44:18] جاري فحص: السومرية نيوز
[2026-07-26 11:44:19]   لا يوجد أخبار جديدة من السومرية نيوز
[2026-07-26 11:44:19] جاري فحص: المدى
[2026-07-26 11:44:19] تعذر فتح صفحة المدى: 403 Client Error: Forbidden for url: https://almadapaper.net/
[2026-07-26 11:44:19]   لا يوجد أخبار جديدة من المدى
[2026-07-26 11:44:19] انتهى التشغيل — أخبار جديدة: 10 — إجمالي محفوظ: 150
[2026-07-26 13:11:18] جاري فحص: شفق نيوز
[2026-07-26 13:11:20]   + جديد: تفاصيل حريق محطة وقود بين دهوك والموصل: إصابة عامل مع اضرار 
[2026-07-26 13:11:22]   + جديد: الزيدي ونواف سلام يترأسان مباحثات عراقية - لبنانية لتعزيز ال
[2026-07-26 13:11:23]   + جديد: إيران: انفجار ناقلة نفط "مخالفة" بعد اصطدامها بلغم بحري في م
[2026-07-26 13:11:25]   + جديد: رحيل رائد المسرح الموصلي محمد الزهيري عن 70 عاماً
[2026-07-26 13:11:27]   + جديد: جراح تجميل في السليمانية يعيد بناء أنف عامل احترق بنسبة 99%
[2026-07-26 13:11:28]   + جديد: مقعدان فقط لآسيا بكرة القدم في أولمبياد لوس أنجلوس 2028
[2026-07-26 13:11:28] جاري فحص: بغداد اليوم
[2026-07-26 13:11:30]   لا يوجد أخبار جديدة من بغداد اليوم
[2026-07-26 13:11:30] جاري فحص: السومرية نيوز
[2026-07-26 13:11:30]   لا يوجد أخبار جديدة من السومرية نيوز
[2026-07-26 13:11:30] جاري فحص: المدى
[2026-07-26 13:11:30] تعذر فتح صفحة المدى: 403 Client Error: Forbidden for url: https://almadapaper.net/
[2026-07-26 13:11:30]   لا يوجد أخبار جديدة من المدى
[2026-07-26 13:11:30] انتهى التشغيل — أخبار جديدة: 6 — إجمالي محفوظ: 150
[2026-07-26 14:48:09] جاري فحص: شفق نيوز
[2026-07-26 14:48:12]   + جديد: كتلة السوداني ترفض المضي بقراءة الحسابات الختامية دون الرجوع
[2026-07-26 14:48:13]   + جديد: مع الإغلاق.. ارتفاع طفيف بأسعار الدولار في بغداد وأربيل
[2026-07-26 14:48:21]   + جديد: بوتين يضيّق الخناق على العمال الأجانب ويفرض شروطاً مالية صار
[2026-07-26 14:48:23]   + جديد: النجف وطهران تبحثان التنسيق المشترك لإنجاح الزيارة الأربعيني
[2026-07-26 14:48:24]   + جديد: زاخو يلاقي الهلال ودهوك يواجه الوحدة ودياً وأربيل يحسم صفقتي
[2026-07-26 14:48:26]   + جديد: غوتيريش من دمشق: انتهاكات إسرائيل لسيادة سوريا مرفوضة وسنرفع
[2026-07-26 14:48:27]   + جديد: "مقبرة السكك".. خردة جاثمة في قلب بغداد (صور)
[2026-07-26 14:48:29]   + جديد: "بيلد": منفذ دهس برلين ألماني لبناني ومناصر لـ"داعش"
[2026-07-26 14:48:31]   + جديد: نائب: وزير الكهرباء أكد اشتراط تزويد العراق بـ10 آلاف ميغاوا
[2026-07-26 14:48:31] جاري فحص: بغداد اليوم
[2026-07-26 14:48:33]   لا يوجد أخبار جديدة من بغداد اليوم
[2026-07-26 14:48:33] جاري فحص: السومرية نيوز
[2026-07-26 14:48:34]   لا يوجد أخبار جديدة من السومرية نيوز
[2026-07-26 14:48:34] جاري فحص: المدى
[2026-07-26 14:48:34] تعذر فتح صفحة المدى: 403 Client Error: Forbidden for url: https://almadapaper.net/
[2026-07-26 14:48:34]   لا يوجد أخبار جديدة من المدى
[2026-07-26 14:48:34] انتهى التشغيل — أخبار جديدة: 9 — إجمالي محفوظ: 150
[2026-07-26 15:58:13] جاري فحص: شفق نيوز
[2026-07-26 15:58:15]   + جديد: الاتحاد العراقي يتمسك بعقد لأربع سنوات مع أرنولد ويمهله يومي
[2026-07-26 15:58:17]   + جديد: لفهم الثقافة والتاريخ.. شغف ألماني متزايد بتعلم اللغة الكورد
[2026-07-26 15:58:18]   + جديد: وعود حكومية بحلها.. أزمة البنزين تتفاقم في أربيل
[2026-07-26 15:58:20]   + جديد: أربيل.. عقوبات تطال 28 محطة وقود بسبب "غش" في البنزين
[2026-07-26 15:58:21]   + جديد: الكابينت الإسرائيلي يصوّت على إدخال "قوة الاستقرار" لغزة
[2026-07-26 15:58:23]   + جديد: واسط تؤكد جاهزيتها لاستقبال زوار الأربعين: الأعداد أقل من ال
[2026-07-26 15:58:25]   + جديد: سوريا.. توغل إسرائيلي جديد واعتقال مواطن بعد مداهمة منزله
[2026-07-26 15:58:27]   + جديد: واشنطن: المحادثات مع إيران جارية
[2026-07-26 15:58:27] جاري فحص: بغداد اليوم
[2026-07-26 15:58:27]   لا يوجد أخبار جديدة من بغداد اليوم
[2026-07-26 15:58:27] جاري فحص: السومرية نيوز
[2026-07-26 15:58:28]   لا يوجد أخبار جديدة من السومرية نيوز
[2026-07-26 15:58:28] جاري فحص: المدى
[2026-07-26 15:58:28] تعذر فتح صفحة المدى: 403 Client Error: Forbidden for url: https://almadapaper.net/
[2026-07-26 15:58:28]   لا يوجد أخبار جديدة من المدى
[2026-07-26 15:58:28] انتهى التشغيل — أخبار جديدة: 8 — إجمالي محفوظ: 150
[2026-07-26 17:06:55] جاري فحص: شفق نيوز
[2026-07-26 17:07:46] تعذر فتح صفحة شفق نيوز: HTTPSConnectionPool(host='shafaq.com', port=443): Read timed out.
[2026-07-26 17:07:46]   لا يوجد أخبار جديدة من شفق نيوز
[2026-07-26 17:07:46] جاري فحص: بغداد اليوم
[2026-07-26 17:07:47]   لا يوجد أخبار جديدة من بغداد اليوم
[2026-07-26 17:07:47] جاري فحص: السومرية نيوز
[2026-07-26 17:07:47]   لا يوجد أخبار جديدة من السومرية نيوز
[2026-07-26 17:07:47] جاري فحص: المدى
[2026-07-26 17:07:47] تعذر فتح صفحة المدى: 403 Client Error: Forbidden for url: https://almadapaper.net/
[2026-07-26 17:07:47]   لا يوجد أخبار جديدة من المدى
[2026-07-26 17:07:47] انتهى التشغيل — أخبار جديدة: 0 — إجمالي محفوظ: 150
[2026-07-26 18:31:07] جاري فحص: شفق نيوز
[2026-07-26 18:31:10]   + جديد: بعد أنقرة.. الزيدي يزور السعودية الخميس المقبل
[2026-07-26 18:31:12]   + جديد: أكثر من 1.5 مليون.. العراق يعلن ارتفاع عدد الوافدين لزيارة ا
[2026-07-26 18:31:13]   + جديد: أزمة البنزين تربك السياحة في دهوك.. شكاوى من صعوبة التنقل وا
[2026-07-26 18:31:15]   + جديد: "أكسيوس": قائد "سنتكوم" أوصى ترمب بتعليق قصف إيران
[2026-07-26 18:31:17]   + جديد: ريال مدريد يحدد سعر فينيسيوس بـ160 مليون يورو
[2026-07-26 18:31:18]   + جديد: المرشد الإيراني يكشف عن شروط طهران للتفاهم مع واشنطن
[2026-07-26 18:31:20]   + جديد: الحشد يهزم نفط ميسان ويتوج بالمركز الثالث في دوري المحترفين 
[2026-07-26 18:31:22]   + جديد: عاصفة "غير مسبوقة" تهدد بضرب "عصب الذكاء الاصطناعي" في تشيلي
[2026-07-26 18:31:23]   + جديد: غزة.. إسرائيل تغتال قائد خلية المسيّرات لحماس
[2026-07-26 18:31:25]   + جديد: الكهرباء "يصعق" نوروز ودياً استعداداً لدوري النجوم
[2026-07-26 18:31:27]   + جديد: الخارجية العراقية تعزي سوريا في ضحايا حادث سير دير الزور- دم
[2026-07-26 18:31:28]   + جديد: بعد أشهر في الفضاء.. "سويوز إم إس-28" تعود بسلام إلى الأرض (
[2026-07-26 18:31:28] جاري فحص: بغداد اليوم
[2026-07-26 18:31:29]   لا يوجد أخبار جديدة من بغداد اليوم
[2026-07-26 18:31:29] جاري فحص: السومرية نيوز
[2026-07-26 18:31:29]   لا يوجد أخبار جديدة من السومرية نيوز
[2026-07-26 18:31:29] جاري فحص: المدى
[2026-07-26 18:31:30] تعذر فتح صفحة المدى: 403 Client Error: Forbidden for url: https://almadapaper.net/
[2026-07-26 18:31:30]   لا يوجد أخبار جديدة من المدى
[2026-07-26 18:31:30] انتهى التشغيل — أخبار جديدة: 12 — إجمالي محفوظ: 150
[2026-07-26 20:06:18] جاري فحص: شفق نيوز
[2026-07-26 20:06:20]   + جديد: الخارجية الإيرانية: تبادل الرسائل مستمر مع واشنطن عبر الوسطا
[2026-07-26 20:06:22]   + جديد: الحوثيون: باب المندب مغلق بالكامل أمام السعودية واستهداف 3 م
[2026-07-26 20:06:24]   + جديد: إعلام: اتصالات صينية لاستئناف المفاوضات الأميركية - الإيراني
[2026-07-26 20:06:25]   + جديد: بعد اشتباك مسلح.. الجيش اللبناني يضبط كمية كبيرة من الكبتاغو
[2026-07-26 20:06:27]   + جديد: الجميلي وال "44" حرامي ومستقبل السياسيين !
[2026-07-26 20:06:29]   + جديد: عرّابو التآكل البطيء: كيف تُدار نهاية الجمهورية الإسلامية بص
[2026-07-26 20:06:30]   + جديد: من تركيا إلى السعودية.. مصادر حكومية تكشف لشفق نيوز أبرز محا
[2026-07-26 20:06:32]   + جديد: دهوك يهزم الوحدة السعودي وزاخو يخسر أمام أنطاليا سبوت التركي
[2026-07-26 20:06:33]   + جديد: مقتل رجل بإطلاق نار داخل مسجد في كلار
[2026-07-26 20:06:35]   + جديد: "شرف عظيم".. المغرب يطلق اسم ترمب على طريق إستراتيجي
[2026-07-26 20:06:35] جاري فحص: بغداد اليوم
[2026-07-26 20:06:36]   لا يوجد أخبار جديدة من بغداد اليوم
[2026-07-26 20:06:36] جاري فحص: السومرية نيوز
[2026-07-26 20:06:36]   لا يوجد أخبار جديدة من السومرية نيوز
[2026-07-26 20:06:36] جاري فحص: المدى
[2026-07-26 20:06:36] تعذر فتح صفحة المدى: 403 Client Error: Forbidden for url: https://almadapaper.net/
[2026-07-26 20:06:36]   لا يوجد أخبار جديدة من المدى
[2026-07-26 20:06:36] انتهى التشغيل — أخبار جديدة: 10 — إجمالي محفوظ: 150
[2026-07-26 21:25:24] جاري فحص: شفق نيوز
[2026-07-26 21:25:26]   + جديد: دبلن.. موظف بمتحف وطالبة قانون متهمان بحيازة متفجرات
[2026-07-26 21:25:28]   + جديد: بصور الذكاء الاصطناعي.. ترمب يهدد بمهاجمة جزيرة خرج وسفناً إ
[2026-07-26 21:25:30]   + جديد: على طريق الأربعين.. 80 كيلومتراً من المفارز الطبية والخدمية 
[2026-07-26 21:25:31]   + جديد: النينيو "الخارقة" تهدد أفريقيا.. خسائر بمليارات الدولارات تل
[2026-07-26 21:25:33]   + جديد: اعتقال 3 مسؤولين في بلدية الديوانية بقضايا فساد
[2026-07-26 21:25:35]   + جديد: قبل لقاء ترمب.. نتنياهو: سأقول "لا" لأي طلب انسحاب من غزة ول
[2026-07-26 21:25:35] جاري فحص: بغداد اليوم
[2026-07-26 21:25:35]   لا يوجد أخبار جديدة من بغداد اليوم
[2026-07-26 21:25:35] جاري فحص: السومرية نيوز
[2026-07-26 21:25:37]   لا يوجد أخبار جديدة من السومرية نيوز
[2026-07-26 21:25:37] جاري فحص: المدى
[2026-07-26 21:25:37] تعذر فتح صفحة المدى: 403 Client Error: Forbidden for url: https://almadapaper.net/
[2026-07-26 21:25:37]   لا يوجد أخبار جديدة من المدى
[2026-07-26 21:25:37] انتهى التشغيل — أخبار جديدة: 6 — إجمالي محفوظ: 150
[2026-07-26 22:29:09] جاري فحص: شفق نيوز
[2026-07-26 22:29:13]   + جديد: المخابرات العراقية تعيد "الدراجي" بعد احتجازه في سوريا لأكثر
[2026-07-26 22:29:14]   + جديد: هزة أرضية تضرب أربيل
[2026-07-26 22:29:14] جاري فحص: بغداد اليوم
[2026-07-26 22:29:15]   لا يوجد أخبار جديدة من بغداد اليوم
[2026-07-26 22:29:15] جاري فحص: السومرية نيوز
[2026-07-26 22:29:16]   لا يوجد أخبار جديدة من السومرية نيوز
[2026-07-26 22:29:16] جاري فحص: المدى
[2026-07-26 22:29:16] تعذر فتح صفحة المدى: 403 Client Error: Forbidden for url: https://almadapaper.net/
[2026-07-26 22:29:16]   لا يوجد أخبار جديدة من المدى
[2026-07-26 22:29:16] انتهى التشغيل — أخبار جديدة: 2 — إجمالي محفوظ: 150
[2026-07-26 23:31:16] جاري فحص: شفق نيوز
[2026-07-26 23:31:17]   لا يوجد أخبار جديدة من شفق نيوز
[2026-07-26 23:31:17] جاري فحص: بغداد اليوم
[2026-07-26 23:31:18]   لا يوجد أخبار جديدة من بغداد اليوم
[2026-07-26 23:31:18] جاري فحص: السومرية نيوز
[2026-07-26 23:31:19]   لا يوجد أخبار جديدة من السومرية نيوز
[2026-07-26 23:31:19] جاري فحص: المدى
[2026-07-26 23:31:19] تعذر فتح صفحة المدى: 403 Client Error: Forbidden for url: https://almadapaper.net/
[2026-07-26 23:31:19]   لا يوجد أخبار جديدة من المدى
[2026-07-26 23:31:19] انتهى التشغيل — أخبار جديدة: 0 — إجمالي محفوظ: 150
[2026-07-27 02:33:19] جاري فحص: شفق نيوز
[2026-07-27 02:33:20]   لا يوجد أخبار جديدة من شفق نيوز
[2026-07-27 02:33:20] جاري فحص: بغداد اليوم
[2026-07-27 02:33:21]   لا يوجد أخبار جديدة من بغداد اليوم
[2026-07-27 02:33:21] جاري فحص: السومرية نيوز
[2026-07-27 02:33:21]   لا يوجد أخبار جديدة من السومرية نيوز
[2026-07-27 02:33:21] جاري فحص: المدى
[2026-07-27 02:33:21] تعذر فتح صفحة المدى: 403 Client Error: Forbidden for url: https://almadapaper.net/
[2026-07-27 02:33:21]   لا يوجد أخبار جديدة من المدى
[2026-07-27 02:33:21] انتهى التشغيل — أخبار جديدة: 0 — إجمالي محفوظ: 150
[2026-07-27 06:25:46] جاري فحص: شفق نيوز
[2026-07-27 06:25:48]   + جديد: ناقلات النفط العراقية تواصل العبور وسط تباطؤ الملاحة في البح
[2026-07-27 06:25:49]   + جديد: صفقات ومعسكرات ووديات.. أندية النجوم تواصل استعداداتها للموس
[2026-07-27 06:25:51]   + جديد: الذهب يرتفع مع تراجع النفط وترقب قرار أميركي
[2026-07-27 06:25:52]   + جديد: النفط يتراجع 4% مع انحسار التوتر بين واشنطن وطهران
[2026-07-27 06:25:54]   + جديد: حرب إيران ترفع عدد المصابين بالجيش الأميركي إلى 624‏
[2026-07-27 06:25:56]   + جديد: إيران تعلن تعرض سفينة لحادث وإعادة 5 أخرى حاولت المرور من هر
[2026-07-27 06:25:57]   + جديد: ملعب الزوراء يحتضن مباريات الشرطة في دوري أبطال آسيا 2
[2026-07-27 06:25:59]   + جديد: وفيات إيبولا ترتفع إلى أكثر من 1400 في الكونغو الديمقراطية
[2026-07-27 06:26:00]   + جديد: إطلاق نار يوقع قتيلين و5 جرحى في واشنطن
[2026-07-27 06:26:00] جاري فحص: بغداد اليوم
[2026-07-27 06:26:01]   لا يوجد أخبار جديدة من بغداد اليوم
[2026-07-27 06:26:01] جاري فحص: السومرية نيوز
[2026-07-27 06:26:02]   لا يوجد أخبار جديدة من السومرية نيوز
[2026-07-27 06:26:02] جاري فحص: المدى
[2026-07-27 06:26:02] تعذر فتح صفحة المدى: 403 Client Error: Forbidden for url: https://almadapaper.net/
[2026-07-27 06:26:02]   لا يوجد أخبار جديدة من المدى
[2026-07-27 06:26:02] انتهى التشغيل — أخبار جديدة: 9 — إجمالي محفوظ: 150
[2026-07-27 10:26:03] جاري فحص: شفق نيوز
[2026-07-27 10:26:06]   + جديد: العراق ثالث أكبر مصدر عربي بـ90 مليار دولار خلال 2025
[2026-07-27 10:26:08]   + جديد: قصف يستهدف موقعاً في جبل هيبة سلطان بأربيل (فيديو)
[2026-07-27 10:26:10]   + جديد: من السليمانية.. الداخلية العراقية تعلن ضبط نحو 17 طن مخدرات 
[2026-07-27 10:26:12]   + جديد: مسرور بارزاني: بعض المسيّرات التي استهدفت أربيل أُرسلت من ني
[2026-07-27 10:26:14]   + جديد: مركز حقوقي يحذر من إغلاق 20 ‏صحيفة عراقية جراء قرار حكومي
[2026-07-27 10:26:16]   + جديد: توترات المنطقة تقلّص التبادل التجاري بين كوردستان وإيران ‏وا
[2026-07-27 10:26:18]   + جديد: ديالى وذي قار.. وفاة ضابط بحادث سير وانتحار فتاة تبلغ 17 عام
[2026-07-27 10:26:20]   + جديد: إقامة قرعة أندية بغداد لدوري الدرجات الأولى والثانية والثالث
[2026-07-27 10:26:22]   + جديد: مسرور بارزاني يتحدث عن "أزمة" اقتصادية في العراق ويكشف أسباب
[2026-07-27 10:26:24]   + جديد: ذي قار.. المؤبد بحق مدانة باستيراد وتجارة المخدرات
[2026-07-27 10:26:25]   + جديد: تراجع الاعتماد على النفط في إيرادات موازنة العراق إلى 84% خل
[2026-07-27 10:26:27]   + جديد: "المخالفة بـ200 ألف دينار".. رادارات وغرامات مشددة في البصرة
[2026-07-27 10:26:27] جاري فحص: بغداد اليوم
[2026-07-27 10:26:28]   لا يوجد أخبار جديدة من بغداد اليوم
[2026-07-27 10:26:28] جاري فحص: السومرية نيوز
[2026-07-27 10:26:29]   لا يوجد أخبار جديدة من السومرية نيوز
[2026-07-27 10:26:29] جاري فحص: المدى
[2026-07-27 10:26:30] تعذر فتح صفحة المدى: 403 Client Error: Forbidden for url: https://almadapaper.net/
[2026-07-27 10:26:30]   لا يوجد أخبار جديدة من المدى
[2026-07-27 10:26:30] انتهى التشغيل — أخبار جديدة: 12 — إجمالي محفوظ: 150
[2026-07-27 13:25:00] جاري فحص: شفق نيوز
[2026-07-27 13:25:03]   + جديد: انخفاض طفيف للدولار في بغداد وأربيل مع إغلاق التداولات
[2026-07-27 13:25:05]   + جديد: حكومة كوردستان تقر حزمة قرارات لمعالجة أزمة البنزين وتطالب ب
[2026-07-27 13:25:07]   + جديد: بعد انتهاء مهلة 48 ساعة .. ارنولد يطلب تجديد العقد لستة اشهر
[2026-07-27 13:25:09]   + جديد: أربع طائرات مسيّرة تستهدف مقرين لحزبين إيرانيين معارضين في أ
[2026-07-27 13:25:11]   + جديد: اندلاع حريق داخل قاعدة عين الأسد بالأنبار
[2026-07-27 13:25:12]   + جديد: رسمياً.. العراق يستضيف بطولة غرب آسيا للشباب في أيلول المقبل
[2026-07-27 13:25:14]   + جديد: السعودية تعلن اعتراض مسيّرات انطلقت من العراق: نحتفظ بحق الر
[2026-07-27 13:25:16]   + جديد: سجن الحوت يبتلع سجيناً ستينياً محكوماً بالإعدام
[2026-07-27 13:25:18]   + جديد: خلل مفاجئ يضرب "إنستغرام" ويتسبب بحذف وتعطيل عشرات الحسابات
[2026-07-27 13:25:20]   + جديد: الجيش الأردني يعلن إسقاط طائرتين مسيّرتين استهدفتا أراضي الم
[2026-07-27 13:25:22]   + جديد: "الداتورا" السامة تعود إلى الأنبار.. دعوات للإبلاغ عن أماكن 
[2026-07-27 13:25:24]   + جديد: 1.7 مليار دولار حجم التجارة بين العراق والسعودية خلال 2025
[2026-07-27 13:25:24] جاري فحص: بغداد اليوم
[2026-07-27 13:25:24]   لا يوجد أخبار جديدة من بغداد اليوم
[2026-07-27 13:25:24] جاري فحص: السومرية نيوز
[2026-07-27 13:25:26]   لا يوجد أخبار جديدة من السومرية نيوز
[2026-07-27 13:25:26] جاري فحص: المدى
[2026-07-27 13:25:26] تعذر فتح صفحة المدى: 403 Client Error: Forbidden for url: https://almadapaper.net/
[2026-07-27 13:25:26]   لا يوجد أخبار جديدة من المدى
[2026-07-27 13:25:26] انتهى التشغيل — أخبار جديدة: 12 — إجمالي محفوظ: 150
[2026-07-27 15:58:43] جاري فحص: شفق نيوز
[2026-07-27 15:58:46]   + جديد: الجيش الأميركي يعطل ويغير مسار 19 سفينة في هرمز
[2026-07-27 15:58:48]   + جديد: 7 مصابين بمشاجرتين منفصلين في نينوى
[2026-07-27 15:58:49]   + جديد: من "روجافا" إلى لندن.. وثائقي يجسد تضحيات النساء الكورديات خ
[2026-07-27 15:58:51]   + جديد: ترمب: قررت تجميد الهجمات على إيران بطلب من دول الوسطاء
[2026-07-27 15:58:53]   + جديد: سقوط طائرة مسيرة "مجهولة الهوية" شمالي بابل (فيديو)
[2026-07-27 15:58:55]   + جديد: دانة غاز تعيد تشغيل حقل "كورمور" في كوردستان بشكل تدريجي
[2026-07-27 15:58:57]   + جديد: المالية النيابية: رواتب شهر تموز سيتم إطلاقها خلال 48 ساعة
[2026-07-27 15:58:59]   + جديد: برلماني: العراق يحتاج 60 ألف ميغاواط والمتوفر 20 ألف حالياً
[2026-07-27 15:59:01]   + جديد: وهيب يتعهد أمام البرلمان بحل أزمة الكهرباء في العراق خلال 15
[2026-07-27 15:59:03]   + جديد: نتنياهو: إيران على رأس مباحثاتي مع ترمب في واشنطن
[2026-07-27 15:59:05]   + جديد: اتفاق "عراقي - أميركي" على تسديد الديون الإيرانية عبر المواد
[2026-07-27 15:59:07]   + جديد: القبض على منتحل صفة مسؤول قضائي ابتز مسؤولين في النجف
[2026-07-27 15:59:07] جاري فحص: بغداد اليوم
[2026-07-27 15:59:07]   لا يوجد أخبار جديدة من بغداد اليوم
[2026-07-27 15:59:07] جاري فحص: السومرية نيوز
[2026-07-27 15:59:09]   لا يوجد أخبار جديدة من السومرية نيوز
[2026-07-27 15:59:09] جاري فحص: المدى
[2026-07-27 15:59:09] تعذر فتح صفحة المدى: 403 Client Error: Forbidden for url: https://almadapaper.net/
[2026-07-27 15:59:09]   لا يوجد أخبار جديدة من المدى
[2026-07-27 15:59:09] انتهى التشغيل — أخبار جديدة: 12 — إجمالي محفوظ: 150
[2026-07-27 17:47:20] جاري فحص: شفق نيوز
[2026-07-27 17:47:22]   + جديد: الزيدي يوجه بالتحقيق باستهداف السعودية بمسيرات من العراق
[2026-07-27 17:47:24]   + جديد: إدانات عربية لمحاولة استهداف منشآت سعودية بمسيّرات أُطلقت من
[2026-07-27 17:47:26]   + جديد: القوة الجوية يستهل معسكره في مصر بفوز ودي على بترول أسيوط
[2026-07-27 17:47:27]   + جديد: الأنبار.. اعتقال 3 نساء ورجل من "داعش" وضبط عشرات الهواتف وش
[2026-07-27 17:47:29]   + جديد: محمد سنجاري يقود الموصل إلى فوز ودي على الميناء
[2026-07-27 17:47:31]   + جديد: كربلاء تعلن أيام العطلة بمناسبة الأربعينية
[2026-07-27 17:47:32]   + جديد: الإعلام الأمني: أكثر من 1.8 مليون أجنبي دخلوا العراق لإحياء 
[2026-07-27 17:47:34]   + جديد: بأمر ديواني.. تعيين جمال الأسدي مستشاراً لوزارة الداخلية
[2026-07-27 17:47:36]   + جديد: مصرع وإصابة 8 أشخاص بحادث سير شمالي ذي قار
[2026-07-27 17:47:37]   + جديد: بينها فتح ملفات الفساد ومراجعة العقود.. البرلمان يقر توصياته
[2026-07-27 17:47:39]   + جديد: سرقة "حجر البيئة".. تجارة "سوداء" تُهدد سلامة السيارات والهو
[2026-07-27 17:47:39] جاري فحص: بغداد اليوم
[2026-07-27 17:47:40]   لا يوجد أخبار جديدة من بغداد اليوم
[2026-07-27 17:47:40] جاري فحص: السومرية نيوز
[2026-07-27 17:47:40]   لا يوجد أخبار جديدة من السومرية نيوز
[2026-07-27 17:47:40] جاري فحص: المدى
[2026-07-27 17:47:40] تعذر فتح صفحة المدى: 403 Client Error: Forbidden for url: https://almadapaper.net/
[2026-07-27 17:47:40]   لا يوجد أخبار جديدة من المدى
[2026-07-27 17:47:40] انتهى التشغيل — أخبار جديدة: 11 — إجمالي محفوظ: 150
[2026-07-27 19:21:04] جاري فحص: شفق نيوز
[2026-07-27 19:21:06]   + جديد: خارج أروقة الإعلام: زلزال التأثير الرقمي في العراق
[2026-07-27 19:21:08]   + جديد: التعليم العالي توجه الجامعات بمنح خمس درجات للحالات الحرجة ل
[2026-07-27 19:21:10]   + جديد: من الدكتوراه لـ"الدونر التركي".. شباب من كركوك يحولون "الدك 
[2026-07-27 19:21:11]   + جديد: الزيدي يوجه بالتحقيق باستهداف السعودية بمسيرات من العراق
[2026-07-27 19:21:13]   + جديد: بابل تعطل الدوام غداً وكربلاء الأربعاء استعداداً مع الزيارة 
[2026-07-27 19:21:13] جاري فحص: بغداد اليوم
[2026-07-27 19:21:13]   لا يوجد أخبار جديدة من بغداد اليوم
[2026-07-27 19:21:13] جاري فحص: السومرية نيوز
[2026-07-27 19:21:14]   لا يوجد أخبار جديدة من السومرية نيوز
[2026-07-27 19:21:14] جاري فحص: المدى
[2026-07-27 19:21:14] تعذر فتح صفحة المدى: 403 Client Error: Forbidden for url: https://almadapaper.net/
[2026-07-27 19:21:14]   لا يوجد أخبار جديدة من المدى
[2026-07-27 19:21:14] انتهى التشغيل — أخبار جديدة: 5 — إجمالي محفوظ: 150
[2026-07-27 20:49:48] جاري فحص: شفق نيوز
[2026-07-27 20:49:50]   + جديد: العثور على جثة رجل متحللة داخل منزله وسط كركوك
[2026-07-27 20:49:53]   + جديد: "المقاومة الإسلامية في العراق" تنفي قصف السعودية وتتوعد بردٍ
[2026-07-27 20:49:55]   + جديد: سقوط مسيرة في مجمع حديثة السكني بالأنبار
[2026-07-27 20:49:56]   + جديد: مستشار الأمن القومي: اعتقلنا خلايا أوكرانية نفذت عمليات قصف 
[2026-07-27 20:49:58]   + جديد: إيران تحذر أميركا من الحصار البحري وتهديد السفن
[2026-07-27 20:50:00]   + جديد: مقبرة الشيخ عمر السهروردي تحرس ذاكرة بغداد (صور)
[2026-07-27 20:50:00] جاري فحص: بغداد اليوم
[2026-07-27 20:50:01]   لا يوجد أخبار جديدة من بغداد اليوم
[2026-07-27 20:50:01] جاري فحص: السومرية نيوز
[2026-07-27 20:50:01]   لا يوجد أخبار جديدة من السومرية نيوز
[2026-07-27 20:50:01] جاري فحص: المدى
[2026-07-27 20:50:01] تعذر فتح صفحة المدى: 403 Client Error: Forbidden for url: https://almadapaper.net/
[2026-07-27 20:50:01]   لا يوجد أخبار جديدة من المدى
[2026-07-27 20:50:01] انتهى التشغيل — أخبار جديدة: 6 — إجمالي محفوظ: 150
[2026-07-27 22:02:52] جاري فحص: شفق نيوز
[2026-07-27 22:02:55]   + جديد: دوي انفجارات في سماء أربيل
[2026-07-27 22:02:55] جاري فحص: بغداد اليوم
[2026-07-27 22:02:56]   لا يوجد أخبار جديدة من بغداد اليوم
[2026-07-27 22:02:56] جاري فحص: السومرية نيوز
[2026-07-27 22:02:56]   لا يوجد أخبار جديدة من السومرية نيوز
[2026-07-27 22:02:56] جاري فحص: المدى
[2026-07-27 22:02:56] تعذر فتح صفحة المدى: 403 Client Error: Forbidden for url: https://almadapaper.net/
[2026-07-27 22:02:56]   لا يوجد أخبار جديدة من المدى
[2026-07-27 22:02:56] انتهى التشغيل — أخبار جديدة: 1 — إجمالي محفوظ: 150
[2026-07-27 23:33:05] جاري فحص: شفق نيوز
[2026-07-27 23:33:08]   + جديد: ثلاث مسيّرات تستهدف مقرين لحزبين كورديين إيرانيين شمالي أربي
[2026-07-27 23:33:08] جاري فحص: بغداد اليوم
[2026-07-27 23:33:08]   لا يوجد أخبار جديدة من بغداد اليوم
[2026-07-27 23:33:08] جاري فحص: السومرية نيوز
[2026-07-27 23:33:09]   لا يوجد أخبار جديدة من السومرية نيوز
[2026-07-27 23:33:09] جاري فحص: المدى
[2026-07-27 23:33:09] تعذر فتح صفحة المدى: 403 Client Error: Forbidden for url: https://almadapaper.net/
[2026-07-27 23:33:09]   لا يوجد أخبار جديدة من المدى
[2026-07-27 23:33:09] انتهى التشغيل — أخبار جديدة: 1 — إجمالي محفوظ: 150
[2026-07-28 02:08:03] جاري فحص: شفق نيوز
[2026-07-28 02:08:03]   لا يوجد أخبار جديدة من شفق نيوز
[2026-07-28 02:08:03] جاري فحص: بغداد اليوم
[2026-07-28 02:08:09]   لا يوجد أخبار جديدة من بغداد اليوم
[2026-07-28 02:08:09] جاري فحص: السومرية نيوز
[2026-07-28 02:08:10]   لا يوجد أخبار جديدة من السومرية نيوز
[2026-07-28 02:08:10] جاري فحص: المدى
[2026-07-28 02:08:10] تعذر فتح صفحة المدى: 403 Client Error: Forbidden for url: https://almadapaper.net/
[2026-07-28 02:08:10]   لا يوجد أخبار جديدة من المدى
[2026-07-28 02:08:10] انتهى التشغيل — أخبار جديدة: 0 — إجمالي محفوظ: 150
[2026-07-28 05:28:53] جاري فحص: شفق نيوز
[2026-07-28 05:28:56]   + جديد: السجن المؤبد بحق أحد "أبرز" مهربي المخدرات الدوليين بعد تعاو
[2026-07-28 05:29:02]   + جديد: تراجع الذهب مع قوة الدولار وترقب قرار الاحتياطي الفيدرالي
[2026-07-28 05:29:10]   + جديد: أسعار النفط تواصل انخفاضها مع انحسار التوترات بين الولايات ا
[2026-07-28 05:29:13]   + جديد: الصين.. هزتان أرضيتان قويتان تضربان تشينغهاي
[2026-07-28 05:29:14]   + جديد: الدولار يسجل أعلى مستوى له في شهر مع ترقب قرار الاحتياطي الف
[2026-07-28 05:29:17]   + جديد: مسؤول أميركي: الإيرانيون يخشون وزارة الخزانة الأميركية أكثر 
[2026-07-28 05:29:17] جاري فحص: بغداد اليوم
[2026-07-28 05:29:17]   لا يوجد أخبار جديدة من بغداد اليوم
[2026-07-28 05:29:17] جاري فحص: السومرية نيوز
[2026-07-28 05:29:18]   لا يوجد أخبار جديدة من السومرية نيوز
[2026-07-28 05:29:18] جاري فحص: المدى
[2026-07-28 05:29:18] تعذر فتح صفحة المدى: 403 Client Error: Forbidden for url: https://almadapaper.net/
[2026-07-28 05:29:18]   لا يوجد أخبار جديدة من المدى
[2026-07-28 05:29:18] انتهى التشغيل — أخبار جديدة: 6 — إجمالي محفوظ: 150
[2026-07-28 08:00:45] جاري فحص: شفق نيوز
[2026-07-28 08:00:48]   + جديد: الزيدي الى تركيا في زيارة رسمية
[2026-07-28 08:00:50]   + جديد: رواتب الموظفين مرشحة للصرف في آب بـ"آلية تقليدية"
[2026-07-28 08:00:52]   + جديد: اشتداد أزمة "الكاز" في بغداد.. عدسة شفق نيوز توثق طوابير طوي
[2026-07-28 08:00:54]   + جديد: في قرار جديد.. القضاء يلزم عالية نصيف بتعويض مسؤول بالداخلية
[2026-07-28 08:00:55]   + جديد: مطار النجف يستقبل رحلات لشركتين إيرانيتين جديدتين
[2026-07-28 08:00:57]   + جديد: يقترب من 150 ألفاً.. تراجع طفيف بأسعار الدولار في بغداد وأرب
[2026-07-28 08:00:59]   + جديد: الجواهري في ذكراه.. شاهر السيف على الظلم، وصاحب "قلبي لكوردس
[2026-07-28 08:01:01]   + جديد: رويترز: عُمان قدمت لإيران مقترحا لإدارة هرمز يشمل رسوما طوعي
[2026-07-28 08:01:03]   + جديد: نفط الشمال يستهل مشاركته في بطولة غرب آسيا للسيدات بمواجهة ا
[2026-07-28 08:01:05]   + جديد: الجيش الأردني يعلن إسقاط مسيّرة اخترقت أجواء المملكة من الشر
[2026-07-28 08:01:06]   + جديد: النزاهة تضبط 2.5 مليار دينار وتكشف 6 عقارات في منزل مسؤول سا
[2026-07-28 08:01:08]   + جديد: قصف يستهدف مرابض مدفعية للبيشمركة في السليمانية.. والآسايش ت
[2026-07-28 08:01:08] جاري فحص: بغداد اليوم
[2026-07-28 08:01:09]   لا يوجد أخبار جديدة من بغداد اليوم
[2026-07-28 08:01:09] جاري فحص: السومرية نيوز
[2026-07-28 08:01:09]   لا يوجد أخبار جديدة من السومرية نيوز
[2026-07-28 08:01:09] جاري فحص: المدى
[2026-07-28 08:01:09] تعذر فتح صفحة المدى: 403 Client Error: Forbidden for url: https://almadapaper.net/
[2026-07-28 08:01:09]   لا يوجد أخبار جديدة من المدى
[2026-07-28 08:01:09] انتهى التشغيل — أخبار جديدة: 12 — إجمالي محفوظ: 150
[2026-07-28 10:56:47] جاري فحص: شفق نيوز
[2026-07-28 10:56:50]   + جديد: استجابة للكتل السياسية.. الديمقراطي الكوردستاني ينهي مقاطعة 
[2026-07-28 10:56:52]   + جديد: العراق بين أكبر موردي النفط للولايات المتحدة في 2025 بمتوسط 
[2026-07-28 10:56:53]   + جديد: العراق بين أسوأ دول العالم من حيث أوضاع النساء
[2026-07-28 10:56:55]   + جديد: علوة السليمانية تدعو لتسويق فائض المحاصيل الزراعية: الإنتاج 
[2026-07-28 10:56:57]   + جديد: عزل مدير عام في الكهرباء وتغييرات إدارية تطال النفط والنقل
[2026-07-28 10:56:59]   + جديد: رداءة "الكاز" تفاقم أزمة المولدات الأهلية في العراق.. أعطال 
[2026-07-28 10:57:00]   + جديد: الداخلية العراقية تعلن تفكيك شبكة جديدة للاتجار بالأطفال
[2026-07-28 10:57:02]   + جديد: كييف ترد على بغداد حول مزاعم اعتقال خلية قصف أوكرانية داخل ا
[2026-07-28 10:57:04]   + جديد: منظمة نرويجية: تطهير أكثر من 7.4 ملايين متر مربع من الأراضي 
[2026-07-28 10:57:05]   + جديد: إسرائيل: لدينا رغبة بضرب منشآت الطاقة الإيرانية والموقف الأم
[2026-07-28 10:57:07]   + جديد: ضبط 685 قطعة نقدية أثرية واعتقال ثلاثة متهمين بمحاولة بيعها 
[2026-07-28 10:57:09]   + جديد: ميسان تكلف صفاء جلال دانيال ممثلاً للطائفة المسيحية خلفاً لو
[2026-07-28 10:57:09] جاري فحص: بغداد اليوم
[2026-07-28 10:57:09]   لا يوجد أخبار جديدة من بغداد اليوم
[2026-07-28 10:57:09] جاري فحص: السومرية نيوز
[2026-07-28 10:57:10]   لا يوجد أخبار جديدة من السومرية نيوز
[2026-07-28 10:57:10] جاري فحص: المدى
[2026-07-28 10:57:10] تعذر فتح صفحة المدى: 403 Client Error: Forbidden for url: https://almadapaper.net/
[2026-07-28 10:57:10]   لا يوجد أخبار جديدة من المدى
[2026-07-28 10:57:10] انتهى التشغيل — أخبار جديدة: 12 — إجمالي محفوظ: 150
[2026-07-28 12:54:08] جاري فحص: شفق نيوز
[2026-07-28 12:54:10]   + جديد: ترمب: إذا لم تبرم إيران اتفاقا معنا سأكمل المهمة العسكرية
[2026-07-28 12:54:12]   + جديد: بدءاً من الحشد والأجهزة الأمنية.. المالية العراقية تباشر بدف
[2026-07-28 12:54:14]   + جديد: جمباز العراق يفتح باب المشاركة في بطولة أندية غرب آسيا بالأر
[2026-07-28 12:54:15]   + جديد: الآسيوي يعلن مباريات شباب العراق في تصفيات كأس آسيا تحت 20 ع
[2026-07-28 12:54:17]   + جديد: مرصد عراقي يوثق تصاعد الانتهاكات بحق النشطاء والصحفيين خلال 
[2026-07-28 12:54:19]   + جديد: أنواع العملات الرقمية والفرق بينها ببساطة
[2026-07-28 12:54:20]   + جديد: تكليف يحيى رسول ناطقاً باسم وزارة الدفاع العراقية
[2026-07-28 12:54:22]   + جديد: ذي قار والقائم.. اعتقال "الثعلبة" ومهرّب أسلحة قادم من سوريا
[2026-07-28 12:54:23]   + جديد: مجلس الأنبار يختار "ياسر المهنا" رئيسا لهيئة استثمار المحافظ
[2026-07-28 12:54:25]   + جديد: الاتحادية العليا تبطل نصاً في قانون مؤسسة الشهداء لمخالفته ا
[2026-07-28 12:54:27]   + جديد: من جيب الموظف إلى خزائن الفساد: كيف رهنت الدولة قوت الملايين
[2026-07-28 12:54:28]   + جديد: "أرض السواد" يهددها "الإسمنت".. التجريف يلتهم مستقبل العراق 
[2026-07-28 12:54:28] جاري فحص: بغداد اليوم
[2026-07-28 12:54:30]   لا يوجد أخبار جديدة من بغداد اليوم
[2026-07-28 12:54:30] جاري فحص: السومرية نيوز
[2026-07-28 12:54:31]   لا يوجد أخبار جديدة من السومرية نيوز
[2026-07-28 12:54:31] جاري فحص: المدى
[2026-07-28 12:54:31] تعذر فتح صفحة المدى: 403 Client Error: Forbidden for url: https://almadapaper.net/
[2026-07-28 12:54:31]   لا يوجد أخبار جديدة من المدى
[2026-07-28 12:54:31] انتهى التشغيل — أخبار جديدة: 12 — إجمالي محفوظ: 150
[2026-07-28 15:16:43] جاري فحص: شفق نيوز
[2026-07-28 15:16:45]   + جديد: تقرير بريطاني: الزيدي يحكم بـ"عضلات مستعارة" والقضاء وترمب س
[2026-07-28 15:16:47]   + جديد: النفط العراقية تكشف أسباب شح "الكاز"
[2026-07-28 15:16:48]   + جديد: أسعار الدولار مع إغلاق التداولات.. ارتفاع طفيف في بغداد وانخ
[2026-07-28 15:16:50]   + جديد: غزة.. إسرائيل تعلن اغتيال قائد بقوة النخبة في "الجهاد الإسلا
[2026-07-28 15:16:52]   + جديد: مجلس الأنبار: قرار ضم مناطق إلى محافظة بابل مخالف للخرائط ال
[2026-07-28 15:16:54]   + جديد: وكيل أعماله: ليفاندوفسكي كان يريد الاستمرار في برشلونة
[2026-07-28 15:16:56]   + جديد: فرنسا تستعد لرابع موجة حر كبيرة خلال 2026
[2026-07-28 15:16:58]   + جديد: سوريا تعزز الربط البري والتبادل التجاري مع لبنان
[2026-07-28 15:16:59]   + جديد: الزيدي يرعى اجتماع الطاولة المستديرة العراقية-التركية لتعزيز
[2026-07-28 15:17:01]   + جديد: ديالى.. مقتل مواطن عقب اختطافه والقبض على الجاني
[2026-07-28 15:17:02]   + جديد: مجلس كركوك يصوّت على تكليف "بريار رأفت" مديراً لناحية شوان
[2026-07-28 15:17:02] جاري فحص: بغداد اليوم
[2026-07-28 15:17:03]   لا يوجد أخبار جديدة من بغداد اليوم
[2026-07-28 15:17:03] جاري فحص: السومرية نيوز
[2026-07-28 15:17:04]   لا يوجد أخبار جديدة من السومرية نيوز
[2026-07-28 15:17:04] جاري فحص: المدى
[2026-07-28 15:17:04] تعذر فتح صفحة المدى: 403 Client Error: Forbidden for url: https://almadapaper.net/
[2026-07-28 15:17:04]   لا يوجد أخبار جديدة من المدى
[2026-07-28 15:17:04] انتهى التشغيل — أخبار جديدة: 11 — إجمالي محفوظ: 150
[2026-07-28 16:57:25] جاري فحص: شفق نيوز
[2026-07-28 16:57:28]   + جديد: زيلنسكي: بحثت مع ترمب تنشيط المسار الدبلوماسي وإنتاج صواريخ 
[2026-07-28 16:57:29]   + جديد: خلافات عائلية تنتهي بانتحار فتاة شنقاً في ذي قار
[2026-07-28 16:57:31]   + جديد: تضم منتسبي شرطة وموظفين.. النزاهة تطيح بشبكة لإنجاز المعاملا
[2026-07-28 16:57:32]   + جديد: الزيدي وأردوغان يتفقان على الشروع بتنفيذ "طريق التنمية" وتنظ
[2026-07-28 16:57:34]   + جديد: قرار من "إيفاب" يفضح تحيّز التحكيم لصالح الأرجنتين خلال ‏الم
[2026-07-28 16:57:35]   + جديد: "أوبك+" يعلق زيادة الإنتاج النفطي بعد أيلول
[2026-07-28 16:57:37]   + جديد: الأول منذ حرب إيران.. نتنياهو يلتقي ترمب في البيت الأبيض
[2026-07-28 16:57:38]   + جديد: الدولي أحمد الشويلي يمثل العراق في تصفيات أولمبياد لوس أنجلو
[2026-07-28 16:57:40]   + جديد: خاص.. تركيا تنتظر نتائج ملموسة لزيارة الزيدي لا تقتصر على ال
[2026-07-28 16:57:42]   + جديد: رسمياً.. إبراهيم بايش ينضم إلى أربيل بعقد لموسم واحد
[2026-07-28 16:57:42] جاري فحص: بغداد اليوم
[2026-07-28 16:57:44]   لا يوجد أخبار جديدة من بغداد اليوم
[2026-07-28 16:57:44] جاري فحص: السومرية نيوز
[2026-07-28 16:57:45]   لا يوجد أخبار جديدة من السومرية نيوز
[2026-07-28 16:57:45] جاري فحص: المدى
[2026-07-28 16:57:45] تعذر فتح صفحة المدى: 403 Client Error: Forbidden for url: https://almadapaper.net/
[2026-07-28 16:57:45]   لا يوجد أخبار جديدة من المدى
[2026-07-28 16:57:45] انتهى التشغيل — أخبار جديدة: 10 — إجمالي محفوظ: 150
[2026-07-28 18:15:41] جاري فحص: شفق نيوز
[2026-07-28 18:15:44]   + جديد: خاص.. محافظ كركوك: تجديد اتفاقية "كركوك – جيهان" يتصدر مباحث
[2026-07-28 18:15:45]   + جديد: هيئة الإعلام العراقية تُلزم شركات الهاتف بالحفاظ على الباقات
[2026-07-28 18:15:47]   + جديد: "لوري" يقتحم سيطرة أمنية ويخلف إصابتين في كركوك (فيديو)
[2026-07-28 18:15:48]   + جديد: بواقع 3 يومياً.. تكثيف رحلات قطار المعقل لنقل زائري الأربعين
[2026-07-28 18:15:50]   + جديد: "سنتكوم": غيرنا مسار 18 سفينة تجارية منذ استئناف حصار إيران
[2026-07-28 18:15:52]   + جديد: الحوثيون يعلنون استهداف سفينة نفطية سعودية بصواريخ ‏باليستية
[2026-07-28 18:15:53]   + جديد: السعودية تجدد إدانتها لاستهداف "ميليشيات" في العراق لمنشآتها
[2026-07-28 18:15:55]   + جديد: أنقرة: نسعى لرفع التجارة مع بغداد لـ30 مليار دولار وإطلاق مش
[2026-07-28 18:15:55] جاري فحص: بغداد اليوم
[2026-07-28 18:15:56]   لا يوجد أخبار جديدة من بغداد اليوم
[2026-07-28 18:15:56] جاري فحص: السومرية نيوز
[2026-07-28 18:15:56]   لا يوجد أخبار جديدة من السومرية نيوز
[2026-07-28 18:15:56] جاري فحص: المدى
[2026-07-28 18:15:56] تعذر فتح صفحة المدى: 403 Client Error: Forbidden for url: https://almadapaper.net/
[2026-07-28 18:15:56]   لا يوجد أخبار جديدة من المدى
[2026-07-28 18:15:56] انتهى التشغيل — أخبار جديدة: 8 — إجمالي محفوظ: 150
[2026-07-28 19:59:41] جاري فحص: شفق نيوز
[2026-07-28 19:59:44]   + جديد: موقف محرج للزيدي بعد رفض وزير النقل التوقيع على اتفاقية مع ت
[2026-07-28 19:59:45]   + جديد: الدفاع السعودية: دمرنا مسيرات انطلقت من العراق مستهدفة منشآت
[2026-07-28 19:59:47]   + جديد: لبنان يوقف شاباً سرق والده لتمويل "داعش" في سوريا
[2026-07-28 19:59:49]   + جديد: وزير داخلية كوردستان: الإقليم مستهدف من جميع الجهات وننتظر إ
[2026-07-28 19:59:50]   + جديد: أجندة الزيدي في تركيا.. استرداد "كبار الفاسدين" مقابل مكاسب 
[2026-07-28 19:59:52]   + جديد: عراقجي: أوكرانيا أبلغتنا أن استهداف السفينة الإيرانية كان غي
[2026-07-28 19:59:54]   + جديد: بين سنابل "الشلب" والنخيل.. زوار الأربعينية يشقّون طريقهم نح
[2026-07-28 19:59:55]   + جديد: رئيس النزاهة من تركيا: لا ملاذ آمناً للفاسدين خارج العراق
[2026-07-28 19:59:57]   + جديد: الزيدي وأردوغان يوقعان 3 مذكرات تفاهم صناعية وأمنية وشبابية
[2026-07-28 19:59:59]   + جديد: إيران ترفض مقترحاً عُمانياً لتقسيم حركة الملاحة في هرمز وتقد
[2026-07-28 19:59:59] جاري فحص: بغداد اليوم
[2026-07-28 20:00:00]   لا يوجد أخبار جديدة من بغداد اليوم
[2026-07-28 20:00:00] جاري فحص: السومرية نيوز
[2026-07-28 20:00:00]   لا يوجد أخبار جديدة من السومرية نيوز
[2026-07-28 20:00:00] جاري فحص: المدى
[2026-07-28 20:00:01] تعذر فتح صفحة المدى: 403 Client Error: Forbidden for url: https://almadapaper.net/
[2026-07-28 20:00:01]   لا يوجد أخبار جديدة من المدى
[2026-07-28 20:00:01] انتهى التشغيل — أخبار جديدة: 10 — إجمالي محفوظ: 150
[2026-07-28 21:15:46] جاري فحص: شفق نيوز
[2026-07-28 21:15:48]   + جديد: مجلس كركوك يفتح ملف مشروع "خصخصة الكهرباء": إخفاق وشبهات فسا
[2026-07-28 21:15:50]   + جديد: خلاف على امرأة يتحول لمشاجرة مسلحة ويخلف قتيلاً وجريحاً شرقي
[2026-07-28 21:15:52]   + جديد: هجمات بلا تبنٍ.. من يحرك "المسيّرات المجهولة" في العراق؟
[2026-07-28 21:15:53]   + جديد: إنذار (ج) حتى إشعار آخر في العراق استعداداً للأربعينية
[2026-07-28 21:15:55]   + جديد: الأولى في العراق.. جامعة كركوك تحصد شهادة اعتماد دولية في ال
[2026-07-28 21:15:56]   + جديد: صحيفة عبرية: انتحار مجندتين إسرائيليتين خلال أسبوع واحد
[2026-07-28 21:15:58]   + جديد: مطار النجف يعلن زيادة في عدد الرحلات الجوية مع اقتراب "الأرب
[2026-07-28 21:15:58] جاري فحص: بغداد اليوم
[2026-07-28 21:15:58]   لا يوجد أخبار جديدة من بغداد اليوم
[2026-07-28 21:15:58] جاري فحص: السومرية نيوز
[2026-07-28 21:15:59]   لا يوجد أخبار جديدة من السومرية نيوز
[2026-07-28 21:15:59] جاري فحص: المدى
[2026-07-28 21:15:59] تعذر فتح صفحة المدى: 403 Client Error: Forbidden for url: https://almadapaper.net/
[2026-07-28 21:15:59]   لا يوجد أخبار جديدة من المدى
[2026-07-28 21:15:59] انتهى التشغيل — أخبار جديدة: 7 — إجمالي محفوظ: 150
[2026-07-28 22:33:00] جاري فحص: شفق نيوز
[2026-07-28 22:33:01]   لا يوجد أخبار جديدة من شفق نيوز
[2026-07-28 22:33:01] جاري فحص: بغداد اليوم
[2026-07-28 22:33:02]   لا يوجد أخبار جديدة من بغداد اليوم
[2026-07-28 22:33:02] جاري فحص: السومرية نيوز
[2026-07-28 22:33:03]   لا يوجد أخبار جديدة من السومرية نيوز
[2026-07-28 22:33:03] جاري فحص: المدى
[2026-07-28 22:33:03] تعذر فتح صفحة المدى: 403 Client Error: Forbidden for url: https://almadapaper.net/
[2026-07-28 22:33:03]   لا يوجد أخبار جديدة من المدى
[2026-07-28 22:33:03] انتهى التشغيل — أخبار جديدة: 0 — إجمالي محفوظ: 150
[2026-07-28 23:55:07] جاري فحص: شفق نيوز
[2026-07-28 23:55:10]   + جديد: "هجوم مفاجئ".. إيران تطلق صواريخ باليستية نحو قاعدة أميركية 
[2026-07-28 23:55:10] جاري فحص: بغداد اليوم
[2026-07-28 23:55:11]   لا يوجد أخبار جديدة من بغداد اليوم
[2026-07-28 23:55:11] جاري فحص: السومرية نيوز
[2026-07-28 23:55:11]   لا يوجد أخبار جديدة من السومرية نيوز
[2026-07-28 23:55:11] جاري فحص: المدى
[2026-07-28 23:55:11] تعذر فتح صفحة المدى: 403 Client Error: Forbidden for url: https://almadapaper.net/
[2026-07-28 23:55:11]   لا يوجد أخبار جديدة من المدى
[2026-07-28 23:55:11] انتهى التشغيل — أخبار جديدة: 1 — إجمالي محفوظ: 150
[2026-07-29 02:11:36] جاري فحص: شفق نيوز
[2026-07-29 02:11:39]   + جديد: السعودية تؤكد رسمياً مشاركتها في قصف داخل العراق: سنرد على أ
[2026-07-29 02:11:40]   + جديد: الحشد يؤكد إصابة اثنين من عناصره بقصف أميركي سعودي في البصرة
[2026-07-29 02:11:41]   + جديد: "سنتكوم": قصف أميركي سعودي استهدف مواقع فصائل موالية لإيران 
[2026-07-29 02:11:41] جاري فحص: بغداد اليوم
[2026-07-29 02:11:42]   لا يوجد أخبار جديدة من بغداد اليوم
[2026-07-29 02:11:42] جاري فحص: السومرية نيوز
[2026-07-29 02:11:43]   لا يوجد أخبار جديدة من السومرية نيوز
[2026-07-29 02:11:43] جاري فحص: المدى
[2026-07-29 02:11:43] تعذر فتح صفحة المدى: 403 Client Error: Forbidden for url: https://almadapaper.net/
[2026-07-29 02:11:43]   لا يوجد أخبار جديدة من المدى
[2026-07-29 02:11:43] انتهى التشغيل — أخبار جديدة: 3 — إجمالي محفوظ: 150
[2026-07-29 05:36:04] جاري فحص: شفق نيوز
[2026-07-29 05:36:08]   + جديد: النفط يقفز أكثر من 3 دولارات مع تصاعد التوتر والهجمات في الع
[2026-07-29 05:36:09]   + جديد: الحشد الشعبي: تعرضنا لهجمات "ارهابية" بمناطق متفرقة من العرا
[2026-07-29 05:36:11]   + جديد: العراق يعلن إطلاق خدمة "ستارلينك"
[2026-07-29 05:36:13]   + جديد: الزوراء يغادر إلى القاهرة لإقامة معسكر تحضيري استعداداً للمو
[2026-07-29 05:36:15]   + جديد: استقرار أسعار الذهب مع ترقب قرار أميركي
[2026-07-29 05:36:15] جاري فحص: بغداد اليوم
[2026-07-29 05:36:16]   لا يوجد أخبار جديدة من بغداد اليوم
[2026-07-29 05:36:16] جاري فحص: السومرية نيوز
[2026-07-29 05:36:17]   لا يوجد أخبار جديدة من السومرية نيوز
[2026-07-29 05:36:17] جاري فحص: المدى
[2026-07-29 05:36:17] تعذر فتح صفحة المدى: 403 Client Error: Forbidden for url: https://almadapaper.net/
[2026-07-29 05:36:17]   لا يوجد أخبار جديدة من المدى
[2026-07-29 05:36:17] انتهى التشغيل — أخبار جديدة: 5 — إجمالي محفوظ: 150
[2026-07-29 08:33:17] جاري فحص: شفق نيوز
[2026-07-29 08:33:19]   + جديد: الرصد الزلزالي: تسجيل 16 هزة أرضية في العراق والمناطق المجاو
[2026-07-29 08:33:21]   + جديد: جهاز مكافحة الإرهاب يطيح بـ "آمر مفرزة عسكرية" في داعش غربي 
[2026-07-29 08:33:23]   + جديد: مع افتتاح التداولات: أسعار الدولار تسجل صعوداً طفيفاً في بغد
[2026-07-29 08:33:24]   + جديد: أكثر من 50 ضحيةً وجريحاً حصيلة "غير نهائية" للقصف السعودي - 
[2026-07-29 08:33:26]   + جديد: مقتل مواطن بهجوم مسلح على طريق دولي جنوبي العراق
[2026-07-29 08:33:28]   + جديد: خارجية صنعاء: "اعتداء" النظام السعودي على الأراضي العراقية ا
[2026-07-29 08:33:29]   + جديد: مجلس التعاون الخليجي: أعمال الميليشيات في العراق تمثل تصعيدا
[2026-07-29 08:33:31]   + جديد: الداخلية العراقية تضبط شبكة دولية لتجارة المخدرات عبر منفذ ع
[2026-07-29 08:33:33]   + جديد: أجواء العراق تقترب من حاجز الـ50 مئوية
[2026-07-29 08:33:35]   + جديد: السفارة الاميركية تحذر مواطنيها: لا تسافروا إلى العراق بسبب 
[2026-07-29 08:33:36]   + جديد: السليمانية.. 15% من أحياء المحافظة خارج شبكة المياه
[2026-07-29 08:33:38]   + جديد: روسيا تطارد مؤسس تلغرام لدعمه "أنشطة إرهابية"
[2026-07-29 08:33:38] جاري فحص: بغداد اليوم
[2026-07-29 08:33:41]   لا يوجد أخبار جديدة من بغداد اليوم
[2026-07-29 08:33:41] جاري فحص: السومرية نيوز
[2026-07-29 08:33:42]   لا يوجد أخبار جديدة من السومرية نيوز
[2026-07-29 08:33:42] جاري فحص: المدى
[2026-07-29 08:33:42] تعذر فتح صفحة المدى: 403 Client Error: Forbidden for url: https://almadapaper.net/
[2026-07-29 08:33:42]   لا يوجد أخبار جديدة من المدى
[2026-07-29 08:33:42] انتهى التشغيل — أخبار جديدة: 12 — إجمالي محفوظ: 150
[2026-07-29 11:22:10] جاري فحص: شفق نيوز
[2026-07-29 11:22:13]   + جديد: رئاسة الجمهورية: نرفض استخدام أراضينا لتصفية الحسابات ونطالب
[2026-07-29 11:22:15]   + جديد: مسيّرة تستهدف مقراً للمعارضة الكوردية الايرانية شمالي اربيل
[2026-07-29 11:22:18]   + جديد: التلفزيون الإيراني: هجوم أميركي يستهدف موقعاً حدودياً في بير
[2026-07-29 11:22:19]   + جديد: 45 درجة نهاراً.. الصحة العالمية تحذر زائري الأربعين من الإجه
[2026-07-29 11:22:22]   + جديد: إيران تدين بشدة "الهجمات" الأميركية السعودية على العراق
[2026-07-29 11:22:24]   + جديد: جريمة وأكاذيب: بعد أربع سنوات من أولينيفكا
[2026-07-29 11:22:26]   + جديد: شراكة الدم ومسؤولية القرار: نداء وفاء وحرص من عمق كوردستان إ
[2026-07-29 11:22:28]   + جديد: العراق يحصد 10 ميداليات في البطولة العربية للأندية لكرة السر
[2026-07-29 11:22:30]   + جديد: بينهم "والي الأنبار".. الحكم بإعدام 6 إرهابيين شنقاً
[2026-07-29 11:22:31]   + جديد: تقرير حقوقي: انتهاكات واسعة بحق الممرضين في القطاع الصحي الخ
[2026-07-29 11:22:33]   + جديد: بغداد تخصص 100 دونم لإنشاء مقر جديد للاتحاد العراقي لكرة الق
[2026-07-29 11:22:35]   + جديد: اعتراف عالمي بعجز العلم عن فك أعقد ألغاز الكون
[2026-07-29 11:22:35] جاري فحص: بغداد اليوم
[2026-07-29 11:22:36]   لا يوجد أخبار جديدة من بغداد اليوم
[2026-07-29 11:22:36] جاري فحص: السومرية نيوز
[2026-07-29 11:22:37]   لا يوجد أخبار جديدة من السومرية نيوز
[2026-07-29 11:22:37] جاري فحص: المدى
[2026-07-29 11:22:37] تعذر فتح صفحة المدى: 403 Client Error: Forbidden for url: https://almadapaper.net/
[2026-07-29 11:22:37]   لا يوجد أخبار جديدة من المدى
[2026-07-29 11:22:37] انتهى التشغيل — أخبار جديدة: 12 — إجمالي محفوظ: 150
[2026-07-29 13:13:33] جاري فحص: شفق نيوز
[2026-07-29 13:13:35]   + جديد: مواقف حادة لقادة الفصائل ضد الضربات الأميركية - السعودية على
[2026-07-29 13:13:37]   + جديد: ترمب: الهجوم على المليشيات بالعراق حدث بتنسيق مع بغداد
[2026-07-29 13:13:41]   + جديد: من الشلامجة إلى خسروي.. كيف قتل رؤساء الحكومات العراقية "مين
[2026-07-29 13:13:43]   + جديد: بورصتا بغداد وأربيل تغلقان على ارتفاع بأسعار الدولار
[2026-07-29 13:13:44]   + جديد: الحوثيون يدرسون فرض رسوم لقاء المرور في "باب المندب"
[2026-07-29 13:13:46]   + جديد: بعد تهديدات ترمب.. أسعار النفط تقفز بنسبة 6.5%
[2026-07-29 13:13:48]   + جديد: رغم التطورات الأمنية.. الزوار يواصلون مسيرهم نحو كربلاء والأ
[2026-07-29 13:13:49]   + جديد: لائحة اتهام ضد عسكري إسرائيلي سابق في "وحدة سرية" بتهمة التخ
[2026-07-29 13:13:51]   + جديد: إيران تعلن استقبال جرحى عراقيين أُصيبوا جراء القصف "الأميركي
[2026-07-29 13:13:51] جاري فحص: بغداد اليوم
[2026-07-29 13:13:52]   لا يوجد أخبار جديدة من بغداد اليوم
[2026-07-29 13:13:52] جاري فحص: السومرية نيوز
[2026-07-29 13:13:53]   لا يوجد أخبار جديدة من السومرية نيوز
[2026-07-29 13:13:53] جاري فحص: المدى
[2026-07-29 13:13:53] تعذر فتح صفحة المدى: 403 Client Error: Forbidden for url: https://almadapaper.net/
[2026-07-29 13:13:53]   لا يوجد أخبار جديدة من المدى
[2026-07-29 13:13:53] انتهى التشغيل — أخبار جديدة: 9 — إجمالي محفوظ: 150
[2026-07-29 15:27:43] جاري فحص: شفق نيوز
[2026-07-29 15:27:46]   + جديد: بعد قصف الحشد.. "المقاومة العراقية" تنتظر رداً حكومياً وتتوع
[2026-07-29 15:27:47]   + جديد: مجلس الأمن العراقي يدين الهجوم الأميركي - السعودي ويوعز للخا
[2026-07-29 15:27:49]   + جديد: خاص.. الفصائل العراقية تعقد اجتماعاً "عن بُعد" لبحث الرد على
[2026-07-29 15:27:50]   + جديد: الأنبار والأمم المتحدة تتفقان على خارطة طريق للتنمية: 100 دا
[2026-07-29 15:27:52]   + جديد: اعتقال عسكري "يسرق" مبردات هواء من المواكب الحسينية جنوبي ال
[2026-07-29 15:27:53]   + جديد: الخزانة الأميركية: عقوبات جديدة ضد كيانات وناقلات نفط مرتبطة
[2026-07-29 15:27:55]   + جديد: انطلاق مراسم تشييع ضحايا القصف السعودي الأميركي وسط بغداد (ص
[2026-07-29 15:27:56]   + جديد: علماء: 1500 سفينة متوقفة في هرمز تحمل خطراً بيئياً يهدد بحار
[2026-07-29 15:27:58]   + جديد: "مهر": مقتل 4 من الحرس الثوري الإيراني في القصف السعودي الأم
[2026-07-29 15:28:00]   + جديد: النجف تنصب موقعاً جديداً لحفر بئر نفطي في رقعة القرنين (صور)
[2026-07-29 15:28:01]   + جديد: إيران: اتفاق مع العراق على إنترنت مجاني لزوار الأربعينية
[2026-07-29 15:28:03]   + جديد: خاص.. عضو بمجلس الشعب السوري: اندماج "قسد" في مراحله الأخيرة
[2026-07-29 15:28:03] جاري فحص: بغداد اليوم
[2026-07-29 15:28:03]   لا يوجد أخبار جديدة من بغداد اليوم
[2026-07-29 15:28:03] جاري فحص: السومرية نيوز
[2026-07-29 15:28:03]   لا يوجد أخبار جديدة من السومرية نيوز
[2026-07-29 15:28:03] جاري فحص: المدى
[2026-07-29 15:28:04] تعذر فتح صفحة المدى: 403 Client Error: Forbidden for url: https://almadapaper.net/
[2026-07-29 15:28:04]   لا يوجد أخبار جديدة من المدى
[2026-07-29 15:28:04] انتهى التشغيل — أخبار جديدة: 12 — إجمالي محفوظ: 150
[2026-07-29 16:50:16] جاري فحص: شفق نيوز
[2026-07-29 16:50:19]   + جديد: اجتماع عاجل للإطار التنسيقي لمناقشة القصف الأميركي - السعودي
[2026-07-29 16:50:21]   + جديد: بعد قصف مقار الحشد.. أبو فدك يرفض تسليم "سلاح المقاومة" (فيد
[2026-07-29 16:50:23]   + جديد: سنتكوم: إيران لا تسيطر على هرمز وطائرات F16 تجوب الشرق الأوس
[2026-07-29 16:50:25]   + جديد: حصة إقليم كوردستان حق دستوري..  لا يجوز تقييدها بشروط في قان
[2026-07-29 16:50:27]   + جديد: سوريا.. نازحون كورد يطالبون بالعودة إلى ديارهم في رأس العين
[2026-07-29 16:50:29]   + جديد: بتعاون ألماني.. انطلاق فعاليات "سالون أربيل التجاري" (صور)
[2026-07-29 16:50:31]   + جديد: "حشد البصرة" يدعو الحكومة لعقد جلسة طارئة بشأن القصف السعودي
[2026-07-29 16:50:32]   + جديد: النفط يتعادل مع الجولان ودياً في أربيل استعداداً لدوري النجو
[2026-07-29 16:50:34]   + جديد: الخزانة الأميركية: عقوبات جديدة ضد "أسطول الظل" وكيانات مرتب
[2026-07-29 16:50:34] جاري فحص: بغداد اليوم
[2026-07-29 16:50:35]   لا يوجد أخبار جديدة من بغداد اليوم
[2026-07-29 16:50:35] جاري فحص: السومرية نيوز
[2026-07-29 16:50:36]   لا يوجد أخبار جديدة من السومرية نيوز
[2026-07-29 16:50:36] جاري فحص: المدى
[2026-07-29 16:50:36] تعذر فتح صفحة المدى: 403 Client Error: Forbidden for url: https://almadapaper.net/
[2026-07-29 16:50:36]   لا يوجد أخبار جديدة من المدى
[2026-07-29 16:50:36] انتهى التشغيل — أخبار جديدة: 9 — إجمالي محفوظ: 150
[2026-07-29 18:03:43] جاري فحص: شفق نيوز
[2026-07-29 18:03:47]   + جديد: بعد حادثة "ليش ما وقعت؟".. وزير النقل العراقي يرد: ملابسات ف
[2026-07-29 18:03:49]   + جديد: جيبوتي ترفض فرض رسوم على "باب المندب": سنحمي حقوقنا بجميع ال
[2026-07-29 18:03:51]   + جديد: 30 نادياً في كأس العرب للأندية والقوة الجوية والزوراء يمثلان
[2026-07-29 18:03:53]   + جديد: بعد القصف.. الزيدي يصل مقر هيئة الحشد الشعبي
[2026-07-29 18:03:55]   + جديد: مجلس وزراء كوردستان يدين "الهجمات الإرهابية" على الإقليم: لس
[2026-07-29 18:03:55] جاري فحص: بغداد اليوم
[2026-07-29 18:03:58]   لا يوجد أخبار جديدة من بغداد اليوم
[2026-07-29 18:03:58] جاري فحص: السومرية نيوز
[2026-07-29 18:03:59]   لا يوجد أخبار جديدة من السومرية نيوز
[2026-07-29 18:03:59] جاري فحص: المدى
[2026-07-29 18:03:59] تعذر فتح صفحة المدى: 403 Client Error: Forbidden for url: https://almadapaper.net/
[2026-07-29 18:03:59]   لا يوجد أخبار جديدة من المدى
[2026-07-29 18:03:59] انتهى التشغيل — أخبار جديدة: 5 — إجمالي محفوظ: 150
[2026-07-29 19:51:32] جاري فحص: شفق نيوز
[2026-07-29 19:51:35]   + جديد: ترمب: سنضرب إيران بشدة
[2026-07-29 19:51:37]   + جديد: ذي قار.. العثور على جثة امرأة متفسخة قرب مرقد ديني
[2026-07-29 19:51:39]   + جديد: "أكسيوس": ترمب ونتنياهو بحثا 3 خيارات للتعامل مع إيران
[2026-07-29 19:51:40]   + جديد: الجيش الأميركي: تغيير مسار 20 سفينة منذ استئناف حصار إيران
[2026-07-29 19:51:42]   + جديد: أربيل تستقبل زوار الأربعينية الإيرانيين بموائد الطعام وأماكن
[2026-07-29 19:51:44]   + جديد: "أمبري": هجوم بالمسيّرات على ناقلتين في ميناء دمياط المصري
[2026-07-29 19:51:44] جاري فحص: بغداد اليوم
[2026-07-29 19:51:44]   لا يوجد أخبار جديدة من بغداد اليوم
[2026-07-29 19:51:44] جاري فحص: السومرية نيوز
[2026-07-29 19:51:45]   لا يوجد أخبار جديدة من السومرية نيوز
[2026-07-29 19:51:45] جاري فحص: المدى
[2026-07-29 19:51:45] تعذر فتح صفحة المدى: 403 Client Error: Forbidden for url: https://almadapaper.net/
[2026-07-29 19:51:45]   لا يوجد أخبار جديدة من المدى
[2026-07-29 19:51:45] انتهى التشغيل — أخبار جديدة: 6 — إجمالي محفوظ: 150
[2026-07-29 20:51:24] جاري فحص: شفق نيوز
[2026-07-29 20:51:27]   + جديد: الإطار يبحث التحرك نحو مجلس الأمن والمحكمة الدولية بعد قصف ا
[2026-07-29 20:51:29]   + جديد: سفير أوكرانيا لشفق نيوز: بغداد لم تقدم دليلاً على اتهامات "ا
[2026-07-29 20:51:31]   + جديد: تجديد عقد غراهام آرنولد مع المنتخب العراقي لما بعد كأس آسيا
[2026-07-29 20:51:32]   + جديد: ديالى تعطل الدوام الرسمي الأحد المقبل بمناسبة الأربعينية
[2026-07-29 20:51:34]   + جديد: أهالي نينوى يشيعون ضحايا القصف الأميركي السعودي (صور)
[2026-07-29 20:51:36]   + جديد: اللواء الركن حميد رسن قائدا للقوة البحرية العراقية
[2026-07-29 20:51:37]   + جديد: "نيويورك تايمز": مقتل 20 مستشاراً إيرانياً في الضربات الأمير
[2026-07-29 20:51:39]   + جديد: تتجاوز الـ50 مئوية.. تحذيرات من موجة حارة تضرب العراق
[2026-07-29 20:51:39] جاري فحص: بغداد اليوم
[2026-07-29 20:51:40]   لا يوجد أخبار جديدة من بغداد اليوم
[2026-07-29 20:51:40] جاري فحص: السومرية نيوز
[2026-07-29 20:51:40]   لا يوجد أخبار جديدة من السومرية نيوز
[2026-07-29 20:51:40] جاري فحص: المدى
[2026-07-29 20:51:40] تعذر فتح صفحة المدى: 403 Client Error: Forbidden for url: https://almadapaper.net/
[2026-07-29 20:51:40]   لا يوجد أخبار جديدة من المدى
[2026-07-29 20:51:40] انتهى التشغيل — أخبار جديدة: 8 — إجمالي محفوظ: 150
[2026-07-29 21:56:50] جاري فحص: شفق نيوز
[2026-07-29 21:56:52]   + جديد: الإطار التنسيقي يدين القصف الأميركي – السعودي: يعقد المشهد
[2026-07-29 21:56:53]   + جديد: بعد توعد ترمب.. استعدادات أميركية لـ"رد مضاد وكبير" على إيرا
[2026-07-29 21:56:55]   + جديد: تكليف الفريق الركن حامد الزهيري عميداً لكلية الأركان
[2026-07-29 21:56:55] جاري فحص: بغداد اليوم
[2026-07-29 21:56:55]   لا يوجد أخبار جديدة من بغداد اليوم
[2026-07-29 21:56:55] جاري فحص: السومرية نيوز
[2026-07-29 21:56:56]   لا يوجد أخبار جديدة من السومرية نيوز
[2026-07-29 21:56:56] جاري فحص: المدى
[2026-07-29 21:56:56] تعذر فتح صفحة المدى: 403 Client Error: Forbidden for url: https://almadapaper.net/
[2026-07-29 21:56:56]   لا يوجد أخبار جديدة من المدى
[2026-07-29 21:56:56] انتهى التشغيل — أخبار جديدة: 3 — إجمالي محفوظ: 150
[2026-07-29 22:59:21] جاري فحص: شفق نيوز
[2026-07-29 22:59:22]   لا يوجد أخبار جديدة من شفق نيوز
[2026-07-29 22:59:22] جاري فحص: بغداد اليوم
[2026-07-29 22:59:23]   لا يوجد أخبار جديدة من بغداد اليوم
[2026-07-29 22:59:23] جاري فحص: السومرية نيوز
[2026-07-29 22:59:24]   لا يوجد أخبار جديدة من السومرية نيوز
[2026-07-29 22:59:24] جاري فحص: المدى
[2026-07-29 22:59:24] تعذر فتح صفحة المدى: 403 Client Error: Forbidden for url: https://almadapaper.net/
[2026-07-29 22:59:24]   لا يوجد أخبار جديدة من المدى
[2026-07-29 22:59:24] انتهى التشغيل — أخبار جديدة: 0 — إجمالي محفوظ: 150
[2026-07-30 00:04:27] جاري فحص: شفق نيوز
[2026-07-30 00:04:30]   + جديد: وول ستريت جورنال: خطة لحملة أميركية "عقابية" على إيران تستمر
[2026-07-30 00:04:32]   + جديد: الجيش الأميركي يبدأ بتنفيذ غارات جوية داخل إيران
[2026-07-30 00:04:32] جاري فحص: بغداد اليوم
[2026-07-30 00:04:33]   لا يوجد أخبار جديدة من بغداد اليوم
[2026-07-30 00:04:33] جاري فحص: السومرية نيوز
[2026-07-30 00:04:33]   لا يوجد أخبار جديدة من السومرية نيوز
[2026-07-30 00:04:33] جاري فحص: المدى
[2026-07-30 00:04:33] تعذر فتح صفحة المدى: 403 Client Error: Forbidden for url: https://almadapaper.net/
[2026-07-30 00:04:33]   لا يوجد أخبار جديدة من المدى
[2026-07-30 00:04:33] انتهى التشغيل — أخبار جديدة: 2 — إجمالي محفوظ: 150
[2026-07-30 03:40:22] جاري فحص: شفق نيوز
[2026-07-30 03:40:23]   لا يوجد أخبار جديدة من شفق نيوز
[2026-07-30 03:40:23] جاري فحص: بغداد اليوم
[2026-07-30 03:40:24]   لا يوجد أخبار جديدة من بغداد اليوم
[2026-07-30 03:40:24] جاري فحص: السومرية نيوز
[2026-07-30 03:40:24]   لا يوجد أخبار جديدة من السومرية نيوز
[2026-07-30 03:40:24] جاري فحص: المدى
[2026-07-30 03:40:24] تعذر فتح صفحة المدى: 403 Client Error: Forbidden for url: https://almadapaper.net/
[2026-07-30 03:40:24]   لا يوجد أخبار جديدة من المدى
[2026-07-30 03:40:24] انتهى التشغيل — أخبار جديدة: 0 — إجمالي محفوظ: 150
[2026-07-30 06:23:53] جاري فحص: شفق نيوز
[2026-07-30 06:24:26]   تعذر فتح https://shafaq.com/ar/المنطقة-والعالم/الجيش-ال-مريكي-يعلن-انتها-موجة-ضربات-جديدة-على-يران: HTTPSConnectionPool(host='shafaq.com', port=443): Read timed out.
[2026-07-30 06:24:29]   + جديد: الخام العراقي يرتفع رغم انخفاض أسعار النفط العالمية
[2026-07-30 06:24:39]   + جديد: النفط يتراجع مع استمرار تدفق الشحنات عبر ممرات الشرق الأوسط
[2026-07-30 06:24:54]   تعذر فتح https://shafaq.com/ar/اقتصـاد/خروج-ول-ناقلة-غاز-مسال-قطرية-من-مضيق-هرمز-منذ-20-يوما: HTTPSConnectionPool(host='shafaq.com', port=443): Read timed out. (read timeout=15)
[2026-07-30 06:25:10]   تعذر فتح https://shafaq.com/ar/المنطقة-والعالم/الحرس-الثوري-هرمز-سيبقى-مغلقا-ما-دامت-التدخلات-ال-ميركية-مستمرة: HTTPSConnectionPool(host='shafaq.com', port=443): Read timed out. (read timeout=15)
[2026-07-30 06:25:13]   + جديد: حسم ملاعب الأندية البغدادية بدوري النجوم والعراق يحتضن مباري
[2026-07-30 06:25:15]   + جديد: اعتقال معاون مدير بلدية الدورة في النجف بتهم الفساد
[2026-07-30 06:25:17]   + جديد: الذهب يرتفع وسط ترقب بيانات التضخم الأميركية ومسار الفائدة
[2026-07-30 06:25:18]   + جديد: الجيش الأردني: اعتراض وإسقاط 5 صواريخ إيرانية
[2026-07-30 06:25:18] جاري فحص: بغداد اليوم
[2026-07-30 06:25:19]   لا يوجد أخبار جديدة من بغداد اليوم
[2026-07-30 06:25:19] جاري فحص: السومرية نيوز
[2026-07-30 06:25:20]   لا يوجد أخبار جديدة من السومرية نيوز
[2026-07-30 06:25:20] جاري فحص: المدى
[2026-07-30 06:25:20] تعذر فتح صفحة المدى: 403 Client Error: Forbidden for url: https://almadapaper.net/
[2026-07-30 06:25:20]   لا يوجد أخبار جديدة من المدى
[2026-07-30 06:25:20] انتهى التشغيل — أخبار جديدة: 6 — إجمالي محفوظ: 150
[2026-07-30 09:11:47] جاري فحص: شفق نيوز
[2026-07-30 09:11:50]   + جديد: اندلاع حريق كبير في شركات على طريق أربيل - كركوك والدفاع الم
[2026-07-30 09:11:52]   + جديد: إعلام سعودي: مقتل قيادي حوثي بالغارات على العراق
[2026-07-30 09:11:54]   + جديد: صعود أسعار الذهب وسط ارتفاع الدولار في بغداد وأربيل
[2026-07-30 09:11:55]   + جديد: رسو 3 ناقلات نفط عملاقة في ميناء البصرة للتحميل بطاقة 5 ملاي
[2026-07-30 09:11:57]   + جديد: بين حرية الفضاء الرقمي وسلطة الدولة: بافيل دوروف وشهوة السيط
[2026-07-30 09:12:00]   + جديد: تحديد مسار خاص بسيارات "الصالون" لزوار الأربعينية من بغداد إ
[2026-07-30 09:12:02]   + جديد: أندية نجوم العراق تختبر جاهزيتها بوديات في مصر وتركيا واربيل
[2026-07-30 09:12:03]   + جديد: الثاني خلال ساعة.. حريق يقطع طريقاً بصلاح الدين ويخلف 3 إصاب
[2026-07-30 09:12:05]   + جديد: تكليف قائد جديد لفرقة المشاة 16 بالجيش العراقي
[2026-07-30 09:12:07]   + جديد: الحكومة المصرية تؤكد: طائرة مسيرة تسببت باندلاع النيران بالس
[2026-07-30 09:12:08]   + جديد: الكويت تعلن عن مقتل عامل وأضرار جسيمة بمبنى شركة صينية جراء 
[2026-07-30 09:12:10]   + جديد: كركوك وواسط تعلنان الأحد المقبل عطلة رسمية بالتزامن مع الزيا
[2026-07-30 09:12:10] جاري فحص: بغداد اليوم
[2026-07-30 09:12:11]   لا يوجد أخبار جديدة من بغداد اليوم
[2026-07-30 09:12:11] جاري فحص: السومرية نيوز
[2026-07-30 09:12:13]   لا يوجد أخبار جديدة من السومرية نيوز
[2026-07-30 09:12:13] جاري فحص: المدى
[2026-07-30 09:12:13] تعذر فتح صفحة المدى: 403 Client Error: Forbidden for url: https://almadapaper.net/
[2026-07-30 09:12:13]   لا يوجد أخبار جديدة من المدى
[2026-07-30 09:12:13] انتهى التشغيل — أخبار جديدة: 12 — إجمالي محفوظ: 150
[2026-07-30 11:27:40] جاري فحص: شفق نيوز
[2026-07-30 11:27:42]   + جديد: مسرور بارزاني والحلبوسي يؤكدان من أربيل دعم الزيدي لمواجهة ا
[2026-07-30 11:27:44]   + جديد: حريق يلتهم مخيم "هرشم" للاجئين السوريين قرب أربيل
[2026-07-30 11:27:45]   + جديد: برلماني كوردستاني يلجأ للقضاء بسبب رفع أسعار البنزين في السل
[2026-07-30 11:27:47]   + جديد: تراجع حاد.. العراق يحقق 18.68 مليار دولار من صادرات النفط با
[2026-07-30 11:27:49]   + جديد: حضور لافت لـ"علم إيران وقادتها" في الزيارة الأربعينية وانقسا
[2026-07-30 11:27:50]   + جديد: التجريف يلتهم بساتين السليمانية.. والأهالي: الاستثمار لا يُن
[2026-07-30 11:27:52]   + جديد: "فلوس ماكو".. وزير عراقي: الحكومة لا تفكر إلا بتأمين الرواتب
[2026-07-30 11:27:53]   + جديد: الاتحاد الخليجي يؤجل كأس السوبر بين دهوك والريان بسبب الأوضا
[2026-07-30 11:27:55]   + جديد: معن: الأجهزة الأمنية تُحدثّ خططها باستمرار لتعزيز أمن الحدود
[2026-07-30 11:27:56]   + جديد: ارتفاع مبيعات "الأوديسة" لهوميروس بعد فيلم نولان
[2026-07-30 11:27:58]   + جديد: تحليل بريطاني: ضربات السعودية على الحشد العراقي تدفع المنطقة
[2026-07-30 11:27:59]   + جديد: أربيل تحتضن المؤتمر والمعرض التعليمي الخامس (صور)
[2026-07-30 11:27:59] جاري فحص: بغداد اليوم
[2026-07-30 11:28:00]   لا يوجد أخبار جديدة من بغداد اليوم
[2026-07-30 11:28:00] جاري فحص: السومرية نيوز
[2026-07-30 11:28:00]   لا يوجد أخبار جديدة من السومرية نيوز
[2026-07-30 11:28:00] جاري فحص: المدى
[2026-07-30 11:28:00] تعذر فتح صفحة المدى: 403 Client Error: Forbidden for url: https://almadapaper.net/
[2026-07-30 11:28:00]   لا يوجد أخبار جديدة من المدى
[2026-07-30 11:28:00] انتهى التشغيل — أخبار جديدة: 12 — إجمالي محفوظ: 150
[2026-07-30 13:06:53] جاري فحص: شفق نيوز
[2026-07-30 13:06:56]   + جديد: حضور لافت لـ"علم إيران وقادتها" في الزيارة الأربعينية وانقسا
[2026-07-30 13:06:58]   + جديد: تغييرات بقيادات الدفاع العراقية تشمل التدريب وعمليات ميسان و
[2026-07-30 13:07:00]   + جديد: بغداد وصلاح الدين.. مقتل أفغاني بطعنة والقبض على سارق "المبر
[2026-07-30 13:07:01]   + جديد: ترجيحات باستمرار تدفق النفط بين العراق وتركيا مع بحث تمديد ا
[2026-07-30 13:07:03]   + جديد: مصرع وإصابة 12 زائرا بحادث سير في بغداد
[2026-07-30 13:07:05]   + جديد: دهوك يخسر ودياً أمام "آمد سبورت" التركي في معسكره الإعدادي
[2026-07-30 13:07:07]   + جديد: الحياة تعود تدريجياً إلى قرى زاخو بعد عقود من "النزوح الإجبا
[2026-07-30 13:07:09]   + جديد: الحرس الثوري الإيراني يعلن تدمير ثلاث طائرات F-35 في قاعدة ا
[2026-07-30 13:07:11]   + جديد: مجلس الأنبار ينتخب نائباً أول للمحافظ خلفاً للمهنا
[2026-07-30 13:07:11] جاري فحص: بغداد اليوم
[2026-07-30 13:07:11]   لا يوجد أخبار جديدة من بغداد اليوم
[2026-07-30 13:07:11] جاري فحص: السومرية نيوز
[2026-07-30 13:07:12]   لا يوجد أخبار جديدة من السومرية نيوز
[2026-07-30 13:07:12] جاري فحص: المدى
[2026-07-30 13:07:12] تعذر فتح صفحة المدى: 403 Client Error: Forbidden for url: https://almadapaper.net/
[2026-07-30 13:07:12]   لا يوجد أخبار جديدة من المدى
[2026-07-30 13:07:12] انتهى التشغيل — أخبار جديدة: 9 — إجمالي محفوظ: 150
[2026-07-30 15:29:52] جاري فحص: شفق نيوز
[2026-07-30 15:29:54]   + جديد: بالتعاون مع الفصائل.. رويترز: الحوثيون شنوا هجوما على السعود
[2026-07-30 15:29:56]   + جديد: بشروط إيرانية.. أول ناقلة قطرية تعبر هرمز منذ 3 أسابيع
[2026-07-30 15:29:58]   + جديد: أحدهما يخص خشان.. القضاء العراقي يُصدر حكماً بالحبس وأوامر م
[2026-07-30 15:30:00]   + جديد: عند الإغلاق.. الدولار يستقر في بغداد ويرتفع بأربيل
[2026-07-30 15:30:02]   + جديد: إقليم كوردستان يعزو أزمة البنزين لقلة حصته من بغداد
[2026-07-30 15:30:04]   + جديد: كركوك.. ضبط 1.5 مليار دينار أثناء نقلها بين محافظتين
[2026-07-30 15:30:06]   + جديد: نينوى تلغي قيود نقل الحنطة وتسمح بتداولها باتجاه باقي المحاف
[2026-07-30 15:30:07]   + جديد: عائد سندات الخزانة الأميركية يرتفع لأعلى مستوياته منذ 2007
[2026-07-30 15:30:09]   + جديد: هزتان أرضيتيان تضربان كركوك (تحديث)
[2026-07-30 15:30:11]   + جديد: الحوثيون ينفون استهداف سفينة في ميناء دمياط بمصر
[2026-07-30 15:30:12]   + جديد: مجلس السلام في غزة يؤكد التقدم بمفاوضات نزع السلاح من حماس
[2026-07-30 15:30:14]   + جديد: منتخب رواد العراق يدخل معسكراً في أذربيجان استعداداً للدفاع 
[2026-07-30 15:30:14] جاري فحص: بغداد اليوم
[2026-07-30 15:30:15]   لا يوجد أخبار جديدة من بغداد اليوم
[2026-07-30 15:30:15] جاري فحص: السومرية نيوز
[2026-07-30 15:30:16]   لا يوجد أخبار جديدة من السومرية نيوز
[2026-07-30 15:30:16] جاري فحص: المدى
[2026-07-30 15:30:16] تعذر فتح صفحة المدى: 403 Client Error: Forbidden for url: https://almadapaper.net/
[2026-07-30 15:30:16]   لا يوجد أخبار جديدة من المدى
[2026-07-30 15:30:16] انتهى التشغيل — أخبار جديدة: 12 — إجمالي محفوظ: 150
[2026-07-30 17:04:36] جاري فحص: شفق نيوز
[2026-07-30 17:04:39]   + جديد: بعد ضرب الحشد.. هل يُساق العراق لحرب الجوار؟
[2026-07-30 17:04:41]   + جديد: "صحفيون في خطر".. تحذير من واشنطن حول مخاطر المهنة في العراق
[2026-07-30 17:04:43]   + جديد: النفط يهزم الموصل بثنائية ودية في معسكر أربيل
[2026-07-30 17:04:45]   + جديد: مصر تحمّل إيران مسؤولية "هجوم دمياط": محاولة لتوسيع الصراع
[2026-07-30 17:04:47]   + جديد: "نورا" لم تخترق الحصار.. واشنطن تفند 3 "ادعاءات" إيرانية
[2026-07-30 17:04:49]   + جديد: أردوغان مستعد لدعم أمن لبنان وعون: شراكتنا ضرورة للمستقبل
[2026-07-30 17:04:51]   + جديد: الاتحاد الأوروبي يقاطع كأس العالم لكرة القدم بسبب مقترح فيفا
[2026-07-30 17:04:51] جاري فحص: بغداد اليوم
[2026-07-30 17:04:51]   لا يوجد أخبار جديدة من بغداد اليوم
[2026-07-30 17:04:51] جاري فحص: السومرية نيوز
[2026-07-30 17:04:53]   لا يوجد أخبار جديدة من السومرية نيوز
[2026-07-30 17:04:53] جاري فحص: المدى
[2026-07-30 17:04:53] تعذر فتح صفحة المدى: 403 Client Error: Forbidden for url: https://almadapaper.net/
[2026-07-30 17:04:53]   لا يوجد أخبار جديدة من المدى
[2026-07-30 17:04:53] انتهى التشغيل — أخبار جديدة: 7 — إجمالي محفوظ: 150
[2026-07-30 18:54:09] جاري فحص: شفق نيوز
[2026-07-30 18:54:11]   + جديد: "الدولمة" تتوسط أطباق مواكب الأربعينية (صور)
[2026-07-30 18:54:13]   + جديد: "صحفيون في خطر".. حوار خاص بواشنطن حول مخاطر المهنة في العرا
[2026-07-30 18:54:14]   + جديد: بعد توقف دام 5 أشهر.. الطيران العراقي يستأنف رحلاته إلى موسك
[2026-07-30 18:54:16]   + جديد: حذر من "الانفاق الشعبوي".. العبادي: حصر السلاح بيد الدولة يت
[2026-07-30 18:54:17]   + جديد: الجيش الإيراني يعلن استهداف قاعدة أميركية في البحرين (فيديو)
[2026-07-30 18:54:19]   + جديد: عقوبات أميركية تطال "ماهان إير" للطيران الإيرانية
[2026-07-30 18:54:20]   + جديد: الشيوخ الأميركي يرفض تقييد العمليات العسكرية ضد إيران
[2026-07-30 18:54:22]   + جديد: رسمياً.. تكليف عادل الياسري رئيسا للهيئة الوطنية للاستثمار
[2026-07-30 18:54:24]   + جديد: القوة الجوية العراقي يتعادل مع النصر القاهري ودياً في مصر
[2026-07-30 18:54:25]   + جديد: بعد تمرد في الجيش الإسرائيلي.. كاتس يجرى "تقييما للوضع"
[2026-07-30 18:54:27]   + جديد: السعودية تؤسس "التحالف البحري الدفاعي" لتعزيز الأمن
[2026-07-30 18:54:27] جاري فحص: بغداد اليوم
[2026-07-30 18:54:30]   لا يوجد أخبار جديدة من بغداد اليوم
[2026-07-30 18:54:30] جاري فحص: السومرية نيوز
[2026-07-30 18:54:31]   لا يوجد أخبار جديدة من السومرية نيوز
[2026-07-30 18:54:31] جاري فحص: المدى
[2026-07-30 18:54:31] تعذر فتح صفحة المدى: 403 Client Error: Forbidden for url: https://almadapaper.net/
[2026-07-30 18:54:31]   لا يوجد أخبار جديدة من المدى
[2026-07-30 18:54:31] انتهى التشغيل — أخبار جديدة: 11 — إجمالي محفوظ: 150
[2026-07-30 20:12:17] جاري فحص: شفق نيوز
[2026-07-30 20:12:20]   + جديد: سيدات نفط الشمال يتلقنّ خسارة ثقيلة من النصر السعودي في بطول
[2026-07-30 20:12:21]   + جديد: الحوثي: إعادة 16 سفينة سعودية منذ قرار "حظر الملاحة"
[2026-07-30 20:12:23]   + جديد: لأجل كائنات نادرة.. إعادة نبع "سراب نيلوفر" للخريطة السياحية
[2026-07-30 20:12:24]   + جديد: الخطوط القطرية تمدد تعليق رحلاتها إلى أربيل والكويت والبحرين
[2026-07-30 20:12:26]   + جديد: الثانية خلال أشهر.. سرقة كيلو ذهب من محل صياغة في كركوك
[2026-07-30 20:12:26] جاري فحص: بغداد اليوم
[2026-07-30 20:12:27]   لا يوجد أخبار جديدة من بغداد اليوم
[2026-07-30 20:12:27] جاري فحص: السومرية نيوز
[2026-07-30 20:12:27]   لا يوجد أخبار جديدة من السومرية نيوز
[2026-07-30 20:12:27] جاري فحص: المدى
[2026-07-30 20:12:28] تعذر فتح صفحة المدى: 403 Client Error: Forbidden for url: https://almadapaper.net/
[2026-07-30 20:12:28]   لا يوجد أخبار جديدة من المدى
[2026-07-30 20:12:28] انتهى التشغيل — أخبار جديدة: 5 — إجمالي محفوظ: 150
[2026-07-30 21:40:45] جاري فحص: شفق نيوز
[2026-07-30 21:40:48]   + جديد: وزير المالية يصارح العراقيين: نواجه مشكلة بتوفير الرواتب ونب
[2026-07-30 21:40:50]   + جديد: عمرها يتجاوز القرن.. تجريف مقبرة تاريخية يفجر غضباً في مدينة
[2026-07-30 21:40:52]   + جديد: دون تأخير.. الرافدين يوجه بالعمل الجمعة والسبت لإكمال الروات
[2026-07-30 21:40:54]   + جديد: كرمانشاه.. مباحثات عراقية - إيرانية لتطوير السكك الحديدية وإ
[2026-07-30 21:40:56]   + جديد: مخصص للمسرح العراقي.. إطلاق العدد الرابع من مجلة "حنة" (صور)
[2026-07-30 21:40:56] جاري فحص: بغداد اليوم
[2026-07-30 21:40:57]   لا يوجد أخبار جديدة من بغداد اليوم
[2026-07-30 21:40:57] جاري فحص: السومرية نيوز
[2026-07-30 21:40:58]   لا يوجد أخبار جديدة من السومرية نيوز
[2026-07-30 21:40:58] جاري فحص: المدى
[2026-07-30 21:40:58] تعذر فتح صفحة المدى: 403 Client Error: Forbidden for url: https://almadapaper.net/
[2026-07-30 21:40:58]   لا يوجد أخبار جديدة من المدى
[2026-07-30 21:40:58] انتهى التشغيل — أخبار جديدة: 5 — إجمالي محفوظ: 150
[2026-07-30 23:01:24] جاري فحص: شفق نيوز
[2026-07-30 23:01:25]   لا يوجد أخبار جديدة من شفق نيوز
[2026-07-30 23:01:25] جاري فحص: بغداد اليوم
[2026-07-30 23:01:36]   لا يوجد أخبار جديدة من بغداد اليوم
[2026-07-30 23:01:36] جاري فحص: السومرية نيوز
[2026-07-30 23:01:36]   لا يوجد أخبار جديدة من السومرية نيوز
[2026-07-30 23:01:36] جاري فحص: المدى
[2026-07-30 23:01:36] تعذر فتح صفحة المدى: 403 Client Error: Forbidden for url: https://almadapaper.net/
[2026-07-30 23:01:36]   لا يوجد أخبار جديدة من المدى
[2026-07-30 23:01:36] انتهى التشغيل — أخبار جديدة: 0 — إجمالي محفوظ: 150
[2026-07-31 01:03:00] جاري فحص: شفق نيوز
[2026-07-31 01:03:01]   لا يوجد أخبار جديدة من شفق نيوز
[2026-07-31 01:03:01] جاري فحص: بغداد اليوم
[2026-07-31 01:03:03]   لا يوجد أخبار جديدة من بغداد اليوم
[2026-07-31 01:03:03] جاري فحص: السومرية نيوز
[2026-07-31 01:03:04]   لا يوجد أخبار جديدة من السومرية نيوز
[2026-07-31 01:03:04] جاري فحص: المدى
[2026-07-31 01:03:04] تعذر فتح صفحة المدى: 403 Client Error: Forbidden for url: https://almadapaper.net/
[2026-07-31 01:03:04]   لا يوجد أخبار جديدة من المدى
[2026-07-31 01:03:04] انتهى التشغيل — أخبار جديدة: 0 — إجمالي محفوظ: 150
[2026-07-31 04:56:08] جاري فحص: شفق نيوز
[2026-07-31 04:56:11]   + جديد: الذهب يتراجع بشكل طفيف ويتجه لتحقيق مكسب شهري بنحو 2%
[2026-07-31 04:56:12]   + جديد: النفط يتراجع بأكثر من دولار لكنه يتجه نحو تحقيق ارتفاع شهري
[2026-07-31 04:56:12] جاري فحص: بغداد اليوم
[2026-07-31 04:56:13]   لا يوجد أخبار جديدة من بغداد اليوم
[2026-07-31 04:56:13] جاري فحص: السومرية نيوز
[2026-07-31 04:56:15]   لا يوجد أخبار جديدة من السومرية نيوز
[2026-07-31 04:56:15] جاري فحص: المدى
[2026-07-31 04:56:15] تعذر فتح صفحة المدى: 403 Client Error: Forbidden for url: https://almadapaper.net/
[2026-07-31 04:56:15]   لا يوجد أخبار جديدة من المدى
[2026-07-31 04:56:15] انتهى التشغيل — أخبار جديدة: 2 — إجمالي محفوظ: 150
[2026-07-31 07:49:13] جاري فحص: شفق نيوز
[2026-07-31 07:49:15]   + جديد: بالمياه والسباحة.. الزوار الإيرانيون يواجهون حرارة الصيف في 
[2026-07-31 07:49:16]   + جديد: الرصد الزلزالي: الهزات الأرضية في كركوك ضمن النشاط الطبيعي
[2026-07-31 07:49:18]   + جديد: بعد تصريحات وزير الصحة الصادمة.. دعوة إلى "الولائيين" لاستثن
[2026-07-31 07:49:19]   + جديد: نيجيرفان بارزاني في ذكرى "أنفال البارزانيين": تعويض الضحايا 
[2026-07-31 07:49:21]   + جديد: بارزاني بذكرى "انفال البارزانيين": جراح المجازر وجرائم الأبا
[2026-07-31 07:49:22]   + جديد: "الميركاتو العراقي".. جردة لأبرز التعاقدات الجديدة لأندية دو
[2026-07-31 07:49:24]   + جديد: "حماس" توافق على نزع السلاح مقابل انسحاب إسرائيل
[2026-07-31 07:49:26]   + جديد: نحو 34 قتيلاً.. حصيلة زلزال اليابان ترتفع وإصابة العشرات بجر
[2026-07-31 07:49:27]   + جديد: باكستان.. 34 قتيلاً إثر انفجار في منجم فحم
[2026-07-31 07:49:29]   + جديد: للمرة الرابعة خلال ساعات.. هزة أرضية جديدة تضرب كركوك (تحديث
[2026-07-31 07:49:30]   + جديد: قصف بطائرة مسيّرة يطال مقراً للمعارضة الكوردية الإيرانية في 
[2026-07-31 07:49:30] جاري فحص: بغداد اليوم
[2026-07-31 07:49:31]   لا يوجد أخبار جديدة من بغداد اليوم
[2026-07-31 07:49:31] جاري فحص: السومرية نيوز
[2026-07-31 07:49:32]   لا يوجد أخبار جديدة من السومرية نيوز
[2026-07-31 07:49:32] جاري فحص: المدى
[2026-07-31 07:49:32] تعذر فتح صفحة المدى: 403 Client Error: Forbidden for url: https://almadapaper.net/
[2026-07-31 07:49:32]   لا يوجد أخبار جديدة من المدى
[2026-07-31 07:49:32] انتهى التشغيل — أخبار جديدة: 11 — إجمالي محفوظ: 150
[2026-07-31 10:34:43] جاري فحص: شفق نيوز
[2026-07-31 10:34:46]   + جديد: مع اقتراب نهاية الصيف مناخياً.. الرطوبة ترتفع جنوبي العراق م
[2026-07-31 10:34:48]   + جديد: فرق الدفاع المدني تُكافح حريقاً كبيراً في حقل الأحدب النفطي 
[2026-07-31 10:34:50]   + جديد: مجلس كركوك يتحرك لإيقاف تجريف مقبرة "الشيخ عيسى" ويفتح تحقيق
[2026-07-31 10:34:52]   + جديد: أكثر من 26 مليار دينار.. توزيع كهرباء البصرة الأعلى جباية في
[2026-07-31 10:34:54]   + جديد: بسبب تدفق المهاجرين.. إيطاليا تدعو إلى تعليق عضوية إسبانيا ف
[2026-07-31 10:34:56]   + جديد: انتشال جثة سائق صهريج في الأنبار وشرطة بغداد تعتقل قاتلاً آس
[2026-07-31 10:34:58]   + جديد: الحرس الثوري يعلن استهداف ناقلتي نفط بمضيق هرمز
[2026-07-31 10:35:00]   + جديد: "تسلا" تدرس إمكانية فصل أعمالها في الصين مع احتمال اندماجها 
[2026-07-31 10:35:01]   + جديد: السليمانية.. تحرك برلماني وقانوني ضد مصفاتين نفطيتين تبيعان 
[2026-07-31 10:35:03]   + جديد: مسيرة إسرائيلية تخلف قتيلاً ومصابين في قطاع غزة
[2026-07-31 10:35:05]   + جديد: الموت يغيب أسطورة كرة القدم الإيطالية
[2026-07-31 10:35:07]   + جديد: 20 ألفاً منهم مغاربة.. 49 ألف مهاجر عبروا لإسبانيا خلال 24 س
[2026-07-31 10:35:07] جاري فحص: بغداد اليوم
[2026-07-31 10:35:08]   لا يوجد أخبار جديدة من بغداد اليوم
[2026-07-31 10:35:08] جاري فحص: السومرية نيوز
[2026-07-31 10:35:08]   لا يوجد أخبار جديدة من السومرية نيوز
[2026-07-31 10:35:08] جاري فحص: المدى
[2026-07-31 10:35:08] تعذر فتح صفحة المدى: 403 Client Error: Forbidden for url: https://almadapaper.net/
[2026-07-31 10:35:08]   لا يوجد أخبار جديدة من المدى
[2026-07-31 10:35:08] انتهى التشغيل — أخبار جديدة: 12 — إجمالي محفوظ: 150
[2026-07-31 12:52:59] جاري فحص: شفق نيوز
[2026-07-31 12:53:02]   + جديد: مجدداً.. هجوم مسير يطال مقراً لحزب إيراني معارض في أربيل
[2026-07-31 12:53:03]   + جديد: الكويت تعلن صد هجوم إيراني بالمسيّرات
[2026-07-31 12:53:05]   + جديد: لا صحة لاستقالة الزيدي.. مصدر: شائعات مفتعلة من "السماسرة وا
[2026-07-31 12:53:07]   + جديد: ماذا نعرف عن أنفال البارزانيين بعد 43 عاماً؟
[2026-07-31 12:53:09]   + جديد: الأنبار.. غرق شابين في نهر الفرات ومصرعين طفلين بحادث سير
[2026-07-31 12:53:11]   + جديد: السليمانية.. جثة سبعيني تظهر داخل منزله بعد 8 أشهر من اختفائ
[2026-07-31 12:53:13]   + جديد: أقوى من الموت.. المرأة الجبل وقيامة الروح البارزانية
[2026-07-31 12:53:14]   + جديد: جريمة أنفال البارزانيين في الخطاب السياسي والذاكرة الجماعية
[2026-07-31 12:53:16]   + جديد: تعليم مبكر بلا مقاعد وبلا خدمات: أزمة جديدة في المدارس العرا
[2026-07-31 12:53:18]   + جديد: ارتفاع حصيلة غرقى المهاجرين.. إسبانيا: ما جرى في سبتة خرق لل
[2026-07-31 12:53:20]   + جديد: الزيدي يستذكر "أنفال البارزانيين" ويشيد بالنظام الديمقراطي ا
[2026-07-31 12:53:22]   + جديد: بعد الرافدين.. مصرف الرشيد يفتح فروعه يومي الجمعة والسبت لمو
[2026-07-31 12:53:22] جاري فحص: بغداد اليوم
[2026-07-31 12:53:23]   لا يوجد أخبار جديدة من بغداد اليوم
[2026-07-31 12:53:23] جاري فحص: السومرية نيوز
[2026-07-31 12:53:24]   لا يوجد أخبار جديدة من السومرية نيوز
[2026-07-31 12:53:24] جاري فحص: المدى
[2026-07-31 12:53:24] تعذر فتح صفحة المدى: 403 Client Error: Forbidden for url: https://almadapaper.net/
[2026-07-31 12:53:24]   لا يوجد أخبار جديدة من المدى
[2026-07-31 12:53:24] انتهى التشغيل — أخبار جديدة: 12 — إجمالي محفوظ: 150
[2026-07-31 15:16:12] جاري فحص: شفق نيوز
[2026-07-31 15:16:15]   + جديد: "السكن مع الأهل".. حل طارئ يحاصر الأزواج في العراق
[2026-07-31 15:16:17]   + جديد: حزب الله اللبناني يدين استهداف الحشد الشعبي في العراق
[2026-07-31 15:16:18]   + جديد: ترمب: سنواصل توجيه ضربات قوية لإيران
[2026-07-31 15:16:20]   + جديد: مصرع وإصابة 6 أشخاص بحادث سير في ميسان (فيديو)
[2026-07-31 15:16:21]   + جديد: أرباح تاريخية لشركات النفط الأميركية بفعل حرب الشرق الأوسط
[2026-07-31 15:16:23]   + جديد: كركوك.. اعتقال ضباط وموظفين بقضية "رشوة وتزوير"
[2026-07-31 15:16:24]   + جديد: الخزانة الأميركية: سنستهدف الأموال الإيرانية حول العالم
[2026-07-31 15:16:26]   + جديد: مجلس السلام يربط حصر السلاح بانسحاب إسرائيل والأخيرة ترفض بن
[2026-07-31 15:16:28]   + جديد: 70% من سكان العالم تحت وطأة الإجهاد الحراري
[2026-07-31 15:16:29]   + جديد: أيمن حسين يتفق مع باختاكور.. ثالث محترف عراقي في صفوف النادي
[2026-07-31 15:16:29] جاري فحص: بغداد اليوم
[2026-07-31 15:16:30]   لا يوجد أخبار جديدة من بغداد اليوم
[2026-07-31 15:16:30] جاري فحص: السومرية نيوز
[2026-07-31 15:16:30]   لا يوجد أخبار جديدة من السومرية نيوز
[2026-07-31 15:16:30] جاري فحص: المدى
[2026-07-31 15:16:31] تعذر فتح صفحة المدى: 403 Client Error: Forbidden for url: https://almadapaper.net/
[2026-07-31 15:16:31]   لا يوجد أخبار جديدة من المدى
[2026-07-31 15:16:31] انتهى التشغيل — أخبار جديدة: 10 — إجمالي محفوظ: 150
[2026-07-31 17:02:27] جاري فحص: شفق نيوز
[2026-07-31 17:02:29]   + جديد: نيويورك تايمز: غارات السعودية تجر فصائل العراق للحرب.. وداعا
[2026-07-31 17:02:30]   + جديد: العـدد "مائتان وواحد وسبعون" من مجلة فيلي
[2026-07-31 17:02:32]   + جديد: إيران: المرور عبر مضيق هرمز "غير ممكن" حالياً
[2026-07-31 17:02:34]   + جديد: سرهنك حمه سعيد: الاستقطاب الأميركي - الإيراني ألقى بظلاله عل
[2026-07-31 17:02:35]   + جديد: الزيدي يوجه برفع مستوى "الإنذار" لجميع القطعات العسكرية
[2026-07-31 17:02:37]   + جديد: بعد استقالة مستشار إنفانتينو.. المدير التنفيذي للعمليات في "
[2026-07-31 17:02:38]   + جديد: بشكل "مفاجئ".. توقف تجهيز البنزين المحسن في كركوك
[2026-07-31 17:02:40]   + جديد: ترمب: سنقصف إيران (تحديث)
[2026-07-31 17:02:41]   + جديد: مسؤول أميركي: استئناف المفاوضات مع إيران لا يبدو وشيكاً
[2026-07-31 17:02:43]   + جديد: مئات المعتقلين.. الأمن الوطني العراقي يعلن حصيلة عملياته خلا
[2026-07-31 17:02:43] جاري فحص: بغداد اليوم
[2026-07-31 17:02:44]   لا يوجد أخبار جديدة من بغداد اليوم
[2026-07-31 17:02:44] جاري فحص: السومرية نيوز
[2026-07-31 17:02:44]   لا يوجد أخبار جديدة من السومرية نيوز
[2026-07-31 17:02:44] جاري فحص: المدى
[2026-07-31 17:02:45] تعذر فتح صفحة المدى: 403 Client Error: Forbidden for url: https://almadapaper.net/
[2026-07-31 17:02:45]   لا يوجد أخبار جديدة من المدى
[2026-07-31 17:02:45] انتهى التشغيل — أخبار جديدة: 10 — إجمالي محفوظ: 150
[2026-07-31 18:51:53] جاري فحص: شفق نيوز
[2026-07-31 18:51:56]   + جديد: "نيويورك بوست": تحطم طائرة إف-35 بي تابعة للبحرية الأميركية
[2026-07-31 18:51:58]   + جديد: العراق يدخل "رسمياً" حالة العسرة المالية
[2026-07-31 18:51:59]   + جديد: الشرطة يهزم الكرخ بثنائية كوكو والجولان يتغلب على ديالى وديا
[2026-07-31 18:52:01]   + جديد: كركوك تسجل خامس هزة أرضية خلال 24 ساعة
[2026-07-31 18:52:02]   + جديد: لبنان.. عون وسلام يحذران من انهيار الاتفاق جراء التصعيد الإس
[2026-07-31 18:52:04]   + جديد: كريم حمادي رئيسا.. نادي الكرخ ينتخب إدارة جديدة
[2026-07-31 18:52:05]   + جديد: ترمب: إيران ستقول في مرحلة ما إنها لم تعد تتحمل القصف
[2026-07-31 18:52:09]   + جديد: ودياً.. الغراف يكتسح "المصريون" وزاخو يخسر أمام آمد التركي
[2026-07-31 18:52:09] جاري فحص: بغداد اليوم
[2026-07-31 18:52:09]   لا يوجد أخبار جديدة من بغداد اليوم
[2026-07-31 18:52:09] جاري فحص: السومرية نيوز
[2026-07-31 18:52:10]   لا يوجد أخبار جديدة من السومرية نيوز
[2026-07-31 18:52:10] جاري فحص: المدى
[2026-07-31 18:52:10] تعذر فتح صفحة المدى: 403 Client Error: Forbidden for url: https://almadapaper.net/
[2026-07-31 18:52:10]   لا يوجد أخبار جديدة من المدى
[2026-07-31 18:52:10] انتهى التشغيل — أخبار جديدة: 8 — إجمالي محفوظ: 150
[2026-07-31 20:16:33] جاري فحص: شفق نيوز
[2026-07-31 20:16:35]   + جديد: القبانجي: قصف الحشد صفحة جديدة في المواجهة ودماؤنا اختلطت مج
[2026-07-31 20:16:37]   + جديد: بغداد تسجل حالتي انتحار في الكرخ والرصافة
[2026-07-31 20:16:39]   + جديد: خلال يوم.. هزة أرضية سادسة تضرب كركوك
[2026-07-31 20:16:40]   + جديد: أسعار النفط تتجاوز 90 دولاراً للبرميل
[2026-07-31 20:16:40] جاري فحص: بغداد اليوم
[2026-07-31 20:16:44]   لا يوجد أخبار جديدة من بغداد اليوم
[2026-07-31 20:16:44] جاري فحص: السومرية نيوز
[2026-07-31 20:16:45]   لا يوجد أخبار جديدة من السومرية نيوز
[2026-07-31 20:16:45] جاري فحص: المدى
[2026-07-31 20:16:45] تعذر فتح صفحة المدى: 403 Client Error: Forbidden for url: https://almadapaper.net/
[2026-07-31 20:16:45]   لا يوجد أخبار جديدة من المدى
[2026-07-31 20:16:45] انتهى التشغيل — أخبار جديدة: 4 — إجمالي محفوظ: 150
[2026-07-31 21:36:12] جاري فحص: شفق نيوز
[2026-07-31 21:36:15]   + جديد: الجيش الأميركي يعلن السماح بمرور 30 سفينة عبر حصار إيران
[2026-07-31 21:36:17]   + جديد: خبير تغذية: كوب واحد من الشاي قد يسهم في تحسين جودة النوم
[2026-07-31 21:36:19]   + جديد: مصر تنفي رسمياً اتهام إيران بحادث ميناء دمياط
[2026-07-31 21:36:19] جاري فحص: بغداد اليوم
[2026-07-31 21:36:20]   لا يوجد أخبار جديدة من بغداد اليوم
[2026-07-31 21:36:20] جاري فحص: السومرية نيوز
[2026-07-31 21:36:21]   لا يوجد أخبار جديدة من السومرية نيوز
[2026-07-31 21:36:21] جاري فحص: المدى
[2026-07-31 21:36:22] تعذر فتح صفحة المدى: 403 Client Error: Forbidden for url: https://almadapaper.net/
[2026-07-31 21:36:22]   لا يوجد أخبار جديدة من المدى
[2026-07-31 21:36:22] انتهى التشغيل — أخبار جديدة: 3 — إجمالي محفوظ: 150
[2026-07-31 22:55:58] جاري فحص: شفق نيوز
[2026-07-31 22:56:00]   + جديد: توقيف ضابط وثلاثة شرطيين في الديوانية على خلفية اتهام باغتصا
[2026-07-31 22:56:00] جاري فحص: بغداد اليوم
[2026-07-31 22:56:10]   لا يوجد أخبار جديدة من بغداد اليوم
[2026-07-31 22:56:10] جاري فحص: السومرية نيوز
[2026-07-31 22:56:11]   لا يوجد أخبار جديدة من السومرية نيوز
[2026-07-31 22:56:11] جاري فحص: المدى
[2026-07-31 22:56:11] تعذر فتح صفحة المدى: 403 Client Error: Forbidden for url: https://almadapaper.net/
[2026-07-31 22:56:11]   لا يوجد أخبار جديدة من المدى
[2026-07-31 22:56:11] انتهى التشغيل — أخبار جديدة: 1 — إجمالي محفوظ: 150
[2026-08-01 00:00:23] جاري فحص: شفق نيوز
[2026-08-01 00:00:24]   لا يوجد أخبار جديدة من شفق نيوز
[2026-08-01 00:00:24] جاري فحص: بغداد اليوم
[2026-08-01 00:00:25]   لا يوجد أخبار جديدة من بغداد اليوم
[2026-08-01 00:00:25] جاري فحص: السومرية نيوز
[2026-08-01 00:00:25]   لا يوجد أخبار جديدة من السومرية نيوز
[2026-08-01 00:00:25] جاري فحص: المدى
[2026-08-01 00:00:25] تعذر فتح صفحة المدى: 403 Client Error: Forbidden for url: https://almadapaper.net/
[2026-08-01 00:00:25]   لا يوجد أخبار جديدة من المدى
[2026-08-01 00:00:25] انتهى التشغيل — أخبار جديدة: 0 — إجمالي محفوظ: 150
[2026-08-01 03:59:11] جاري فحص: شفق نيوز
[2026-08-01 03:59:12]   لا يوجد أخبار جديدة من شفق نيوز
[2026-08-01 03:59:12] جاري فحص: بغداد اليوم
[2026-08-01 03:59:13]   لا يوجد أخبار جديدة من بغداد اليوم
[2026-08-01 03:59:13] جاري فحص: السومرية نيوز
[2026-08-01 03:59:13]   لا يوجد أخبار جديدة من السومرية نيوز
[2026-08-01 03:59:13] جاري فحص: المدى
[2026-08-01 03:59:13] تعذر فتح صفحة المدى: 403 Client Error: Forbidden for url: https://almadapaper.net/
[2026-08-01 03:59:13]   لا يوجد أخبار جديدة من المدى
[2026-08-01 03:59:13] انتهى التشغيل — أخبار جديدة: 0 — إجمالي محفوظ: 150
[2026-08-01 06:36:01] جاري فحص: شفق نيوز
[2026-08-01 06:36:03]   + جديد: الدفاعات الكويتية تتصدى لهجمات مسيرة إيرانية
[2026-08-01 06:36:04]   + جديد: وزير النفط العراقي في أنقرة لتوقيع اتفاقية جيهان
[2026-08-01 06:36:06]   + جديد: خام البصرة يغلق على خسائر تلامس 10 دولارات
[2026-08-01 06:36:07]   + جديد: انتحار فتاة بإطلاق النار على نفسها داخل مجمع سكني في بغداد
[2026-08-01 06:36:09]   + جديد: ألمانيا.. حرائق الغابات تخرج عن السيطرة
[2026-08-01 06:36:11]   + جديد: إيران تتوعد باستهداف منشآت طاقة أميركية وإسرائيلية رداً على 
[2026-08-01 06:36:12]   + جديد: إسرائيل تعلن اغتيال 3 من قيادات حماس
[2026-08-01 06:36:12] جاري فحص: بغداد اليوم
[2026-08-01 06:36:13]   لا يوجد أخبار جديدة من بغداد اليوم
[2026-08-01 06:36:13] جاري فحص: السومرية نيوز
[2026-08-01 06:36:14]   لا يوجد أخبار جديدة من السومرية نيوز
[2026-08-01 06:36:14] جاري فحص: المدى
[2026-08-01 06:36:14] تعذر فتح صفحة المدى: 403 Client Error: Forbidden for url: https://almadapaper.net/
[2026-08-01 06:36:14]   لا يوجد أخبار جديدة من المدى
[2026-08-01 06:36:14] انتهى التشغيل — أخبار جديدة: 7 — إجمالي محفوظ: 150
[2026-08-01 09:02:29] جاري فحص: شفق نيوز
[2026-08-01 09:02:32]   + جديد: كركوك تنضم إلى "العالم التركي" ونائب أردوغان يعتبرها "موطن ا
[2026-08-01 09:02:34]   + جديد: تقرير أميركي يبرئ "شحنات الدولار" من أزمات العراق: لا علاقة 
[2026-08-01 09:02:36]   + جديد: وزير النفط العراقي من تركيا: سنبحث زيادة منافذ التصدير وتعظي
[2026-08-01 09:02:38]   + جديد: صعود الذهب وسط ارتفاع الدولار في بغداد واربيل
[2026-08-01 09:02:40]   + جديد: أنفال البارزانيين... البداية التي مهّدت للأنفال الكبرى
[2026-08-01 09:02:41]   + جديد: الأورام السياسية... حين تنمو الدولة ضد نفسها
[2026-08-01 09:02:43]   + جديد: أطعمة قد تسبب الموت.. طبيب أعصاب يحذر
[2026-08-01 09:02:45]   + جديد: حادثة دمياط.. مصر تحذر من الشائعات وتؤكد استمرار التحقيقات
[2026-08-01 09:02:47]   + جديد: طال آليات مدنية.. الجيش الكويتي يكشف تفاصيل الهجوم الإيراني 
[2026-08-01 09:02:49]   + جديد: إيكو عراق: 81% من الموازنة يذهب للرواتب و6% للاستثمار
[2026-08-01 09:02:51]   + جديد: فوق 150 ألفاً.. الدولار يفتتح تداولات بداية الأسبوع مرتفعاً 
[2026-08-01 09:02:52]   + جديد: إيران: استهداف المنشآت النفطية والغازية يهدف لتعطيل حياة الم
[2026-08-01 09:02:52] جاري فحص: بغداد اليوم
[2026-08-01 09:02:53]   لا يوجد أخبار جديدة من بغداد اليوم
[2026-08-01 09:02:53] جاري فحص: السومرية نيوز
[2026-08-01 09:02:54]   لا يوجد أخبار جديدة من السومرية نيوز
[2026-08-01 09:02:54] جاري فحص: المدى
[2026-08-01 09:02:54] تعذر فتح صفحة المدى: 403 Client Error: Forbidden for url: https://almadapaper.net/
[2026-08-01 09:02:54]   لا يوجد أخبار جديدة من المدى
[2026-08-01 09:02:54] انتهى التشغيل — أخبار جديدة: 12 — إجمالي محفوظ: 150
[2026-08-01 10:55:42] جاري فحص: شفق نيوز
[2026-08-01 10:55:45]   + جديد: تحذير أمني أميركي في العراق والمنطقة: تأهبوا لاحتمال المغادر
[2026-08-01 10:55:47]   + جديد: الداخلية تتخذ إجراءات رادعة بحق ضابط و3 منتسبين متهمين باغتص
[2026-08-01 10:55:49]   + جديد: أزمة السيولة تهدد بتأخير رواتب المتقاعدين والرعاية الاجتماعي
[2026-08-01 10:55:51]   + جديد: أستراليا تتمسك بحظر وسائل التواصل للمراهقين
[2026-08-01 10:55:53]   + جديد: الحرائق تجتاح غابات ألمانيا واليونان وتخرج عن السيطرة
[2026-08-01 10:55:54]   + جديد: خلل فني يتسبب باندلاع حريق في محطة كهرباء الرطبة
[2026-08-01 10:55:56]   + جديد: 67 قتيلاً من طالبي اللجوء.. إسبانيا تصف ما حدث في سبتة بـ"ال
[2026-08-01 10:55:58]   + جديد: ذي قار تسجل حالتي وفاة و3 إصابات بحادث سير وغرق
[2026-08-01 10:56:00]   + جديد: الموصل تحتضن بطولة أندية العراق للسيدات بكرة السلة
[2026-08-01 10:56:02]   + جديد: اندلاع حريق ضخم بمستودعات وقود في أربيل (فيديو)
[2026-08-01 10:56:04]   + جديد: الذهب يتماسك.. تراجع الاحتياطيات الأجنبية للعراق بأكثر من 7 
[2026-08-01 10:56:06]   + جديد: السفارة الأميركية في عمان تدعو مواطنيها لمغادرة الشرق الأوسط
[2026-08-01 10:56:06] جاري فحص: بغداد اليوم
[2026-08-01 10:56:12]   لا يوجد أخبار جديدة من بغداد اليوم
[2026-08-01 10:56:12] جاري فحص: السومرية نيوز
[2026-08-01 10:56:13]   لا يوجد أخبار جديدة من السومرية نيوز
[2026-08-01 10:56:13] جاري فحص: المدى
[2026-08-01 10:56:13] تعذر فتح صفحة المدى: 403 Client Error: Forbidden for url: https://almadapaper.net/
[2026-08-01 10:56:13]   لا يوجد أخبار جديدة من المدى
[2026-08-01 10:56:13] انتهى التشغيل — أخبار جديدة: 12 — إجمالي محفوظ: 150
[2026-08-01 12:00:26] جاري فحص: شفق نيوز
[2026-08-01 12:00:29]   + جديد: الدفاع المدني: نحو 700 حريق في أربيل منذ بداية العام الحالي
[2026-08-01 12:00:31]   + جديد: العراق يتصدر الجنسيات العربية الوافدة إلى تركيا في حزيران
[2026-08-01 12:00:33]   + جديد: ذكرى "كارثة سنجار".. الإيزيديون يطالبون بغداد بإنصافهم وإعاد
[2026-08-01 12:00:34]   + جديد: 3 إصابات  في كركوك: طعن شاب وهجومان لكلاب
[2026-08-01 12:00:36]   + جديد: واشنطن تحذّر مواطنيها في إسرائيل: غادروا في حال التصعيد
[2026-08-01 12:00:38]   + جديد: إنقاذ 25 شخصاً وإخماد حريق اندلع ببناية مخالفة لشروط السلامة
[2026-08-01 12:00:40]   + جديد: كيف تكشف المراسلات عن الإرهاق الوظيفي؟
[2026-08-01 12:00:42]   + جديد: عصابة مسلحة تسرق محلاً لبيع الذهب جنوب شرقي البصرة (فيديو)
[2026-08-01 12:00:42] جاري فحص: بغداد اليوم
[2026-08-01 12:00:47]   لا يوجد أخبار جديدة من بغداد اليوم
[2026-08-01 12:00:47] جاري فحص: السومرية نيوز
[2026-08-01 12:00:48]   لا يوجد أخبار جديدة من السومرية نيوز
[2026-08-01 12:00:48] جاري فحص: المدى
[2026-08-01 12:00:48] تعذر فتح صفحة المدى: 403 Client Error: Forbidden for url: https://almadapaper.net/
[2026-08-01 12:00:48]   لا يوجد أخبار جديدة من المدى
[2026-08-01 12:00:48] انتهى التشغيل — أخبار جديدة: 8 — إجمالي محفوظ: 150
[2026-08-01 14:05:09] جاري فحص: شفق نيوز
[2026-08-01 14:05:12]   + جديد: بقيمة 2.6 مليار دولار.. تحرك نيابي لاستعادة أنبوب النفط العر
[2026-08-01 14:05:13]   + جديد: توقيع اتفاقية سنة واحدة بين بغداد وأنقرة لتصدير 750 ألف برمي
[2026-08-01 14:05:15]   + جديد: فوق 152 ألفاً.. ارتفاع جديد يطرأ على الدولار في بغداد وأربيل
[2026-08-01 14:05:16]   + جديد: طقس الزيارة الأربعينية: حرارة خمسينية وغبار خفيف في وسط وجنو
[2026-08-01 14:05:18]   + جديد: خاص.. مستشار الزيدي يكشف خيارات الحكومة لتجاوز أزمة الرواتب
[2026-08-01 14:05:20]   + جديد: "الجولة السابعة".. لبنان يطرح ضم "بنت جبيل" للمناطق التجريبي
[2026-08-01 14:05:21]   + جديد: غرق سائحين من بغداد والموصل شمالي دهوك
[2026-08-01 14:05:23]   + جديد: ديالى.. تأخر الرواتب ينعش "دفاتر الديون" ويشل حركة الأسواق (
[2026-08-01 14:05:24]   + جديد: عقب تدفق المغاربة.. إسبانيا تنصب حاجزاً عائماً في سبتة
[2026-08-01 14:05:26]   + جديد: بين السلاح والدولة.. حزب الله يخوض معركته الأصعب
[2026-08-01 14:05:27]   + جديد: "فتى الأهوار".. مراهق عراقي يسهم في إنقاذ تراث الجبايش العال
[2026-08-01 14:05:29]   + جديد: اعتداء ليلي ومماطلة بالتحقيق.. تفاصيل وحقائق جديدة بحادثة مو
[2026-08-01 14:05:29] جاري فحص: بغداد اليوم
[2026-08-01 14:05:29]   لا يوجد أخبار جديدة من بغداد اليوم
[2026-08-01 14:05:29] جاري فحص: السومرية نيوز
[2026-08-01 14:05:30]   لا يوجد أخبار جديدة من السومرية نيوز
[2026-08-01 14:05:30] جاري فحص: المدى
[2026-08-01 14:05:30] تعذر فتح صفحة المدى: 403 Client Error: Forbidden for url: https://almadapaper.net/
[2026-08-01 14:05:30]   لا يوجد أخبار جديدة من المدى
[2026-08-01 14:05:30] انتهى التشغيل — أخبار جديدة: 12 — إجمالي محفوظ: 150
[2026-08-01 15:35:01] جاري فحص: شفق نيوز
[2026-08-01 15:35:03]   + جديد: رسوم التعليم الموازي.. قرار لحكومة السوداني يهدد بحرمان طلبة
[2026-08-01 15:35:05]   + جديد: الخارجية الأميركية: استعدوا لإغلاق للمجال الجوي في الشرق الأ
[2026-08-01 15:35:06]   + جديد: مصرع فتى داخل معمل "بلوك" في كركوك
[2026-08-01 15:35:08]   + جديد: مصدرون أتراك: الاتفاقيات الأخيرة مع العراق ستنعكس إيجاباً عل
[2026-08-01 15:35:10]   + جديد: انتخاب سيروان طه عثمان رئيساً لاتحاد تنس أربيل
[2026-08-01 15:35:11]   + جديد: السليمانية.. مقتل شخص وإصابة آخر بإطلاق نار بسبب خلاف
[2026-08-01 15:35:13]   + جديد: الزيدي: شركات عراقية وتركية ستباشر تنفيذ اتفاق تصدير النفط ع
[2026-08-01 15:35:13] جاري فحص: بغداد اليوم
[2026-08-01 15:35:14]   لا يوجد أخبار جديدة من بغداد اليوم
[2026-08-01 15:35:14] جاري فحص: السومرية نيوز
[2026-08-01 15:35:14]   لا يوجد أخبار جديدة من السومرية نيوز
[2026-08-01 15:35:14] جاري فحص: المدى
[2026-08-01 15:35:14] تعذر فتح صفحة المدى: 403 Client Error: Forbidden for url: https://almadapaper.net/
[2026-08-01 15:35:14]   لا يوجد أخبار جديدة من المدى
[2026-08-01 15:35:14] انتهى التشغيل — أخبار جديدة: 7 — إجمالي محفوظ: 150
[2026-08-01 16:55:10] جاري فحص: شفق نيوز
[2026-08-01 16:55:13]   + جديد: كربلاء.. 600 إعلامي و143 صحفياً أجنبياً لتغطية الزيارة الأرب
[2026-08-01 16:55:15]   + جديد: "هذه الليلة الأخيرة من الهدوء".. تحذير إيراني لإسرائيل و7 دو
[2026-08-01 16:55:16]   + جديد: سؤال صحفي عن "العدوان" يثير سجالاً مع محافظ نينوى (فيديو)
[2026-08-01 16:55:18]   + جديد: الصحة العالمية: إيبولا يخرج عن السيطرة في الكونغو الديمقراطي
[2026-08-01 16:55:20]   + جديد: هجوم بطائرتين مسيّرتين يستهدف محيط دوكان في السليمانية
[2026-08-01 16:55:20] جاري فحص: بغداد اليوم
[2026-08-01 16:55:20]   لا يوجد أخبار جديدة من بغداد اليوم
[2026-08-01 16:55:20] جاري فحص: السومرية نيوز
[2026-08-01 16:55:21]   لا يوجد أخبار جديدة من السومرية نيوز
[2026-08-01 16:55:21] جاري فحص: المدى
[2026-08-01 16:55:21] تعذر فتح صفحة المدى: 403 Client Error: Forbidden for url: https://almadapaper.net/
[2026-08-01 16:55:21]   لا يوجد أخبار جديدة من المدى
[2026-08-01 16:55:21] انتهى التشغيل — أخبار جديدة: 5 — إجمالي محفوظ: 150
[2026-08-01 17:56:52] جاري فحص: شفق نيوز
[2026-08-01 17:56:55]   + جديد: إعلام سعودي: الأردن يبلغ العراق بضرب "ميليشيات إيران" إذا ها
[2026-08-01 17:56:56]   + جديد: كركوك تفجر جدلا بعد إعلان انضمامها لـ"العالم التركي"
[2026-08-01 17:56:58]   + جديد: بعد الأردن.. إعلام سعودي ينقل تحذيراً سورياً للعراق من "ميلي
[2026-08-01 17:56:59]   + جديد: ترمب يدرس إصدار أمر فوري بقصف إيران.. واستنفار إسرائيلي
[2026-08-01 17:57:01]   + جديد: القوة الجوية يمطر شباك اطفيح المصري بخماسية نظيفة ودياً
[2026-08-01 17:57:01] جاري فحص: بغداد اليوم
[2026-08-01 17:57:02]   لا يوجد أخبار جديدة من بغداد اليوم
[2026-08-01 17:57:02] جاري فحص: السومرية نيوز
[2026-08-01 17:57:02]   لا يوجد أخبار جديدة من السومرية نيوز
[2026-08-01 17:57:02] جاري فحص: المدى
[2026-08-01 17:57:02] تعذر فتح صفحة المدى: 403 Client Error: Forbidden for url: https://almadapaper.net/
[2026-08-01 17:57:02]   لا يوجد أخبار جديدة من المدى
[2026-08-01 17:57:02] انتهى التشغيل — أخبار جديدة: 5 — إجمالي محفوظ: 150
[2026-08-01 19:07:45] جاري فحص: شفق نيوز
[2026-08-01 19:07:48]   + جديد: أربيل يحقق الفوز على الطلبة ودياً
[2026-08-01 19:07:49]   + جديد: "نيويورك تايمز": إيران طلبت من فصائل عراقية الاستعداد للمواج
[2026-08-01 19:07:51]   + جديد: ترمب يعلن "تدمير" العملة الإيرانية وينشر صور طائرات مقاتلة
[2026-08-01 19:07:53]   + جديد: 18 قتيلاً وجريحاً بانفجار وسط موسكو (فيديو)
[2026-08-01 19:07:55]   + جديد: تغييرات في قيادات عمليات بغداد وديالى وصلاح الدين والبصرة
[2026-08-01 19:07:55] جاري فحص: بغداد اليوم
[2026-08-01 19:07:56]   لا يوجد أخبار جديدة من بغداد اليوم
[2026-08-01 19:07:56] جاري فحص: السومرية نيوز
[2026-08-01 19:07:56]   لا يوجد أخبار جديدة من السومرية نيوز
[2026-08-01 19:07:56] جاري فحص: المدى
[2026-08-01 19:07:56] تعذر فتح صفحة المدى: 403 Client Error: Forbidden for url: https://almadapaper.net/
[2026-08-01 19:07:56]   لا يوجد أخبار جديدة من المدى
[2026-08-01 19:07:56] انتهى التشغيل — أخبار جديدة: 5 — إجمالي محفوظ: 150
[2026-08-01 20:25:07] جاري فحص: شفق نيوز
[2026-08-01 20:25:09]   + جديد: الزيدي يوجه بمنع أي تهديد ينطلق من العراق ضد دول الجوار
[2026-08-01 20:25:11]   + جديد: إحالة خبير آثار عراقي إلى التحقيق بعد تصريحاته عن آثار معروض
[2026-08-01 20:25:12]   + جديد: عراقجي يتصل بباكستان وتركيا: سنرد بحزم على أي مغامرة أميركية
[2026-08-01 20:25:14]   + جديد: حيدر يسجل.. النصر يخسر ودياً أمام إستريلا البرتغالي برباعية
[2026-08-01 20:25:15]   + جديد: أزمة مالية تهدد نادي أربيل وإدارته تمنح حكومة كوردستان مهلة 
[2026-08-01 20:25:15] جاري فحص: بغداد اليوم
[2026-08-01 20:25:20]   لا يوجد أخبار جديدة من بغداد اليوم
[2026-08-01 20:25:20] جاري فحص: السومرية نيوز
[2026-08-01 20:25:22]   لا يوجد أخبار جديدة من السومرية نيوز
[2026-08-01 20:25:22] جاري فحص: المدى
[2026-08-01 20:25:22] تعذر فتح صفحة المدى: 403 Client Error: Forbidden for url: https://almadapaper.net/
[2026-08-01 20:25:22]   لا يوجد أخبار جديدة من المدى
[2026-08-01 20:25:22] انتهى التشغيل — أخبار جديدة: 5 — إجمالي محفوظ: 150
[2026-08-01 21:23:35] جاري فحص: شفق نيوز
[2026-08-01 21:23:37]   + جديد: بعد 3 أيام على الإطلاق.. نفاد سعة الباقات الاعتيادية لـ"ستار
[2026-08-01 21:23:39]   + جديد: السلطات السورية تعلن تفكيك خلية لـ"داعش" واعتقال زعيمها في د
[2026-08-01 21:23:40]   + جديد: تسجيل أول ظهور لـ"اللقلق الأسود" في هور "زريوار" غربي إيران
[2026-08-01 21:23:42]   + جديد: خلال 48 ساعة.. ثامن هزة أرضية تضرب كركوك
[2026-08-01 21:23:42] جاري فحص: بغداد اليوم
[2026-08-01 21:23:42]   لا يوجد أخبار جديدة من بغداد اليوم
[2026-08-01 21:23:42] جاري فحص: السومرية نيوز
[2026-08-01 21:23:43]   لا يوجد أخبار جديدة من السومرية نيوز
[2026-08-01 21:23:43] جاري فحص: المدى
[2026-08-01 21:23:43] تعذر فتح صفحة المدى: 403 Client Error: Forbidden for url: https://almadapaper.net/
[2026-08-01 21:23:43]   لا يوجد أخبار جديدة من المدى
[2026-08-01 21:23:43] انتهى التشغيل — أخبار جديدة: 4 — إجمالي محفوظ: 150
[2026-08-01 22:26:00] جاري فحص: شفق نيوز
[2026-08-01 22:26:01]   لا يوجد أخبار جديدة من شفق نيوز
[2026-08-01 22:26:01] جاري فحص: بغداد اليوم
[2026-08-01 22:26:02]   لا يوجد أخبار جديدة من بغداد اليوم
[2026-08-01 22:26:02] جاري فحص: السومرية نيوز
[2026-08-01 22:26:03]   لا يوجد أخبار جديدة من السومرية نيوز
[2026-08-01 22:26:03] جاري فحص: المدى
[2026-08-01 22:26:03] تعذر فتح صفحة المدى: 403 Client Error: Forbidden for url: https://almadapaper.net/
[2026-08-01 22:26:03]   لا يوجد أخبار جديدة من المدى
[2026-08-01 22:26:03] انتهى التشغيل — أخبار جديدة: 0 — إجمالي محفوظ: 150
[2026-08-01 23:28:06] جاري فحص: شفق نيوز
[2026-08-01 23:28:09]   + جديد: هجوم بطائرتين مسيرتين قرب مقر لقوات 70 في السليمانية (تحديث)
[2026-08-01 23:28:09] جاري فحص: بغداد اليوم
[2026-08-01 23:28:10]   لا يوجد أخبار جديدة من بغداد اليوم
[2026-08-01 23:28:10] جاري فحص: السومرية نيوز
[2026-08-01 23:28:11]   لا يوجد أخبار جديدة من السومرية نيوز
[2026-08-01 23:28:11] جاري فحص: المدى
[2026-08-01 23:28:11] تعذر فتح صفحة المدى: 403 Client Error: Forbidden for url: https://almadapaper.net/
[2026-08-01 23:28:11]   لا يوجد أخبار جديدة من المدى
[2026-08-01 23:28:11] انتهى التشغيل — أخبار جديدة: 1 — إجمالي محفوظ: 150
[2026-08-02 01:07:24] جاري فحص: شفق نيوز
[2026-08-02 01:07:25]   لا يوجد أخبار جديدة من شفق نيوز
[2026-08-02 01:07:25] جاري فحص: بغداد اليوم
[2026-08-02 01:07:26]   لا يوجد أخبار جديدة من بغداد اليوم
[2026-08-02 01:07:26] جاري فحص: السومرية نيوز
[2026-08-02 01:07:27]   لا يوجد أخبار جديدة من السومرية نيوز
[2026-08-02 01:07:27] جاري فحص: المدى
[2026-08-02 01:07:27] تعذر فتح صفحة المدى: 403 Client Error: Forbidden for url: https://almadapaper.net/
[2026-08-02 01:07:27]   لا يوجد أخبار جديدة من المدى
[2026-08-02 01:07:27] انتهى التشغيل — أخبار جديدة: 0 — إجمالي محفوظ: 150
[2026-08-02 04:51:33] جاري فحص: شفق نيوز
[2026-08-02 04:51:36]   + جديد: ترمب يعلن إلغاء هجوم "غير مسبوق" على إيران شريطة التوصل السر
[2026-08-02 04:51:36] جاري فحص: بغداد اليوم
[2026-08-02 04:51:45]   لا يوجد أخبار جديدة من بغداد اليوم
[2026-08-02 04:51:45] جاري فحص: السومرية نيوز
[2026-08-02 04:51:46]   لا يوجد أخبار جديدة من السومرية نيوز
[2026-08-02 04:51:46] جاري فحص: المدى
[2026-08-02 04:51:46] تعذر فتح صفحة المدى: 403 Client Error: Forbidden for url: https://almadapaper.net/
[2026-08-02 04:51:46]   لا يوجد أخبار جديدة من المدى
[2026-08-02 04:51:46] انتهى التشغيل — أخبار جديدة: 1 — إجمالي محفوظ: 150
[2026-08-02 07:29:12] جاري فحص: شفق نيوز
[2026-08-02 07:29:14]   + جديد: القضاء العراقي يسترد 20 مليار دينار في قضية فساد مالي وإداري
[2026-08-02 07:29:16]   + جديد: مصرع وإصابة 10 أشخاص في واسط ومقتل شاب بكركوك
[2026-08-02 07:29:17]   + جديد: نيجيرفان بارزاني يهنئ الإيزيديين بـ"أربعينية الصيف" ويطمئن: 
[2026-08-02 07:29:19]   + جديد: خلية الإعلام الأمني تحسم الجدل بشأن أنباء هبوط طائرات أميركي
[2026-08-02 07:29:22]   + جديد: أوبك+ تتجه لزيادة إنتاج النفط في أيلول بنحو 188 ألف برميل يو
[2026-08-02 07:29:23]   + جديد: القلق من الذكاء الاصطناعي يتصاعد.. دراسة تكشف تراجع "التفاؤل
[2026-08-02 07:29:25]   + جديد: توقف واردات النفط العراقي إلى أميركا للأسبوع الخامس على التو
[2026-08-02 07:29:27]   + جديد: غارات إسرائيلية متواصلة على غزة.. 7 قتلى والعثور على 112 جثة
[2026-08-02 07:29:29]   + جديد: لماذا نُصاب بنزلات البرد في الصيف؟.. طبيبة تجيب وتحذر من جفا
[2026-08-02 07:29:31]   + جديد: مقتل 3 أشخاص في إطلاق نار بمدينة "توين فولز" الأميركية
[2026-08-02 07:29:31] جاري فحص: بغداد اليوم
[2026-08-02 07:29:31]   لا يوجد أخبار جديدة من بغداد اليوم
[2026-08-02 07:29:31] جاري فحص: السومرية نيوز
[2026-08-02 07:29:33]   لا يوجد أخبار جديدة من السومرية نيوز
[2026-08-02 07:29:33] جاري فحص: المدى
[2026-08-02 07:29:33] تعذر فتح صفحة المدى: 403 Client Error: Forbidden for url: https://almadapaper.net/
[2026-08-02 07:29:33]   لا يوجد أخبار جديدة من المدى
[2026-08-02 07:29:33] انتهى التشغيل — أخبار جديدة: 10 — إجمالي محفوظ: 150
[2026-08-02 09:34:54] جاري فحص: شفق نيوز
[2026-08-02 09:34:57]   + جديد: الأمن يعلن نتائج خطته للأربعينية: إطاحة بمتطرفين ورصد شائعات
[2026-08-02 09:34:59]   + جديد: الحشد يخلي مقاره في نينوى وينتقل لمواقع بديلة تحسباً لضربات 
[2026-08-02 09:35:01]   + جديد: الإعدام لقاتل ضابط بمكافحة إجرام البصرة.. والمؤبد لعنصر في ع
[2026-08-02 09:35:03]   + جديد: "شفق نيوز" تتقصى: الحكومة تتجه لاقتراض 3 تريليونات والدين ال
[2026-08-02 09:35:05]   + جديد: دلالات زيارة الحلبوسي إلى أربيل: قراءة في خريطة التوافقات وا
[2026-08-02 09:35:07]   + جديد: النفط والكهرباء تتصدران لائحة الفساد في العراق ... لماذا؟
[2026-08-02 09:35:09]   + جديد: من أنقاض تشيرنوبيل إلى رهانات روما: حين تعيد الأزمات كتابة ا
[2026-08-02 09:35:10]   + جديد: السليمانية.. عمال جباية كهرباء يحتجون للمطالبة بتثبيتهم ويهد
[2026-08-02 09:35:12]   + جديد: أسعار الذهب تعاود الارتفاع في أسواق بغداد وأربيل
[2026-08-02 09:35:14]   + جديد: الذكاء الاصطناعي يسبق الزيارات المليونية برصد احتياجات الاتص
[2026-08-02 09:35:16]   + جديد: الأنواء الجوية ترصد 20 هزة أرضية ضربت كركوك خلال 4 أيام (خري
[2026-08-02 09:35:18]   + جديد: وسط إجراءات مشددة.. نقل دفعة سجناء من بغداد إلى سجن "سوسة" ا
[2026-08-02 09:35:18] جاري فحص: بغداد اليوم
[2026-08-02 09:35:22]   لا يوجد أخبار جديدة من بغداد اليوم
[2026-08-02 09:35:22] جاري فحص: السومرية نيوز
[2026-08-02 09:35:23]   لا يوجد أخبار جديدة من السومرية نيوز
[2026-08-02 09:35:23] جاري فحص: المدى
[2026-08-02 09:35:23] تعذر فتح صفحة المدى: 403 Client Error: Forbidden for url: https://almadapaper.net/
[2026-08-02 09:35:23]   لا يوجد أخبار جديدة من المدى
[2026-08-02 09:35:23] انتهى التشغيل — أخبار جديدة: 12 — إجمالي محفوظ: 150
[2026-08-02 11:13:40] جاري فحص: شفق نيوز
[2026-08-02 11:13:42]   + جديد: إطلاق رواتب المتقاعدين والرعاية الاجتماعية لشهر آب
[2026-08-02 11:13:43]   + جديد: جرف بغداد يكشف المأزق.. نزع سلاح الفصائل غير ممكن على الأرض
[2026-08-02 11:13:45]   + جديد: سائقو السليمانية يطالبون بخفض أسعار الوقود ومحطة حكومية خاصة
[2026-08-02 11:13:46]   + جديد: أزمة الفصائل والضربات على العراق تسحب البساط من "صولة الفجر"
[2026-08-02 11:13:48]   + جديد: التخطيط النيابية: البرلمان أضاف 20 عنواناً وظيفياً جديداً ضم
[2026-08-02 11:13:50]   + جديد: متى تتغير حاسة التذوق؟
[2026-08-02 11:13:51]   + جديد: موعد حفل زفاف رونالدو وجورجينا
[2026-08-02 11:13:52]   + جديد: العراق يتصدر مستوردي الحمضيات التركية بأكثر من 350 مليون دول
[2026-08-02 11:13:54]   + جديد: هل أجهضت الغارات السعودية رؤية الزيدي لعراق بعيد عن الصراعات
[2026-08-02 11:13:56]   + جديد: مصدر إيراني ينفي التوصل لاتفاق لإعادة فتح هرمز
[2026-08-02 11:13:56] جاري فحص: بغداد اليوم
[2026-08-02 11:13:56]   لا يوجد أخبار جديدة من بغداد اليوم
[2026-08-02 11:13:56] جاري فحص: السومرية نيوز
[2026-08-02 11:13:57]   لا يوجد أخبار جديدة من السومرية نيوز
[2026-08-02 11:13:57] جاري فحص: المدى
[2026-08-02 11:13:57] تعذر فتح صفحة المدى: 403 Client Error: Forbidden for url: https://almadapaper.net/
[2026-08-02 11:13:57]   لا يوجد أخبار جديدة من المدى
[2026-08-02 11:13:57] انتهى التشغيل — أخبار جديدة: 10 — إجمالي محفوظ: 150
[2026-08-02 12:33:59] جاري فحص: شفق نيوز
[2026-08-02 12:34:01]   + جديد: تداولات البورصة العراقية تتجاوز 17 مليار دينار خلال أسبوع
[2026-08-02 12:34:03]   + جديد: شرف الاستاذ الجامعي
[2026-08-02 12:34:04]   + جديد: نتائج زيارة الزيدي لأنقرة
[2026-08-02 12:34:06]   + جديد: الآثار العراقية: لم نحل عبد الرزاق للتحقيق.. وبدأنا إجراءات 
[2026-08-02 12:34:07]   + جديد: "أسوشيتد برس": صراع خفي يهز القيادة الإيرانية بشأن مستقبل ال
[2026-08-02 12:34:09]   + جديد: أزمة السيولة النقدية.. اختبار لإدارة المال العام والحلول "مح
[2026-08-02 12:34:11]   + جديد: أربيل تحتضن الاجتماع الاستثنائي للهيئة العامة لاتحاد التنس
[2026-08-02 12:34:12]   + جديد: مختص بعلم الزلازل: هزات كركوك سببها تصادم الصفيحتين العربية 
[2026-08-02 12:34:12] جاري فحص: بغداد اليوم
[2026-08-02 12:34:12]   لا يوجد أخبار جديدة من بغداد اليوم
[2026-08-02 12:34:12] جاري فحص: السومرية نيوز
[2026-08-02 12:34:13]   لا يوجد أخبار جديدة من السومرية نيوز
[2026-08-02 12:34:13] جاري فحص: المدى
[2026-08-02 12:34:13] تعذر فتح صفحة المدى: 403 Client Error: Forbidden for url: https://almadapaper.net/
[2026-08-02 12:34:13]   لا يوجد أخبار جديدة من المدى
[2026-08-02 12:34:13] انتهى التشغيل — أخبار جديدة: 8 — إجمالي محفوظ: 150
[2026-08-02 14:26:12] جاري فحص: شفق نيوز
[2026-08-02 14:26:15]   + جديد: حريق هائل يلتهم مستودعاً تجارياً في دهوك وخسائر تُقدّر بمليو
[2026-08-02 14:26:17]   + جديد: أسعار الدولار في بغداد واربيل مع إغلاق الأحد
[2026-08-02 14:26:19]   + جديد: قتلى وجرحى بتصعيد إسرائيلي في غزة ولبنان
[2026-08-02 14:26:21]   + جديد: الإعلام الأمني: انفجار عتاد بمعسكر التاجي نتيجة حريق (تحديث)
[2026-08-02 14:26:23]   + جديد: لجنة مكافحة الفساد تلاحق "العقل المالي" لحوالات عدنان الجميل
[2026-08-02 14:26:25]   + جديد: كركوك.. اعتقال متهم بجريمة قتل وطعن طالب جامعي في عملية سلب
[2026-08-02 14:26:26]   + جديد: كأس العالم 2026 مونديال لا يشيخ في ذاكرة العشاق
[2026-08-02 14:26:28]   + جديد: إلقاء اللوم على الآخر: قراءة سوسيولوجية في التبرير بوصفه آلي
[2026-08-02 14:26:28] جاري فحص: بغداد اليوم
[2026-08-02 14:26:29]   لا يوجد أخبار جديدة من بغداد اليوم
[2026-08-02 14:26:29] جاري فحص: السومرية نيوز
[2026-08-02 14:26:30]   لا يوجد أخبار جديدة من السومرية نيوز
[2026-08-02 14:26:30] جاري فحص: المدى
[2026-08-02 14:26:30] تعذر فتح صفحة المدى: 403 Client Error: Forbidden for url: https://almadapaper.net/
[2026-08-02 14:26:30]   لا يوجد أخبار جديدة من المدى
[2026-08-02 14:26:30] انتهى التشغيل — أخبار جديدة: 8 — إجمالي محفوظ: 150
[2026-08-02 15:36:51] جاري فحص: شفق نيوز
[2026-08-02 15:36:54]   + جديد: حصري.. اميركا تشترط تفكيك الفصائل مقابل تحرير 30 مليار دولار
[2026-08-02 15:36:56]   + جديد: القضاء الإيراني يبقي على تجميد أموال اللاعب سردار آزمون ويفر
[2026-08-02 15:36:57]   + جديد: قوة أوروبية تعترض ناقلة من "أسطول الظل" الروسي
[2026-08-02 15:36:59]   + جديد: رسوب جماعي في كليات الطب بصعيد مصر يشعل أزمة
[2026-08-02 15:37:01]   + جديد: الداخلية العراقية تحقق مع منتسب سمح لمسافرة بختم تأشيرتها بن
[2026-08-02 15:37:01] جاري فحص: بغداد اليوم
[2026-08-02 15:37:01]   لا يوجد أخبار جديدة من بغداد اليوم
[2026-08-02 15:37:01] جاري فحص: السومرية نيوز
[2026-08-02 15:37:03]   لا يوجد أخبار جديدة من السومرية نيوز
[2026-08-02 15:37:03] جاري فحص: المدى
[2026-08-02 15:37:03] تعذر فتح صفحة المدى: 403 Client Error: Forbidden for url: https://almadapaper.net/
[2026-08-02 15:37:03]   لا يوجد أخبار جديدة من المدى
[2026-08-02 15:37:03] انتهى التشغيل — أخبار جديدة: 5 — إجمالي محفوظ: 150
[2026-08-02 16:54:45] جاري فحص: شفق نيوز
[2026-08-02 16:54:48]   + جديد: منح 15 ألف زائر أفغاني تأشيرات دخول إلى العراق مجاناً (وثيقة
[2026-08-02 16:54:50]   + جديد: الخارجية العراقية تدين الهجوم على ميناء دمياط المصري
[2026-08-02 16:54:52]   + جديد: الزوراء والغراف يتعادلان ودياً في معسكر مصر استعداداً لدوري 
[2026-08-02 16:54:54]   + جديد: 27 قتيلاً وجريحاً بهجوم انتحاري في باكستان
[2026-08-02 16:54:56]   + جديد: الأنبار.. إحالة ضابط شرطة للتحقيق بتهمة "التحرش" وإطلاق نار 
[2026-08-02 16:54:58]   + جديد: إعلام: إسرائيل تغتال القيادي بكتائب القسام "نافذ صبيح" في غز
[2026-08-02 16:54:58] جاري فحص: بغداد اليوم
[2026-08-02 16:55:03]   لا يوجد أخبار جديدة من بغداد اليوم
[2026-08-02 16:55:03] جاري فحص: السومرية نيوز
[2026-08-02 16:55:03]   لا يوجد أخبار جديدة من السومرية نيوز
[2026-08-02 16:55:03] جاري فحص: المدى
[2026-08-02 16:55:03] تعذر فتح صفحة المدى: 403 Client Error: Forbidden for url: https://almadapaper.net/
[2026-08-02 16:55:03]   لا يوجد أخبار جديدة من المدى
[2026-08-02 16:55:03] انتهى التشغيل — أخبار جديدة: 6 — إجمالي محفوظ: 150
[2026-08-02 17:58:01] جاري فحص: شفق نيوز
[2026-08-02 17:58:04]   + جديد: "مخالفات بيئية" تحرك دعوى بحق أكبر مستشفى للنسائية والأطفال 
[2026-08-02 17:58:06]   + جديد: النفط يتعادل مع الميناء ودياً في معسكر أربيل
[2026-08-02 17:58:08]   + جديد: الزيدي يؤكد للحكيم المضي في مكافحة الفساد.. والأخير يجدد دعم
[2026-08-02 17:58:10]   + جديد: خطاب "المقاومة" يضع العراق في حرج وسلاحها "شرارة حرب"
[2026-08-02 17:58:12]   + جديد: المرشد الإيراني يوجه رسالة تقدير للعراقيين (صور)
[2026-08-02 17:58:14]   + جديد: شباب العراق يتغلب ودياً على أمانة بغداد بهدف دون رد
[2026-08-02 17:58:14] جاري فحص: بغداد اليوم
[2026-08-02 17:58:15]   لا يوجد أخبار جديدة من بغداد اليوم
[2026-08-02 17:58:15] جاري فحص: السومرية نيوز
[2026-08-02 17:58:16]   لا يوجد أخبار جديدة من السومرية نيوز
[2026-08-02 17:58:16] جاري فحص: المدى
[2026-08-02 17:58:16] تعذر فتح صفحة المدى: 403 Client Error: Forbidden for url: https://almadapaper.net/
[2026-08-02 17:58:16]   لا يوجد أخبار جديدة من المدى
[2026-08-02 17:58:16] انتهى التشغيل — أخبار جديدة: 6 — إجمالي محفوظ: 150
[2026-08-02 19:15:39] جاري فحص: شفق نيوز
[2026-08-02 19:15:42]   + جديد: نيجيرفان بارزاني يلتقي الشرع في دمشق غداً
[2026-08-02 19:15:44]   + جديد: القوات الإيرانية تعتقل راعيين عراقيين وتحتجز 140 ماعزاً على 
[2026-08-02 19:15:46]   + جديد: عراقجي: المفاوضات مع مسقط بشأن هرمز في المرحلة الأخيرة
[2026-08-02 19:15:48]   + جديد: الإطاحة بـ"بونشو".. مطلوب بمكافأة أميركية قدرها 5 ملايين دول
[2026-08-02 19:15:50]   + جديد: القناة 12: قرارات ترمب تركت المسؤولين الإسرائيليين في حالة غ
[2026-08-02 19:15:51]   + جديد: مؤتمر عمّان حول القدس محور مباحثات فؤاد حسين والجامعة العربي
[2026-08-02 19:15:51] جاري فحص: بغداد اليوم
[2026-08-02 19:15:52]   لا يوجد أخبار جديدة من بغداد اليوم
[2026-08-02 19:15:52] جاري فحص: السومرية نيوز
[2026-08-02 19:15:54]   لا يوجد أخبار جديدة من السومرية نيوز
[2026-08-02 19:15:54] جاري فحص: المدى
[2026-08-02 19:15:54] تعذر فتح صفحة المدى: 403 Client Error: Forbidden for url: https://almadapaper.net/
[2026-08-02 19:15:54]   لا يوجد أخبار جديدة من المدى
[2026-08-02 19:15:54] انتهى التشغيل — أخبار جديدة: 6 — إجمالي محفوظ: 150
[2026-08-02 20:27:20] جاري فحص: شفق نيوز
[2026-08-02 20:27:23]   + جديد: المغرب يحبط عبور 41 ألف مهاجر إلى إسبانيا ويسجل 11 حالة وفاة
[2026-08-02 20:27:25]   + جديد: البرلمان الإيراني يدرس 12 مشروع قانون لإدارة هرمز
[2026-08-02 20:27:27]   + جديد: تيار الموقف الكوردستاني: بغداد مستعدة لتوحيد نظام الوقود في 
[2026-08-02 20:27:29]   + جديد: وزير الصحة يعفي مدير مستشفى الكرخ العام في بغداد
[2026-08-02 20:27:29] جاري فحص: بغداد اليوم
[2026-08-02 20:27:30]   لا يوجد أخبار جديدة من بغداد اليوم
[2026-08-02 20:27:30] جاري فحص: السومرية نيوز
[2026-08-02 20:27:30]   لا يوجد أخبار جديدة من السومرية نيوز
[2026-08-02 20:27:30] جاري فحص: المدى
[2026-08-02 20:27:31] تعذر فتح صفحة المدى: 403 Client Error: Forbidden for url: https://almadapaper.net/
[2026-08-02 20:27:31]   لا يوجد أخبار جديدة من المدى
[2026-08-02 20:27:31] انتهى التشغيل — أخبار جديدة: 4 — إجمالي محفوظ: 150
[2026-08-02 21:25:32] جاري فحص: شفق نيوز
[2026-08-02 21:25:34]   + جديد: نصفهم "حرقاً".. مسلحون يقتلون 12 شخصاً ويخطفون نساء وأطفالاً
[2026-08-02 21:25:36]   + جديد: بسبب هرمز.. أسعار الكبريت تقفز 134% وتهدد أمن الغذاء العالمي
[2026-08-02 21:25:36] جاري فحص: بغداد اليوم
[2026-08-02 21:25:36]   لا يوجد أخبار جديدة من بغداد اليوم
[2026-08-02 21:25:36] جاري فحص: السومرية نيوز
[2026-08-02 21:25:37]   لا يوجد أخبار جديدة من السومرية نيوز
[2026-08-02 21:25:37] جاري فحص: المدى
[2026-08-02 21:25:37] تعذر فتح صفحة المدى: 403 Client Error: Forbidden for url: https://almadapaper.net/
[2026-08-02 21:25:37]   لا يوجد أخبار جديدة من المدى
[2026-08-02 21:25:37] انتهى التشغيل — أخبار جديدة: 2 — إجمالي محفوظ: 150
[2026-08-02 22:27:00] جاري فحص: شفق نيوز
[2026-08-02 22:27:02]   + جديد: ترامب يعلن مفاوضات جديدة مع إيران بعد إلغاء "أضخم هجوم منذ ا
[2026-08-02 22:27:02] جاري فحص: بغداد اليوم
[2026-08-02 22:27:03]   لا يوجد أخبار جديدة من بغداد اليوم
[2026-08-02 22:27:03] جاري فحص: السومرية نيوز
[2026-08-02 22:27:03]   لا يوجد أخبار جديدة من السومرية نيوز
[2026-08-02 22:27:03] جاري فحص: المدى
[2026-08-02 22:27:04] تعذر فتح صفحة المدى: 403 Client Error: Forbidden for url: https://almadapaper.net/
[2026-08-02 22:27:04]   لا يوجد أخبار جديدة من المدى
[2026-08-02 22:27:04] انتهى التشغيل — أخبار جديدة: 1 — إجمالي محفوظ: 150
[2026-08-02 23:29:12] جاري فحص: شفق نيوز
[2026-08-02 23:29:13]   لا يوجد أخبار جديدة من شفق نيوز
[2026-08-02 23:29:13] جاري فحص: بغداد اليوم
[2026-08-02 23:29:14]   لا يوجد أخبار جديدة من بغداد اليوم
[2026-08-02 23:29:14] جاري فحص: السومرية نيوز
[2026-08-02 23:29:14]   لا يوجد أخبار جديدة من السومرية نيوز
[2026-08-02 23:29:14] جاري فحص: المدى
[2026-08-02 23:29:15] تعذر فتح صفحة المدى: 403 Client Error: Forbidden for url: https://almadapaper.net/
[2026-08-02 23:29:15]   لا يوجد أخبار جديدة من المدى
[2026-08-02 23:29:15] انتهى التشغيل — أخبار جديدة: 0 — إجمالي محفوظ: 150
[2026-08-03 01:08:05] جاري فحص: شفق نيوز
[2026-08-03 01:08:06]   لا يوجد أخبار جديدة من شفق نيوز
[2026-08-03 01:08:06] جاري فحص: بغداد اليوم
[2026-08-03 01:08:08]   لا يوجد أخبار جديدة من بغداد اليوم
[2026-08-03 01:08:08] جاري فحص: السومرية نيوز
[2026-08-03 01:08:09]   لا يوجد أخبار جديدة من السومرية نيوز
[2026-08-03 01:08:09] جاري فحص: المدى
[2026-08-03 01:08:09] تعذر فتح صفحة المدى: 403 Client Error: Forbidden for url: https://almadapaper.net/
[2026-08-03 01:08:09]   لا يوجد أخبار جديدة من المدى
[2026-08-03 01:08:09] انتهى التشغيل — أخبار جديدة: 0 — إجمالي محفوظ: 150
[2026-08-03 05:00:51] جاري فحص: شفق نيوز
[2026-08-03 05:00:54]   + جديد: مقتل شخص بهجوم مسلح وسط كركوك
[2026-08-03 05:00:56]   + جديد: هبوط حاد بأسعار النفط بعد تراجع ترمب عن مهاجمة إيران
[2026-08-03 05:00:56] جاري فحص: بغداد اليوم
[2026-08-03 05:00:57]   لا يوجد أخبار جديدة من بغداد اليوم
[2026-08-03 05:00:57] جاري فحص: السومرية نيوز
[2026-08-03 05:00:58]   لا يوجد أخبار جديدة من السومرية نيوز
[2026-08-03 05:00:58] جاري فحص: المدى
[2026-08-03 05:00:58] تعذر فتح صفحة المدى: 403 Client Error: Forbidden for url: https://almadapaper.net/
[2026-08-03 05:00:58]   لا يوجد أخبار جديدة من المدى
[2026-08-03 05:00:58] انتهى التشغيل — أخبار جديدة: 2 — إجمالي محفوظ: 150
[2026-08-03 08:46:54] جاري فحص: شفق نيوز
[2026-08-03 08:46:56]   + جديد: نيجيرفان بارزاني يصل دمشق في زيارة رسمية للقاء الشرع
[2026-08-03 08:46:58]   + جديد: إيران بشأن المفاوضات: لن نستقبل أي وفد ولن نكون ضيوفا لأي جه
[2026-08-03 08:46:59]   + جديد: مشهد لافت.. علم كوردستان في قصر الشعب بدمشق خلال زيارة نيجير
[2026-08-03 08:47:01]   + جديد: الزيارة الأربعينية تقترب من نهايتها وشفق نيوز ترصد المشاهد ا
[2026-08-03 08:47:02]   + جديد: طهران: السعودية نفت استهدافها للعراق بعد احتجاج إيران
[2026-08-03 08:47:04]   + جديد: عطلة الزيارة توقف بورصة بغداد.. والتداول مستمراً في أربيل
[2026-08-03 08:47:05]   + جديد: الجيش الأميركي يطلب من جنوده "أفكاراً إبداعية" لمعاقبة إيران
[2026-08-03 08:47:07]   + جديد: العراق يعلن دخول أكثر من 4.8 ملايين زائر وافد لإحياء الزيارة
[2026-08-03 08:47:09]   + جديد: بعد 12 عاماً على الإبادة.. إنقاذ 3595 مختطفاً إيزيدياً والبح
[2026-08-03 08:47:10]   + جديد: في ذكرى الإبادة الإيزيدية.. ئاميدي والزيدي يؤكدان إنصاف الضح
[2026-08-03 08:47:12]   + جديد: حراك متسارع في الميركاتو العراقي استعداداً للموسم الجديد
[2026-08-03 08:47:13]   + جديد: سومو تطلب من المشترين تحديد احتياجاتهم من خام البصرة وسط توت
[2026-08-03 08:47:13] جاري فحص: بغداد اليوم
[2026-08-03 08:47:18]   لا يوجد أخبار جديدة من بغداد اليوم
[2026-08-03 08:47:18] جاري فحص: السومرية نيوز
[2026-08-03 08:47:20]   لا يوجد أخبار جديدة من السومرية نيوز
[2026-08-03 08:47:20] جاري فحص: المدى
[2026-08-03 08:47:20] تعذر فتح صفحة المدى: 403 Client Error: Forbidden for url: https://almadapaper.net/
[2026-08-03 08:47:20]   لا يوجد أخبار جديدة من المدى
[2026-08-03 08:47:20] انتهى التشغيل — أخبار جديدة: 12 — إجمالي محفوظ: 150
[2026-08-03 12:18:15] جاري فحص: شفق نيوز
[2026-08-03 12:18:18]   + جديد: العطش يضرب 40 قرية جنوب ديالى ومطالبات عاجلة بإنقاذ نهر خريس
[2026-08-03 12:18:19]   + جديد: مصفاة "فوكس": أزمة البنزين إقليمية وستنتهي في السليمانية خلا
[2026-08-03 12:18:21]   + جديد: وزير المالية يطلب المثول أمام البرلمان لكشف حقيقة الأزمة الم
[2026-08-03 12:18:23]   + جديد: الرئيس السوري يستقبل نيجيرفان بارزاني في دمشق (صور وفيديو)
[2026-08-03 12:18:24]   + جديد: سيلفا يبدأ الموسم مع ريال مدريد بعد تسجيله رسمياً
[2026-08-03 12:18:26]   + جديد: إغلاق نظام التراخيص وتحديد موعد التصويت
[2026-08-03 12:18:28]   + جديد: توغل إسرائيلي جديد جنوب غربي سوريا.. حاجز عسكري وتفتيش للمدن
[2026-08-03 12:18:29]   + جديد: حريق كبير يلتهم بساتين في المثنى و4 فرق تهرع لإخماده (فيديو)
[2026-08-03 12:18:31]   + جديد: وفاة غامضة لموقوف لدى مكافحة إجرام المنصور في بغداد
[2026-08-03 12:18:33]   + جديد: نيجيرفان بارزاني يدعو أحمد الشرع لزيارة بغداد وإقليم كوردستا
[2026-08-03 12:18:34]   + جديد: السليمانية.. شح مياه الإسالة يشعل احتجاجات في رابرين
[2026-08-03 12:18:36]   + جديد: إبادة الإيزيديين التي لم تنتهِ.. سنجار تبحث عن مفقوديها بعد 
[2026-08-03 12:18:36] جاري فحص: بغداد اليوم
[2026-08-03 12:18:36]   لا يوجد أخبار جديدة من بغداد اليوم
[2026-08-03 12:18:36] جاري فحص: السومرية نيوز
[2026-08-03 12:18:37]   لا يوجد أخبار جديدة من السومرية نيوز
[2026-08-03 12:18:37] جاري فحص: المدى
[2026-08-03 12:18:37] تعذر فتح صفحة المدى: 403 Client Error: Forbidden for url: https://almadapaper.net/
[2026-08-03 12:18:37]   لا يوجد أخبار جديدة من المدى
[2026-08-03 12:18:37] انتهى التشغيل — أخبار جديدة: 12 — إجمالي محفوظ: 150
[2026-08-03 15:23:59] جاري فحص: شفق نيوز
[2026-08-03 15:24:01]   + جديد: الدولار يستقر في بغداد رغم إغلاق البورصات ويسجل ارتفاعاً في 
[2026-08-03 15:24:03]   + جديد: نيجيرفان بارزاني: سوريا أمام فرصة تاريخية للتعافي.. وندعم وح
[2026-08-03 15:24:04]   + جديد: خاص.. "سنتكوم" تعلق على أنباء سحب منظومة "باتريوت" من أربيل
[2026-08-03 15:24:06]   + جديد: رئيسة المفوضية الأوروبية تدعو لزيادة دعم المغرب للحد من الهج
[2026-08-03 15:24:07]   + جديد: الحوثيون يغيرون مسار 6 ناقلات نفط سعودية في خليج عدن
[2026-08-03 15:24:09]   + جديد: مخزون الغاز الأوروبي عند أدنى مستوى على الإطلاق
[2026-08-03 15:24:10]   + جديد: ترمب يدعو لخفض أسعار النفط للمستهلكين
[2026-08-03 15:24:12]   + جديد: صدور الترجمة الكوردية الفيلية لرائعة أورويل "مزرعة الحيوان"
[2026-08-03 15:24:13]   + جديد: خلال مشاركته في الأربعينية.. عراقجي يشيد بالإجراءات الأمنية 
[2026-08-03 15:24:15]   + جديد: مصرف الرافدين يوضح آلية استقطاع أقساط السلف مع تأخر صرف الرو
[2026-08-03 15:24:16]   + جديد: بارزاني وبطريرك الكنيسة الكلدانية يؤكدان حماية حقوق المسيحيي
[2026-08-03 15:24:18]   + جديد: ذي قار.. إغلاق "دار" يجهز المؤسسات الصحية بالطعام
[2026-08-03 15:24:18] جاري فحص: بغداد اليوم
[2026-08-03 15:24:23]   لا يوجد أخبار جديدة من بغداد اليوم
[2026-08-03 15:24:23] جاري فحص: السومرية نيوز
[2026-08-03 15:24:23]   لا يوجد أخبار جديدة من السومرية نيوز
[2026-08-03 15:24:23] جاري فحص: المدى
[2026-08-03 15:24:23] تعذر فتح صفحة المدى: 403 Client Error: Forbidden for url: https://almadapaper.net/
[2026-08-03 15:24:23]   لا يوجد أخبار جديدة من المدى
[2026-08-03 15:24:23] انتهى التشغيل — أخبار جديدة: 12 — إجمالي محفوظ: 150
[2026-08-03 17:23:44] جاري فحص: شفق نيوز
[2026-08-03 17:23:46]   + جديد: خاص.. الزيدي يزور السعودية الأسبوع المقبل "بعد وساطات"
[2026-08-03 17:23:47]   + جديد: العراقي مهند حسن يحصد فضية بطولة العالم للجوجيتسو
[2026-08-03 17:23:49]   + جديد: الحرس الثوري: جاهزون للرد على أي تهديد من شمال غربي إيران
[2026-08-03 17:23:50]   + جديد: سنتكوم: عطلنا وغيرنا مسار 46 سفينة في هرمز
[2026-08-03 17:23:52]   + جديد: فوز الشرطة والكرمة وغاز الشمال في ثلاث مواجهات ودية
[2026-08-03 17:23:53]   + جديد: الحميداوي يرفض تفكيك سلاح "المقاومة": سنطوره ونعظم ترسانته
[2026-08-03 17:23:55]   + جديد: ترمب: إيران أمام التوصل إلى اتفاق أو استسلام كامل
[2026-08-03 17:23:56]   + جديد: بارزاني والشرع يؤكدان توسيع التعاون بين سوريا والعراق وكوردس
[2026-08-03 17:23:58]   + جديد: بينهم أطفال.. مقتل وإصابة 47 شخصاً بهجوم أوكراني على منتجع س
[2026-08-03 17:23:58] جاري فحص: بغداد اليوم
[2026-08-03 17:23:58]   لا يوجد أخبار جديدة من بغداد اليوم
[2026-08-03 17:23:58] جاري فحص: السومرية نيوز
[2026-08-03 17:23:59]   لا يوجد أخبار جديدة من السومرية نيوز
[2026-08-03 17:23:59] جاري فحص: المدى
[2026-08-03 17:23:59] تعذر فتح صفحة المدى: 403 Client Error: Forbidden for url: https://almadapaper.net/
[2026-08-03 17:23:59]   لا يوجد أخبار جديدة من المدى
[2026-08-03 17:23:59] انتهى التشغيل — أخبار جديدة: 9 — إجمالي محفوظ: 150
[2026-08-03 19:04:43] جاري فحص: شفق نيوز
[2026-08-03 19:04:46]   + جديد: "الفرصة الأخيرة".. ترمب: نتحدث مع إيران لفتح مضيق هرمز بحلول
[2026-08-03 19:04:48]   + جديد: "في أضعف حالاته".. هل يتفكك الإطار التنسيقي؟
[2026-08-03 19:04:50]   + جديد: الإبادة الإيزيدية: من صدمة أب 2014 إلى معضلة إعادة الإعمار
[2026-08-03 19:04:52]   + جديد: “ما يحتاجه البيت يحرم على الجامع”
[2026-08-03 19:04:54]   + جديد: من غارباتيلا إلى حدود المتوسط.. ميلوني وسلطة ايطاليا المظللة
[2026-08-03 19:04:56]   + جديد: القوة الجوية يختتم معسكره التدريبي بتعادل إيجابي مع المنصورة
[2026-08-03 19:04:58]   + جديد: راصد جوي: الأعوام الخمسة الأخيرة الأكثر حرارة في التاريخ
[2026-08-03 19:04:58] جاري فحص: بغداد اليوم
[2026-08-03 19:04:59]   لا يوجد أخبار جديدة من بغداد اليوم
[2026-08-03 19:04:59] جاري فحص: السومرية نيوز
[2026-08-03 19:04:59]   لا يوجد أخبار جديدة من السومرية نيوز
[2026-08-03 19:04:59] جاري فحص: المدى
[2026-08-03 19:04:59] تعذر فتح صفحة المدى: 403 Client Error: Forbidden for url: https://almadapaper.net/
[2026-08-03 19:04:59]   لا يوجد أخبار جديدة من المدى
[2026-08-03 19:04:59] انتهى التشغيل — أخبار جديدة: 7 — إجمالي محفوظ: 150
[2026-08-03 20:42:48] جاري فحص: شفق نيوز
[2026-08-03 20:42:51]   + جديد: مظلوم عبدي يصف زيارة نيجيرفان بارزاني إلى سوريا بـ"التاريخية
[2026-08-03 20:42:53]   + جديد: ممثل لخامنئي يزعم امتلاك طهران صاروخاً "يستهدف منزل ترمب بسه
[2026-08-03 20:42:54]   + جديد: السليمانية.. ضبط كمية كبيرة من المخدرات واعتقال 6 متاجرين به
[2026-08-03 20:42:56]   + جديد: بعد تسديد مستحقات المدرب المقدوني.. "فيفا" يرفع الحظر عن ناد
[2026-08-03 20:42:57]   + جديد: كهرباء الجنوب تعالج خللاً فنياً وتعيد الطاقة لعدد من المناطق
[2026-08-03 20:42:59]   + جديد: دوائر حكومية تواصل "تلويث" دجلة في بغداد (صور)
[2026-08-03 20:43:01]   + جديد: "هاغينغ فيس": الصين تفرض هيمنتها على النماذج الذكاء الاصطناع
[2026-08-03 20:43:02]   + جديد: نتنياهو يعترف بوجود خلاف مع ترمب بسبب الاتفاق مع حماس
[2026-08-03 20:43:02] جاري فحص: بغداد اليوم
[2026-08-03 20:43:10]   لا يوجد أخبار جديدة من بغداد اليوم
[2026-08-03 20:43:10] جاري فحص: السومرية نيوز
[2026-08-03 20:43:11]   لا يوجد أخبار جديدة من السومرية نيوز
[2026-08-03 20:43:11] جاري فحص: المدى
[2026-08-03 20:43:11] تعذر فتح صفحة المدى: 403 Client Error: Forbidden for url: https://almadapaper.net/
[2026-08-03 20:43:11]   لا يوجد أخبار جديدة من المدى
[2026-08-03 20:43:11] انتهى التشغيل — أخبار جديدة: 8 — إجمالي محفوظ: 150
[2026-08-03 22:04:53] جاري فحص: شفق نيوز
[2026-08-03 22:04:56]   + جديد: زاخو يضم أكام هاشم بعقد قياسي يتجاوز 1.7 مليار دينار
[2026-08-03 22:04:57]   + جديد: مصرع وإصابة 6 زائرين بانقلاب مركبة على طريق ذي قار- البصرة
[2026-08-03 22:04:59]   + جديد: رسائل نيجيرفان بارزاني من دمشق.. إعادة تعريف المعادلة الكورد
[2026-08-03 22:05:01]   + جديد: 4.8 مليون زائر.. كيف يمكن للعراق استثمار "الأربعينية" اقتصاد
[2026-08-03 22:05:01] جاري فحص: بغداد اليوم
[2026-08-03 22:05:02]   لا يوجد أخبار جديدة من بغداد اليوم
[2026-08-03 22:05:02] جاري فحص: السومرية نيوز
[2026-08-03 22:05:04]   لا يوجد أخبار جديدة من السومرية نيوز
[2026-08-03 22:05:04] جاري فحص: المدى
[2026-08-03 22:05:04] تعذر فتح صفحة المدى: 403 Client Error: Forbidden for url: https://almadapaper.net/
[2026-08-03 22:05:04]   لا يوجد أخبار جديدة من المدى
[2026-08-03 22:05:04] انتهى التشغيل — أخبار جديدة: 4 — إجمالي محفوظ: 150
[2026-08-03 23:34:05] جاري فحص: شفق نيوز
[2026-08-03 23:34:07]   + جديد: فاجعة تصيب موكب بني عامر الشهير
[2026-08-03 23:34:07] جاري فحص: بغداد اليوم
[2026-08-03 23:34:08]   لا يوجد أخبار جديدة من بغداد اليوم
[2026-08-03 23:34:08] جاري فحص: السومرية نيوز
[2026-08-03 23:34:09]   لا يوجد أخبار جديدة من السومرية نيوز
[2026-08-03 23:34:09] جاري فحص: المدى
[2026-08-03 23:34:09] تعذر فتح صفحة المدى: 403 Client Error: Forbidden for url: https://almadapaper.net/
[2026-08-03 23:34:09]   لا يوجد أخبار جديدة من المدى
[2026-08-03 23:34:09] انتهى التشغيل — أخبار جديدة: 1 — إجمالي محفوظ: 150
[2026-08-04 02:06:51] جاري فحص: شفق نيوز
[2026-08-04 02:06:52]   لا يوجد أخبار جديدة من شفق نيوز
[2026-08-04 02:06:52] جاري فحص: بغداد اليوم
[2026-08-04 02:06:53]   لا يوجد أخبار جديدة من بغداد اليوم
[2026-08-04 02:06:53] جاري فحص: السومرية نيوز
[2026-08-04 02:06:53]   لا يوجد أخبار جديدة من السومرية نيوز
[2026-08-04 02:06:53] جاري فحص: المدى
[2026-08-04 02:06:53] تعذر فتح صفحة المدى: 403 Client Error: Forbidden for url: https://almadapaper.net/
[2026-08-04 02:06:53]   لا يوجد أخبار جديدة من المدى
[2026-08-04 02:06:53] انتهى التشغيل — أخبار جديدة: 0 — إجمالي محفوظ: 150
[2026-08-04 05:29:17] جاري فحص: شفق نيوز
[2026-08-04 05:29:20]   + جديد: الذهب يستقر فوق 4000 دولار مع ترقب بيانات الوظائف الأميركية 
[2026-08-04 05:29:22]   + جديد: ارتفاع أسعار النفط وسط غموض المفاوضات الأميركية الإيرانية وم
[2026-08-04 05:29:23]   + جديد: آبل تحجب "تلغرام" مؤقتاً من متجرها في عدة دول بسبب محتوى مسي
[2026-08-04 05:29:25]   + جديد: مقتل 5 أشخاص وإصابة 6 آخرين بهجوم مسيّرة في موسكو
[2026-08-04 05:29:25] جاري فحص: بغداد اليوم
[2026-08-04 05:29:26]   لا يوجد أخبار جديدة من بغداد اليوم
[2026-08-04 05:29:26] جاري فحص: السومرية نيوز
[2026-08-04 05:29:26]   لا يوجد أخبار جديدة من السومرية نيوز
[2026-08-04 05:29:26] جاري فحص: المدى
[2026-08-04 05:29:26] تعذر فتح صفحة المدى: 403 Client Error: Forbidden for url: https://almadapaper.net/
[2026-08-04 05:29:26]   لا يوجد أخبار جديدة من المدى
[2026-08-04 05:29:26] انتهى التشغيل — أخبار جديدة: 4 — إجمالي محفوظ: 150
[2026-08-04 08:02:31] جاري فحص: شفق نيوز
[2026-08-04 08:02:34]   + جديد: بورصتا بغداد تواصلان الإغلاق لليوم الثاني.. وارتفاع أسعار ال
[2026-08-04 08:02:36]   + جديد: بزشكيان: إيران لا تسعى لتوسيع نطاق الحرب
[2026-08-04 08:02:38]   + جديد: تراجع أسعار الخام العراقي متأثراً بتقلبات الأسواق العالمية
[2026-08-04 08:02:40]   + جديد: نعيم قاسم يعلن الاستعداد للقاء علني مع القيادة السورية
[2026-08-04 08:02:42]   + جديد: إيران: أحبطنا مخططاً أميركياً لهجوم بري ولن نسمح بفتح "ممر ث
[2026-08-04 08:02:44]   + جديد: تحذير طبي من تناول الرقي مع الخبز
[2026-08-04 08:02:46]   + جديد: زلزال يضرب محافظة هرمزكان جنوبي إيران
[2026-08-04 08:02:48]   + جديد: إسبانيا.. نحو 5 آلاف مهاجر ما زالوا في سبتة
[2026-08-04 08:02:50]   + جديد: حراك واسع في سوق الانتقالات.. صفقات جديدة للكرخ وأربيل والحم
[2026-08-04 08:02:52]   + جديد: اليوم.. جولة جديدة من مفاوضات لبنان وإسرائيل
[2026-08-04 08:02:54]   + جديد: حامل اللقب يطوي صفحة معسكر مصر ويتوجه إلى بغداد لبدء تحضيرات
[2026-08-04 08:02:54] جاري فحص: بغداد اليوم
[2026-08-04 08:02:55]   لا يوجد أخبار جديدة من بغداد اليوم
[2026-08-04 08:02:55] جاري فحص: السومرية نيوز
[2026-08-04 08:02:56]   لا يوجد أخبار جديدة من السومرية نيوز
[2026-08-04 08:02:56] جاري فحص: المدى
[2026-08-04 08:02:56] تعذر فتح صفحة المدى: 403 Client Error: Forbidden for url: https://almadapaper.net/
[2026-08-04 08:02:56]   لا يوجد أخبار جديدة من المدى
[2026-08-04 08:02:56] انتهى التشغيل — أخبار جديدة: 11 — إجمالي محفوظ: 150
[2026-08-04 11:02:34] جاري فحص: شفق نيوز
[2026-08-04 11:02:36]   + جديد: خاص.. لقاء يجمع الرئيس السوري وقائد "قسد" خلال ساعات في دمشق
[2026-08-04 11:02:38]   + جديد: أربع مناطق عراقية ضمن قائمة الأشد حرارة حول العالم خلال 24 س
[2026-08-04 11:02:40]   + جديد: مصرع 6 زوار بحادث سير مروع في الديوانية
[2026-08-04 11:02:41]   + جديد: لتجاوز الحرارة 50 مئوية.. مجلس ذي قار يقرر تعطيل الدوام الرس
[2026-08-04 11:02:43]   + جديد: بعد إعلان "فوكس".. سياسي كوردي: تكلفة لتر البنزين لا تتجاوز 
[2026-08-04 11:02:45]   + جديد: السليمانية تشدد الرقابة على مزارع الأسماك غير المرخصة وتحيل 
[2026-08-04 11:02:46]   + جديد: إنتاج 20 صنفاً جديداً من البذور في إقليم كوردستان وتوزيعها ع
[2026-08-04 11:02:48]   + جديد: مصرع رجل مسن وإصابة 4 أشخاص بخمسة حوادث سير في نينوى
[2026-08-04 11:02:50]   + جديد: مسؤول سوري: التعاون النفطي مع العراق يخفف أزمة الطاقة ويمهد 
[2026-08-04 11:02:51]   + جديد: العملة المصدرة في العراق ترتفع إلى 113.6 تريليون دينار بنهاي
[2026-08-04 11:02:53]   + جديد: في 3 محافظات.. غرق شاب واعتقال "مشعوذ" وقاتل صديقه
[2026-08-04 11:02:54]   + جديد: كربلاء.. إطلاق خدمة مجانية لصيانة وتنظيف معدات المصورين خلال
[2026-08-04 11:02:54] جاري فحص: بغداد اليوم
[2026-08-04 11:02:55]   لا يوجد أخبار جديدة من بغداد اليوم
[2026-08-04 11:02:55] جاري فحص: السومرية نيوز
[2026-08-04 11:02:56]   لا يوجد أخبار جديدة من السومرية نيوز
[2026-08-04 11:02:56] جاري فحص: المدى
[2026-08-04 11:02:56] تعذر فتح صفحة المدى: 403 Client Error: Forbidden for url: https://almadapaper.net/
[2026-08-04 11:02:56]   لا يوجد أخبار جديدة من المدى
[2026-08-04 11:02:56] انتهى التشغيل — أخبار جديدة: 12 — إجمالي محفوظ: 150
[2026-08-04 13:14:30] جاري فحص: شفق نيوز
[2026-08-04 13:14:33]   + جديد: خمس جرائم قتل خلال أسبوع تثير المخاوف بمنطقة كوردستانية.. دع
[2026-08-04 13:14:35]   + جديد: رويترز: إيران تشترط السيطرة على "الدخول" لمضيق هرمز  مقابل ف
[2026-08-04 13:14:37]   + جديد: إيران تعلن عبور أكثر من 3.3 ملايين زائر إلى العراق للمشاركة 
[2026-08-04 13:14:39]   + جديد: واشنطن تعلن اتفاقاً "مرتقباً" بشأن مضيق هرمز وطهران تنفي
[2026-08-04 13:14:41]   + جديد: خمسة أندية عراقية تمثل أمام الاتحاد العراقي للنظر في دعاوى ض
[2026-08-04 13:14:42]   + جديد: مطار النجف: استقبل أكثر من 125 ألف مسافر خلال 19 يوماً
[2026-08-04 13:14:44]   + جديد: نواف سلام يرد على قاسم: من تفرد بالحرب لا يحق له توزيع شهادا
[2026-08-04 13:14:46]   + جديد: ألف شاحنة عراقية عالقة في العقبة.. سائقون ينتظرون تفريغ حمول
[2026-08-04 13:14:48]   + جديد: رئاسة اقليم كوردستان: زيارة نيجيرفان بارزاني لدمشق ذات أهمية
[2026-08-04 13:14:50]   + جديد: هل استنزفت واشنطن صواريخها في حرب إيران؟
[2026-08-04 13:14:51]   + جديد: مستشار الحكومة: أزمة السيولة لاتعني إفلاس الدولة ولا تهدد ال
[2026-08-04 13:14:53]   + جديد: "سريران لخمسة جرحى".. عائلة الديب في غزة تنتظر قرار السفر من
[2026-08-04 13:14:53] جاري فحص: بغداد اليوم
[2026-08-04 13:14:54]   لا يوجد أخبار جديدة من بغداد اليوم
[2026-08-04 13:14:54] جاري فحص: السومرية نيوز
[2026-08-04 13:14:55]   لا يوجد أخبار جديدة من السومرية نيوز
[2026-08-04 13:14:55] جاري فحص: المدى
[2026-08-04 13:14:55] تعذر فتح صفحة المدى: 403 Client Error: Forbidden for url: https://almadapaper.net/
[2026-08-04 13:14:55]   لا يوجد أخبار جديدة من المدى
[2026-08-04 13:14:55] انتهى التشغيل — أخبار جديدة: 12 — إجمالي محفوظ: 150
[2026-08-04 15:53:14] جاري فحص: شفق نيوز
[2026-08-04 15:53:18]   + جديد: قراءة أميركية: الزيدي أمام خيارين.. "مواجهة الفصائل أو الاست
[2026-08-04 15:53:20]   + جديد: غداً.. "إدارة الدولة" يجتمع لبحث الأزمة المالية وتهديد الفصا
[2026-08-04 15:53:22]   + جديد: "دانة غاز" و"نفط الهلال" تبدءان توريد الغاز إلى بغداد من حقل
[2026-08-04 15:53:24]   + جديد: من ديوان الرقابة.. الزيدي يوجه باعتماد مبدأ التدقيق القبلي ل
[2026-08-04 15:53:26]   + جديد: إعلام: الجيش السوري يعلن الاستنفار العسكري
[2026-08-04 15:53:28]   + جديد: "نيويورك تايمز": إيران وعُمان تقتربان من اتفاق لإعادة فتح هر
[2026-08-04 15:53:30]   + جديد: محافظ كربلاء: 22 مليون زائر بينهم 5 ملايين عربي وأجنبي وفدوا
[2026-08-04 15:53:32]   + جديد: السليمانية.. حملة لرفع المخالفات والتجاوزات على استهلاك الكه
[2026-08-04 15:53:34]   + جديد: روبيو يكشف عن تقدم في المحادثات مع إيران: فتح مضيق هرمز قريب
[2026-08-04 15:53:36]   + جديد: إصابة 4 أشخاص بحريق منزلي وخامس بانفجار مخلف حربي في دهوك
[2026-08-04 15:53:38]   + جديد: أدنى مستوى خلال 3 أسابيع.. أسعار النفط تسجل 80 دولاراً للبرم
[2026-08-04 15:53:40]   + جديد: السليمانية تفتح تحقيقاً قضائياً في كسر غصن شجرة عمرها نحو 40
[2026-08-04 15:53:40] جاري فحص: بغداد اليوم
[2026-08-04 15:53:41]   لا يوجد أخبار جديدة من بغداد اليوم
[2026-08-04 15:53:41] جاري فحص: السومرية نيوز
[2026-08-04 15:53:42]   لا يوجد أخبار جديدة من السومرية نيوز
[2026-08-04 15:53:42] جاري فحص: المدى
[2026-08-04 15:53:43] تعذر فتح صفحة المدى: 403 Client Error: Forbidden for url: https://almadapaper.net/
[2026-08-04 15:53:43]   لا يوجد أخبار جديدة من المدى
[2026-08-04 15:53:43] انتهى التشغيل — أخبار جديدة: 12 — إجمالي محفوظ: 150
[2026-08-04 17:42:54] جاري فحص: شفق نيوز
[2026-08-04 17:42:59]   + جديد: خاص.. حشود وآليات مدرعة قرب الحدود العراقية.. دمشق تنفي وبغد
[2026-08-04 17:43:01]   + جديد: ليبيا.. فرار جماعي من سجن تزامناً مع اشتباكات مسلحة (فيديو)
[2026-08-04 17:43:03]   + جديد: النجف تعلن نجاح الخطة الأمنية: استقبلنا أكثر من 17 مليون زائ
[2026-08-04 17:43:05]   + جديد: الهند تعلن غرق سفينة تابعة لها قبالة السواحل اليمنية
[2026-08-04 17:43:07]   + جديد: اتفاق بين دمشق وشركة أميركية لإعادة تأهيل حقول الجزيرة ورفع 
[2026-08-04 17:43:09]   + جديد: الجيش الإسرائيلي يحاكم جنود "التمرد" في قاعدة "سدي تيمان"
[2026-08-04 17:43:11]   + جديد: دهوك.. احتراق 11 سيارة منذ بداية العام بسبب "الإهمال" والدفا
[2026-08-04 17:43:13]   + جديد: رئيس الأركان الإسرائيلي يقيّد العمليات الهجومية في قطاع غزة
[2026-08-04 17:43:15]   + جديد: ختام أول أيام الجولة السابعة من المفاوضات اللبنانية - الإسرا
[2026-08-04 17:43:15] جاري فحص: بغداد اليوم
[2026-08-04 17:43:16]   لا يوجد أخبار جديدة من بغداد اليوم
[2026-08-04 17:43:16] جاري فحص: السومرية نيوز
[2026-08-04 17:43:16]   لا يوجد أخبار جديدة من السومرية نيوز
[2026-08-04 17:43:16] جاري فحص: المدى
[2026-08-04 17:43:16] تعذر فتح صفحة المدى: 403 Client Error: Forbidden for url: https://almadapaper.net/
[2026-08-04 17:43:16]   لا يوجد أخبار جديدة من المدى
[2026-08-04 17:43:16] انتهى التشغيل — أخبار جديدة: 9 — إجمالي محفوظ: 150
[2026-08-04 19:25:53] جاري فحص: شفق نيوز
[2026-08-04 19:25:56]   + جديد: تقرير أميركي يرصد تحوّلاً في ملف "قسد" بعد زيارة نيجيرفان با
[2026-08-04 19:25:58]   + جديد: حصري.. الإصدار النقدي العراقي يقفز 13.8% خلال خمسة أشهر تحت 
[2026-08-04 19:26:00]   + جديد: بمشاركة الزوراء وأربيل.. إعلان موعد قرعة أبطال الخليج
[2026-08-04 19:26:01]   + جديد: ‏كربلاء والنجف تعطلان الدوام غداً الأربعاء لاستكمال الجهود ا
[2026-08-04 19:26:03]   + جديد: أربيل.. محاولة اغتيال تطال نجل رئيس الجناح العسكري لحزب "آزا
[2026-08-04 19:26:04]   + جديد: نتنياهو: نرفض المسودة الأميركية بشأن غزة
[2026-08-04 19:26:06]   + جديد: ضجة غير منصفة حول علم الاقليم في دمشق
[2026-08-04 19:26:08]   + جديد: "سنتكوم": تغيير مسار 45 سفينة منذ استئناف حصار إيران
[2026-08-04 19:26:09]   + جديد: دبلوماسية أربيل بين دمشق وقامشلو
[2026-08-04 19:26:11]   + جديد: ‏بابل تعطل الدوام غداً بسبب التفويج العكسي لزوار الأربعينية
[2026-08-04 19:26:11] جاري فحص: بغداد اليوم
[2026-08-04 19:26:11]   لا يوجد أخبار جديدة من بغداد اليوم
[2026-08-04 19:26:11] جاري فحص: السومرية نيوز
[2026-08-04 19:26:12]   لا يوجد أخبار جديدة من السومرية نيوز
[2026-08-04 19:26:12] جاري فحص: المدى
[2026-08-04 19:26:12] تعذر فتح صفحة المدى: 403 Client Error: Forbidden for url: https://almadapaper.net/
[2026-08-04 19:26:12]   لا يوجد أخبار جديدة من المدى
[2026-08-04 19:26:12] انتهى التشغيل — أخبار جديدة: 10 — إجمالي محفوظ: 150
[2026-08-04 20:50:11] جاري فحص: شفق نيوز
[2026-08-04 20:50:14]   + جديد: تراجع مستمر.. أسعار النفط تهبط إلى دون 80 دولاراً للبرميل
[2026-08-04 20:50:15]   + جديد: مليون موظف بلا راتب.. البرلمان العراقي يستضيف وزير المالية ا
[2026-08-04 20:50:17]   + جديد: نيجيرفان بارزاني: نستلهم من أربعينية الإمام الحسين معاني الو
[2026-08-04 20:50:19]   + جديد: السليمانية تحيي الذكرى الـ13 لرحيل الشاعر الكوردي شيركو بيكه
[2026-08-04 20:50:19] جاري فحص: بغداد اليوم
[2026-08-04 20:50:20]   لا يوجد أخبار جديدة من بغداد اليوم
[2026-08-04 20:50:20] جاري فحص: السومرية نيوز
[2026-08-04 20:50:20]   لا يوجد أخبار جديدة من السومرية نيوز
[2026-08-04 20:50:20] جاري فحص: المدى
[2026-08-04 20:50:21] تعذر فتح صفحة المدى: 403 Client Error: Forbidden for url: https://almadapaper.net/
[2026-08-04 20:50:21]   لا يوجد أخبار جديدة من المدى
[2026-08-04 20:50:21] انتهى التشغيل — أخبار جديدة: 4 — إجمالي محفوظ: 150
[2026-08-04 22:08:03] جاري فحص: شفق نيوز
[2026-08-04 22:08:05]   + جديد: رجل دين إيراني يدعو لتفجير قنبلة نووية في الأطلسي وإغراق أمي
[2026-08-04 22:08:07]   + جديد: "ضحايا لا صوت لهم".. أطفال العراق يدفعون ثمن الانفصال
[2026-08-04 22:08:09]   + جديد: "سنتكوم": الطريق الجنوبي لمضيق هرمز مفتوحاً أمام السفن التجا
[2026-08-04 22:08:11]   + جديد: إعلام عبري: تأهب إسرائيلي تحسباً لهجمات "ميليشيات عراقية"
[2026-08-04 22:08:12]   + جديد: أكثر من 1.1 مليون زائر أجنبي يغادرون العراق بانتهاء الزيارة 
[2026-08-04 22:08:12] جاري فحص: بغداد اليوم
[2026-08-04 22:08:15]   لا يوجد أخبار جديدة من بغداد اليوم
[2026-08-04 22:08:15] جاري فحص: السومرية نيوز
[2026-08-04 22:08:16]   لا يوجد أخبار جديدة من السومرية نيوز
[2026-08-04 22:08:16] جاري فحص: المدى
[2026-08-04 22:08:16] تعذر فتح صفحة المدى: 403 Client Error: Forbidden for url: https://almadapaper.net/
[2026-08-04 22:08:16]   لا يوجد أخبار جديدة من المدى
[2026-08-04 22:08:16] انتهى التشغيل — أخبار جديدة: 5 — إجمالي محفوظ: 150
[2026-08-04 23:32:09] جاري فحص: شفق نيوز
[2026-08-04 23:32:10]   لا يوجد أخبار جديدة من شفق نيوز
[2026-08-04 23:32:10] جاري فحص: بغداد اليوم
[2026-08-04 23:32:11]   لا يوجد أخبار جديدة من بغداد اليوم
[2026-08-04 23:32:11] جاري فحص: السومرية نيوز
[2026-08-04 23:32:12]   لا يوجد أخبار جديدة من السومرية نيوز
[2026-08-04 23:32:12] جاري فحص: المدى
[2026-08-04 23:32:12] تعذر فتح صفحة المدى: 403 Client Error: Forbidden for url: https://almadapaper.net/
[2026-08-04 23:32:12]   لا يوجد أخبار جديدة من المدى
[2026-08-04 23:32:12] انتهى التشغيل — أخبار جديدة: 0 — إجمالي محفوظ: 150
[2026-08-05 02:06:06] جاري فحص: شفق نيوز
[2026-08-05 02:06:06]   لا يوجد أخبار جديدة من شفق نيوز
[2026-08-05 02:06:06] جاري فحص: بغداد اليوم
[2026-08-05 02:06:07]   لا يوجد أخبار جديدة من بغداد اليوم
[2026-08-05 02:06:07] جاري فحص: السومرية نيوز
[2026-08-05 02:06:07]   لا يوجد أخبار جديدة من السومرية نيوز
[2026-08-05 02:06:07] جاري فحص: المدى
[2026-08-05 02:06:07] تعذر فتح صفحة المدى: 403 Client Error: Forbidden for url: https://almadapaper.net/
[2026-08-05 02:06:07]   لا يوجد أخبار جديدة من المدى
[2026-08-05 02:06:07] انتهى التشغيل — أخبار جديدة: 0 — إجمالي محفوظ: 150
[2026-08-05 05:28:39] جاري فحص: شفق نيوز
[2026-08-05 05:28:42]   + جديد: ترمب يكشف عن محادثات "جيدة" مع إيران ويُلوّح بضربة قوية إذا 
[2026-08-05 05:28:44]   + جديد: الذهب والفضة يرتفعان وسط ضعف الدولار وترقب بيانات الوظائف ال
[2026-08-05 05:28:46]   + جديد: تراجع أسعار النفط مع انحسار مخاوف الإمدادات وارتفاع المخزونا
[2026-08-05 05:28:46] جاري فحص: بغداد اليوم
[2026-08-05 05:28:46]   لا يوجد أخبار جديدة من بغداد اليوم
[2026-08-05 05:28:46] جاري فحص: السومرية نيوز
[2026-08-05 05:28:47]   لا يوجد أخبار جديدة من السومرية نيوز
[2026-08-05 05:28:47] جاري فحص: المدى
[2026-08-05 05:28:47] تعذر فتح صفحة المدى: 403 Client Error: Forbidden for url: https://almadapaper.net/
[2026-08-05 05:28:47]   لا يوجد أخبار جديدة من المدى
[2026-08-05 05:28:47] انتهى التشغيل — أخبار جديدة: 3 — إجمالي محفوظ: 150
[2026-08-05 08:02:52] جاري فحص: شفق نيوز
[2026-08-05 08:02:55]   + جديد: مصدر أمني: رفع حالة الإنذار "ج" عن القوات العراقية خلال ساعا
[2026-08-05 08:02:57]   + جديد: ترمب: مضيق هرمز قد يفتح اليوم أو غداً الخميس
[2026-08-05 08:02:58]   + جديد: أسعار صرف الدولار في بغداد واربيل بعد انتهاء عطلة الأربعين
[2026-08-05 08:03:00]   + جديد: بمذكرة احتجاج للزيدي والدخيل.. أحزاب مسيحية تحذر من التغيير 
[2026-08-05 08:03:01]   + جديد: الحوثيون يعلنون استهداف ناقلة نفط سعودية ويؤكدون مواصلة الحص
[2026-08-05 08:03:03]   + جديد: دراسة: الإصابة بالخرف ترتبط بنقص فيتامين "دي"
[2026-08-05 08:03:04]   + جديد: مرصد بيئي يرصد 15 كارثة واجهت العراق ويحذر من اتساع التصحر
[2026-08-05 08:03:06]   + جديد: هجوم ليلي مكثف.. 15 قتيلاً وعشرات المصابين تحت الأنقاض في كي
[2026-08-05 08:03:07]   + جديد: العراق يعلن تصدير أكثر من 7 آلاف طن من مادة الأسمنت إلى سوري
[2026-08-05 08:03:09]   + جديد: الذكاء الاصطناعي يكشف مؤشرات صحية خفية من دراسات النوم التقل
[2026-08-05 08:03:10]   + جديد: الجوية والطلبة مهددان بغرامة مالية أثر غياب ملعب المدينة بان
[2026-08-05 08:03:12]   + جديد: العراق يسجل ارتفاعاً في أسعار خاماته رغم تراجع النفط عالمياً
[2026-08-05 08:03:12] جاري فحص: بغداد اليوم
[2026-08-05 08:03:13]   لا يوجد أخبار جديدة من بغداد اليوم
[2026-08-05 08:03:13] جاري فحص: السومرية نيوز
[2026-08-05 08:03:13]   لا يوجد أخبار جديدة من السومرية نيوز
[2026-08-05 08:03:13] جاري فحص: المدى
[2026-08-05 08:03:13] تعذر فتح صفحة المدى: 403 Client Error: Forbidden for url: https://almadapaper.net/
[2026-08-05 08:03:13]   لا يوجد أخبار جديدة من المدى
[2026-08-05 08:03:13] انتهى التشغيل — أخبار جديدة: 12 — إجمالي محفوظ: 150
[2026-08-05 10:58:50] جاري فحص: شفق نيوز
[2026-08-05 10:58:52]   + جديد: الإطاحة بمنفذ هجمة إلكترونية عطّلت الإنترنت عن 6 آلاف مستخدم
[2026-08-05 10:58:54]   + جديد: توقيف منتسب بمرور النجف إثر اتهامه باعتداء جنسي على امرأة
[2026-08-05 10:58:55]   + جديد: الكهرباء تخاطب النزاهة لتدقيق أموال مسؤوليها منذ 2005 وتجري 
[2026-08-05 10:58:57]   + جديد: مبيعات المركزي العراقي من الدولار ترتفع إلى 5.86 مليارات في 
[2026-08-05 10:58:58]   + جديد: "طباخات الرطب" ترفع رطوبة البصرة.. والشرجي يسرّع نضوج التمور
[2026-08-05 10:59:00]   + جديد: قضاء إقليم كوردستان يوجه بعدم التحقيق أو توقيف أي محامٍ قبل 
[2026-08-05 10:59:02]   + جديد: خبراء قانونيون يعيدون طرح مسودة دستور كوردستان للنقاش
[2026-08-05 10:59:03]   + جديد: "نفوق جماعي".. تحذير من كارثة بيئية تهدد أهوار الجنوب العراق
[2026-08-05 10:59:05]   + جديد: رسمياً.. أرنولد يجدد عقده مع المنتخب العراقي حتى كأس آسيا 20
[2026-08-05 10:59:06]   + جديد: نقص الأموال يهدد مشاركة اتحاد الدراجات في بطولة العرب بدمشق
[2026-08-05 10:59:08]   + جديد: نينوى تُطلق "المرور المتنقل" لإصدار الرخص والسنويات أمام منا
[2026-08-05 10:59:10]   + جديد: لماذا يمنح العراق خصومات كبيرة على نفطه؟.. مسؤولون يوضحون ال
[2026-08-05 10:59:10] جاري فحص: بغداد اليوم
[2026-08-05 10:59:10]   لا يوجد أخبار جديدة من بغداد اليوم
[2026-08-05 10:59:10] جاري فحص: السومرية نيوز
[2026-08-05 10:59:11]   لا يوجد أخبار جديدة من السومرية نيوز
[2026-08-05 10:59:11] جاري فحص: المدى
[2026-08-05 10:59:11] تعذر فتح صفحة المدى: 403 Client Error: Forbidden for url: https://almadapaper.net/
[2026-08-05 10:59:11]   لا يوجد أخبار جديدة من المدى
[2026-08-05 10:59:11] انتهى التشغيل — أخبار جديدة: 12 — إجمالي محفوظ: 150
[2026-08-05 12:58:22] جاري فحص: شفق نيوز
[2026-08-05 12:58:25]   + جديد: هل يهدد ارتفاع الإصدار النقدي استقرار الاقتصاد العراقي؟.. مس
[2026-08-05 12:58:27]   + جديد: منشور عن بغداد في الأربعينية يودي بموظفة الإعلام العراقي للت
[2026-08-05 12:58:28]   + جديد: تسربات من سد الموصل تغرق قرى شمال نينوى والأهالي يستغيثون (ف
[2026-08-05 12:58:31]   + جديد: اعتقال 5 مسؤولين وموظفين ببلدية الديوانية بتهم تتعلق بالإضرا
[2026-08-05 12:58:32]   + جديد: الموصل تستذكر إبادة الإيزيديين ونائب عنهم ينسحب احتجاجاً لغي
[2026-08-05 12:58:34]   + جديد: تركيا تطرح مشروع قانون لحلّ حزب العمال الكوردستاني وتنظيم عو
[2026-08-05 12:58:36]   + جديد: اعتقال عدد من أصحاب الصيدليات في كلار بأمر قضائي.. وصحة كرمي
[2026-08-05 12:58:38]   + جديد: العراق يحافظ على حضوره في قائمة الأشد حرارة عالمياً خلال آخر
[2026-08-05 12:58:40]   + جديد: وزير الاتصالات العراقي يمثل أمام محكمة الكرخ في 8 دعاوى أقام
[2026-08-05 12:58:42]   + جديد: روحاني يتحدث عن أطراف تدفع نحو توسيع الحرب لتعجيل ظهور الإما
[2026-08-05 12:58:43]   + جديد: النزاهة في الأنبار.. زيادة ثروة المسؤولين بأكثر من 20% تستوج
[2026-08-05 12:58:45]   + جديد: بينهم ضابطان.. توقيف أربعة منتسبين بشرطة النجف بتهمة "هتك عر
[2026-08-05 12:58:45] جاري فحص: بغداد اليوم
[2026-08-05 12:58:46]   لا يوجد أخبار جديدة من بغداد اليوم
[2026-08-05 12:58:46] جاري فحص: السومرية نيوز
[2026-08-05 12:58:48]   لا يوجد أخبار جديدة من السومرية نيوز
[2026-08-05 12:58:48] جاري فحص: المدى
[2026-08-05 12:58:48] تعذر فتح صفحة المدى: 403 Client Error: Forbidden for url: https://almadapaper.net/
[2026-08-05 12:58:48]   لا يوجد أخبار جديدة من المدى
[2026-08-05 12:58:48] انتهى التشغيل — أخبار جديدة: 12 — إجمالي محفوظ: 150
[2026-08-05 15:17:38] جاري فحص: شفق نيوز
[2026-08-05 15:17:40]   + جديد: رئاسة إقليم كوردستان تعلن تفاصيل زيارة نيجيرفان بارزاني إلى 
[2026-08-05 15:17:42]   + جديد: الخزانة الأميركية ترفع "فلاي بغداد" من قائمة العقوبات
[2026-08-05 15:17:44]   + جديد: الأحزاب الكوردية توحد مواقفها في كركوك وتلوح بكتلة سياسية مش
[2026-08-05 15:17:45]   + جديد: المالية العراقية والبنك الدولي يباشران بإعداد خارطة طريق الت
[2026-08-05 15:17:47]   + جديد: كرمانشاه توسّع صادراتها التكنولوجية إلى 11 دولة وتنعش اقتصاد
[2026-08-05 15:17:48]   + جديد: الإعدام لمدان بتجارة المخدرات في النجف
[2026-08-05 15:17:50]   + جديد: "التلوث لنا والوظائف لغيرنا".. نائب يهاجم آلية التعيين بمشرو
[2026-08-05 15:17:51]   + جديد: بيانات تكشف حجم تأثر شحنات النفط والغاز جراء إغلاق هرمز
[2026-08-05 15:17:53]   + جديد: الشرطة البريطانية تعتقل امرأة يُشتبه بطعنها 4 رجال
[2026-08-05 15:17:54]   + جديد: قبل انتهاء المهلة وزيارة الزيدي.. "المقاومة الإسلامية" تكثف 
[2026-08-05 15:17:56]   + جديد: شرطة دهوك تداهم أوكار المتسولين: بعضهم لا يعانون الفقر
[2026-08-05 15:17:57]   + جديد: بمشاركة العراق.. الاجتماع الوزاري لدعم القدس يجدد التمسك بـ"
[2026-08-05 15:17:57] جاري فحص: بغداد اليوم
[2026-08-05 15:17:58]   لا يوجد أخبار جديدة من بغداد اليوم
[2026-08-05 15:17:58] جاري فحص: السومرية نيوز
[2026-08-05 15:17:58]   لا يوجد أخبار جديدة من السومرية نيوز
[2026-08-05 15:17:58] جاري فحص: المدى
[2026-08-05 15:17:58] تعذر فتح صفحة المدى: 403 Client Error: Forbidden for url: https://almadapaper.net/
[2026-08-05 15:17:58]   لا يوجد أخبار جديدة من المدى
[2026-08-05 15:17:58] انتهى التشغيل — أخبار جديدة: 12 — إجمالي محفوظ: 150
[2026-08-05 17:00:12] جاري فحص: شفق نيوز
[2026-08-05 17:00:15]   + جديد: قبل الموعد.. ختام اليوم الثاني من المفاوضات اللبنانية - الإس
[2026-08-05 17:00:17]   + جديد: اتحاد الكرة يحجب الرخصة عن 3 أندية ويمهلها 48 ساعة للاستئناف
[2026-08-05 17:00:19]   + جديد: هل ستندلع الحرب العالمية الثالثة؟
[2026-08-05 17:00:21]   + جديد: الاعتداء الجنسي على "نزيلات" الديوانية وواقع السجون في العرا
[2026-08-05 17:00:23]   + جديد: وفد غير منسجم واتفاقات غير شفافة
[2026-08-05 17:00:25]   + جديد: تعرض ناقلة لانفجار قبالة عدن
[2026-08-05 17:00:26]   + جديد: نينوى.. تحذيرات من الاقتراب لنهر دجلة بعد زيادة اطلاقات سد ا
[2026-08-05 17:00:28]   + جديد: الخروق "صفر" والمسيرات تضبط الأمن.. شفق نيوز تستطلع الحدود ا
[2026-08-05 17:00:30]   + جديد: "لا يعني أنه آمنا".. طهران: تم تحديد مسارات هرمز مع عُمان
[2026-08-05 17:00:30] جاري فحص: بغداد اليوم
[2026-08-05 17:00:31]   لا يوجد أخبار جديدة من بغداد اليوم
[2026-08-05 17:00:31] جاري فحص: السومرية نيوز
[2026-08-05 17:00:31]   لا يوجد أخبار جديدة من السومرية نيوز
[2026-08-05 17:00:31] جاري فحص: المدى
[2026-08-05 17:00:31] تعذر فتح صفحة المدى: 403 Client Error: Forbidden for url: https://almadapaper.net/
[2026-08-05 17:00:31]   لا يوجد أخبار جديدة من المدى
[2026-08-05 17:00:31] انتهى التشغيل — أخبار جديدة: 9 — إجمالي محفوظ: 150
[2026-08-05 18:59:49] جاري فحص: شفق نيوز
[2026-08-05 18:59:51]   + جديد: نيجيرفان بارزاني عن اللقاء مع الزيدي: بحثنا تحصين البلاد وال
[2026-08-05 18:59:53]   + جديد: أميركي من أصول مصرية يهز انتخابات ميشيغان ويشعل معركة مع ترم
[2026-08-05 18:59:55]   + جديد: الغراف ينهي معسكره بخسارة أمام أبو قير المصري ويتعاقد مع محت
[2026-08-05 18:59:56]   + جديد: الحوثيون يؤكدون استهداف سفينة سعودية في خليج عدن
[2026-08-05 18:59:58]   + جديد: الموصل يهزم أربيل برباعية في مباراة ودية استعداداً لدوري نجو
[2026-08-05 18:59:59]   + جديد: لإحياء الفلكلور الكوردي.. انطلاق أول نشاط لـ"گروب كيژانی كور
[2026-08-05 19:00:01]   + جديد: بغداد تستقطع 1300 ميغاواط.. البصرة ترفض خفض حصتها الكهربائية
[2026-08-05 19:00:03]   + جديد: فوز لرجال العراق في بداية بطولة غرب آسيا للكرة الطائرة الشاط
[2026-08-05 19:00:04]   + جديد: الجيش الأميركي: تحويل مسار 48 سفينة منذ استئناف حصار إيران
[2026-08-05 19:00:06]   + جديد: وفد تجاري عراقي يبحث في دمشق فرص الاستثمار وتعزيز التعاون ال
[2026-08-05 19:00:06] جاري فحص: بغداد اليوم
[2026-08-05 19:00:07]   لا يوجد أخبار جديدة من بغداد اليوم
[2026-08-05 19:00:07] جاري فحص: السومرية نيوز
[2026-08-05 19:00:07]   لا يوجد أخبار جديدة من السومرية نيوز
[2026-08-05 19:00:07] جاري فحص: المدى
[2026-08-05 19:00:07] تعذر فتح صفحة المدى: 403 Client Error: Forbidden for url: https://almadapaper.net/
[2026-08-05 19:00:07]   لا يوجد أخبار جديدة من المدى
[2026-08-05 19:00:07] انتهى التشغيل — أخبار جديدة: 10 — إجمالي محفوظ: 150
[2026-08-05 20:36:29] جاري فحص: شفق نيوز
[2026-08-05 20:36:32]   + جديد: الديمقراطي الكوردستاني يرد على محافظ كركوك: المادة 140 ما زا
[2026-08-05 20:36:33]   + جديد: بدءاً من الغد.. نينوى تعلن زيادة حصتها من البنزين وتتوعد الم
[2026-08-05 20:36:35]   + جديد: الشهر المقبل.. العراق على موعد مع بداية موسم مطري
[2026-08-05 20:36:37]   + جديد: التضخم المستهدف وقدرة الفيدرالي على تحقيقه
[2026-08-05 20:36:39]   + جديد: التربية "تتابع" والبرلمان يؤكد: لا تخلو من فساد.. المنصات ال
[2026-08-05 20:36:41]   + جديد: في 3 مدن.. اعتقال مطلوبين بالقتل والخطف وانتشال غريق
[2026-08-05 20:36:42]   + جديد: الزوراء يخسر أمام بلدية المحلة ودياً في معسكره التدريبي بمصر
[2026-08-05 20:36:44]   + جديد: بزشكيان يقر بصعوبة التواصل مع خامنئي ويوضح خفايا توقيع الاتف
[2026-08-05 20:36:46]   + جديد: انطلاق اجتماع "إدارة الدولة" بحضور نيجيرفان بارزاني
[2026-08-05 20:36:46] جاري فحص: بغداد اليوم
[2026-08-05 20:36:49]   لا يوجد أخبار جديدة من بغداد اليوم
[2026-08-05 20:36:49] جاري فحص: السومرية نيوز
[2026-08-05 20:36:50]   لا يوجد أخبار جديدة من السومرية نيوز
[2026-08-05 20:36:50] جاري فحص: المدى
[2026-08-05 20:36:50] تعذر فتح صفحة المدى: 403 Client Error: Forbidden for url: https://almadapaper.net/
[2026-08-05 20:36:50]   لا يوجد أخبار جديدة من المدى
[2026-08-05 20:36:50] انتهى التشغيل — أخبار جديدة: 9 — إجمالي محفوظ: 150
[2026-08-05 22:08:46] جاري فحص: شفق نيوز
[2026-08-05 22:08:49]   + جديد: "إدارة الدولة" يعلن الحرب على جماعات مسلحة: 30 أيلول مهلة نه
[2026-08-05 22:08:51]   + جديد: توصية باكستانية لتعزيز العلاقة مع العراق إثر "دوره الإقليمي 
[2026-08-05 22:08:53]   + جديد: الزيدي: بحثنا مع نيجيرفان بارزاني حل الملفات العالقة وفق الد
[2026-08-05 22:08:55]   + جديد: إيران تحذر الخليج: أي قصف أميركي سيقابل باستهداف "بناكم التح
[2026-08-05 22:08:55] جاري فحص: بغداد اليوم
[2026-08-05 22:08:59]   لا يوجد أخبار جديدة من بغداد اليوم
[2026-08-05 22:08:59] جاري فحص: السومرية نيوز
[2026-08-05 22:09:00]   لا يوجد أخبار جديدة من السومرية نيوز
[2026-08-05 22:09:00] جاري فحص: المدى
[2026-08-05 22:09:00] تعذر فتح صفحة المدى: 403 Client Error: Forbidden for url: https://almadapaper.net/
[2026-08-05 22:09:00]   لا يوجد أخبار جديدة من المدى
[2026-08-05 22:09:00] انتهى التشغيل — أخبار جديدة: 4 — إجمالي محفوظ: 150
[2026-08-05 23:28:19] جاري فحص: شفق نيوز
[2026-08-05 23:28:20]   لا يوجد أخبار جديدة من شفق نيوز
[2026-08-05 23:28:20] جاري فحص: بغداد اليوم
[2026-08-05 23:28:21]   لا يوجد أخبار جديدة من بغداد اليوم
[2026-08-05 23:28:21] جاري فحص: السومرية نيوز
[2026-08-05 23:28:21]   لا يوجد أخبار جديدة من السومرية نيوز
[2026-08-05 23:28:21] جاري فحص: المدى
[2026-08-05 23:28:21] تعذر فتح صفحة المدى: 403 Client Error: Forbidden for url: https://almadapaper.net/
[2026-08-05 23:28:21]   لا يوجد أخبار جديدة من المدى
[2026-08-05 23:28:21] انتهى التشغيل — أخبار جديدة: 0 — إجمالي محفوظ: 150
[2026-08-06 00:52:09] جاري فحص: شفق نيوز
[2026-08-06 00:52:10]   لا يوجد أخبار جديدة من شفق نيوز
[2026-08-06 00:52:10] جاري فحص: بغداد اليوم
[2026-08-06 00:52:11]   لا يوجد أخبار جديدة من بغداد اليوم
[2026-08-06 00:52:11] جاري فحص: السومرية نيوز
[2026-08-06 00:52:12]   لا يوجد أخبار جديدة من السومرية نيوز
[2026-08-06 00:52:12] جاري فحص: المدى
[2026-08-06 00:52:12] تعذر فتح صفحة المدى: 403 Client Error: Forbidden for url: https://almadapaper.net/
[2026-08-06 00:52:12]   لا يوجد أخبار جديدة من المدى
[2026-08-06 00:52:12] انتهى التشغيل — أخبار جديدة: 0 — إجمالي محفوظ: 150
[2026-08-06 04:08:25] جاري فحص: شفق نيوز
[2026-08-06 04:08:25]   لا يوجد أخبار جديدة من شفق نيوز
[2026-08-06 04:08:25] جاري فحص: بغداد اليوم
[2026-08-06 04:08:26]   لا يوجد أخبار جديدة من بغداد اليوم
[2026-08-06 04:08:26] جاري فحص: السومرية نيوز
[2026-08-06 04:08:27]   لا يوجد أخبار جديدة من السومرية نيوز
[2026-08-06 04:08:27] جاري فحص: المدى
[2026-08-06 04:08:27] تعذر فتح صفحة المدى: 403 Client Error: Forbidden for url: https://almadapaper.net/
[2026-08-06 04:08:27]   لا يوجد أخبار جديدة من المدى
[2026-08-06 04:08:27] انتهى التشغيل — أخبار جديدة: 0 — إجمالي محفوظ: 150
[2026-08-06 07:13:48] جاري فحص: شفق نيوز
[2026-08-06 07:13:50]   + جديد: ارتفاع أسعار النفط مع ترقب نتائج المحادثات الأميركية الإيران
[2026-08-06 07:13:52]   + جديد: العدل العراقية تكسب دعوى قضائية أمام المحاكم الأردنية لصالح 
[2026-08-06 07:13:53]   + جديد: حزبان في إسبانيا والبرتغال يدعوان لسحب استضافة المغرب لموندي
[2026-08-06 07:13:55]   + جديد: اتحاد السلة يعلن مواعيد نهائي دوري المحترفين بين زاخو والدفا
[2026-08-06 07:13:57]   + جديد: منظمتان دوليتان تحذران من "كارثة بيئية" قبالة سواحل عُمان
[2026-08-06 07:13:59]   + جديد: وفاة الموسيقار العراقي عبد الرزاق العزاوي في بغداد
[2026-08-06 07:14:00]   + جديد: خاما البصرة يتراجعان رغم استقرار النفط العالمي فوق 79 دولارا
[2026-08-06 07:14:02]   + جديد: هل تؤثر الحالة النفسية على صحة الفم والأسنان؟
[2026-08-06 07:14:03]   + جديد: حالة نادرة.. أم تضع أربعة توائم بولادة طبيعية في كركوك
[2026-08-06 07:14:06]   + جديد: نائب ترمب: الإيرانيون طرف بالغ الصعوبة في التفاوض
[2026-08-06 07:14:08]   + جديد: القيمة السوقية لأندية دوري نجوم العراق للموسم 2026-2027
[2026-08-06 07:14:09]   + جديد: النيابة البلجيكية تلاحق تيكتوكر عراقي بتهمة التحريض على "جري
[2026-08-06 07:14:09] جاري فحص: بغداد اليوم
[2026-08-06 07:14:10]   لا يوجد أخبار جديدة من بغداد اليوم
[2026-08-06 07:14:10] جاري فحص: السومرية نيوز
[2026-08-06 07:14:10]   لا يوجد أخبار جديدة من السومرية نيوز
[2026-08-06 07:14:10] جاري فحص: المدى
[2026-08-06 07:14:10] تعذر فتح صفحة المدى: 403 Client Error: Forbidden for url: https://almadapaper.net/
[2026-08-06 07:14:10]   لا يوجد أخبار جديدة من المدى
[2026-08-06 07:14:10] انتهى التشغيل — أخبار جديدة: 12 — إجمالي محفوظ: 150
[2026-08-06 10:07:06] جاري فحص: شفق نيوز
[2026-08-06 10:07:08]   + جديد: تراجع في الائتمان النقدي وودائع المصارف العراقية خلال النصف 
[2026-08-06 10:07:10]   + جديد: تغييرات وتكليفات إدارية واسعة في شركة موانئ العراق بأمر من و
[2026-08-06 10:07:11]   + جديد: "غزل أميركي".. الانفتاح على سوريا يعزز مكانة العراق الإقليمي
[2026-08-06 10:07:13]   + جديد: بين عُمان وإيران.. خريطة ملاحية جديدة في مضيق هرمز دون أعباء
[2026-08-06 10:07:14]   + جديد: المالية النيابية: لا حلول حتى الآن لأزمة الرواتب
[2026-08-06 10:07:16]   + جديد: "هيومن رايتس ووتش" تهتم الجيش الإسرائيلي بارتكاب "جرائم حرب"
[2026-08-06 10:07:17]   + جديد: هيئة المناطق الكوردستانية تردُّ على محافظ كركوك بشأن المادة 
[2026-08-06 10:07:19]   + جديد: الموصل.. إخماد حريق التهم 8 محال في سوق النبي يونس
[2026-08-06 10:07:20]   + جديد: لليوم الثاني توالياً.. صعود حاد للذهب وسط ارتفاع الدولار في 
[2026-08-06 10:07:22]   + جديد: نيجيرفان بارزاني: العراق يجب أن يبقى عامل استقرار ويرفض أن ي
[2026-08-06 10:07:24]   + جديد: دجلة "يغيب" حارساً أمنياً في صلاح الدين
[2026-08-06 10:07:25]   + جديد: تربية كوردستان تعدل أكثر من 30 كتاباً دراسياً وتحدث مناهج ال
[2026-08-06 10:07:25] جاري فحص: بغداد اليوم
[2026-08-06 10:07:28]   لا يوجد أخبار جديدة من بغداد اليوم
[2026-08-06 10:07:28] جاري فحص: السومرية نيوز
[2026-08-06 10:07:29]   لا يوجد أخبار جديدة من السومرية نيوز
[2026-08-06 10:07:29] جاري فحص: المدى
[2026-08-06 10:07:29] تعذر فتح صفحة المدى: 403 Client Error: Forbidden for url: https://almadapaper.net/
[2026-08-06 10:07:29]   لا يوجد أخبار جديدة من المدى
[2026-08-06 10:07:29] انتهى التشغيل — أخبار جديدة: 12 — إجمالي محفوظ: 150
[2026-08-06 12:24:31] جاري فحص: شفق نيوز
[2026-08-06 12:24:33]   + جديد: مجلس ذي قار يوصي رئيس الوزراء بإعفاء وسحب يد مدير الصحة ومسؤ
[2026-08-06 12:24:35]   + جديد: وزير النفط يوجه بزيادة إنتاج حقول كركوك وإعطاء الأولوية للعم
[2026-08-06 12:24:36]   + جديد: الحراك المناهض لـ"خور عبد الله" يطالب بغداد برد صريح على مذك
[2026-08-06 12:24:38]   + جديد: 37 يوماً بلا رواتب.. ركود تجاري يخنق الأسواق العراقية
[2026-08-06 12:24:39]   + جديد: وزير المالية يكلف مديرا جديدا لدائرة تكنولوجيا المعلومات
[2026-08-06 12:24:41]   + جديد: دمشق وأنقرة تؤكدان تعزيز الشراكة الاقتصادية والأمنية وتدعمان
[2026-08-06 12:24:42]   + جديد: السليمانية.. افتتاح مختبر متخصص بالطب الجزيئي وندوة تبحث توظ
[2026-08-06 12:24:44]   + جديد: قيادي سابق في "التغيير" يردُّ على أنباء تأسيس حزب معارض جديد
[2026-08-06 12:24:45]   + جديد: تموز يشهد ارتفاعاً في استخدام الطيران الدولي للأجواء العراقي
[2026-08-06 12:24:47]   + جديد: حريق كبير يلتهم معملاً للبلاستيك في كركوك
[2026-08-06 12:24:49]   + جديد: العراق يتصدر الأسباب.. انخفاض صادرات الرز التايلاندية 18.8%
[2026-08-06 12:24:50]   + جديد: أزمة البنزين تتفاقم في نينوى والجهات المعنية تلجأ لحلول "شكل
[2026-08-06 12:24:50] جاري فحص: بغداد اليوم
[2026-08-06 12:24:51]   لا يوجد أخبار جديدة من بغداد اليوم
[2026-08-06 12:24:51] جاري فحص: السومرية نيوز
[2026-08-06 12:24:52]   لا يوجد أخبار جديدة من السومرية نيوز
[2026-08-06 12:24:52] جاري فحص: المدى
[2026-08-06 12:24:52] تعذر فتح صفحة المدى: 403 Client Error: Forbidden for url: https://almadapaper.net/
[2026-08-06 12:24:52]   لا يوجد أخبار جديدة من المدى
[2026-08-06 12:24:52] انتهى التشغيل — أخبار جديدة: 12 — إجمالي محفوظ: 150
[2026-08-06 14:51:59] جاري فحص: شفق نيوز
[2026-08-06 14:52:02]   + جديد: الزيدي يوجه برفع الجاهزية الأمنية والاستعداد القتالي في العر
[2026-08-06 14:52:03]   + جديد: الدولار يغلق مرتفعا في بغداد وأربيل
[2026-08-06 14:52:05]   + جديد: بوقت قياسي.. الإطاحة بمنفذ عملية سطو مسلح على مركز مساج صيني
[2026-08-06 14:52:07]   + جديد: العراق يرفع جاهزية قواته تحسباً لرد الفصائل واعتقالات مرتقبة
[2026-08-06 14:52:08]   + جديد: رودري يختار خوض تجربته الجديدة بالانضمام إلى برشلونة
[2026-08-06 14:52:10]   + جديد: تركيا: الإرهاب كلف الاقتصاد 2.3 تريليون دولار
[2026-08-06 14:52:12]   + جديد: ممثلو كرمانشاه يحصدون ذهبيات وفضيات في بطولة الووشو الدولية
[2026-08-06 14:52:13]   + جديد: حاكم سبتة يعلن ارتفاع ضحايا الهجرة الجماعية من المغرب إلى 10
[2026-08-06 14:52:15]   + جديد: أغلبها بكركوك.. العراق يسجل 57 هزة أرضية في تموز
[2026-08-06 14:52:16]   + جديد: "بيع سيارات" يؤدي لسحب يد والتحقيق مع 3 مسؤولين في صحة الديو
[2026-08-06 14:52:18]   + جديد: انتهاء الجولة السابعة من مفاوضات لبنان وإسرائيل في روما
[2026-08-06 14:52:20]   + جديد: مقتل 30 من القوات الحكومية اليمنية على يد الحوثيين
[2026-08-06 14:52:20] جاري فحص: بغداد اليوم
[2026-08-06 14:52:20]   لا يوجد أخبار جديدة من بغداد اليوم
[2026-08-06 14:52:20] جاري فحص: السومرية نيوز
[2026-08-06 14:52:21]   لا يوجد أخبار جديدة من السومرية نيوز
[2026-08-06 14:52:21] جاري فحص: المدى
[2026-08-06 14:52:21] تعذر فتح صفحة المدى: 403 Client Error: Forbidden for url: https://almadapaper.net/
[2026-08-06 14:52:21]   لا يوجد أخبار جديدة من المدى
[2026-08-06 14:52:21] انتهى التشغيل — أخبار جديدة: 12 — إجمالي محفوظ: 150
[2026-08-07 00:22:19] جاري فحص: شفق نيوز
[2026-08-07 00:22:22]   + جديد: مسؤول سعودي: نرصد استعدادات من جماعات عراقية لمهاجمتنا
[2026-08-07 00:22:23]   + جديد: ترمب: حرب إيران ستنتهي قريباً جداً
[2026-08-07 00:22:25]   + جديد: انفجاران جنوبي إيران وقاليباف: هجوم ضخم قادم
[2026-08-07 00:22:27]   + جديد: رسو 3 ناقلات في البصرة لتحميل النفط العراقي
[2026-08-07 00:22:28]   + جديد: تبنت تفجير دمشق.. من هم "أنصار منبر الرسول"؟
[2026-08-07 00:22:30]   + جديد: كوردستان تنتقد توريد الغاز لبغداد دون الرجوع لها: لسنا ضده ش
[2026-08-07 00:22:31]   + جديد: مسؤول أميركي: المسارات المؤقتة في هرمز خالية من أي عوائق
[2026-08-07 00:22:33]   + جديد: شرطة أربيل: إصابة نجل القيادي يزدان بنا ليست عملاً إرهابياً
[2026-08-07 00:22:35]   + جديد: الاتحاد الخليجي يعلن جدول مباريات "خليجي 27" وأولى مواجهات ا
[2026-08-07 00:22:36]   + جديد: في 3 محافظات.. الإطاحة بتاجر مخدرات و5 مسلحين وصاحبَي سوابق
[2026-08-07 00:22:38]   + جديد: "أسلحة الثورة" حاضرة في مهرجان قلعة دمشق (صور)
[2026-08-07 00:22:40]   + جديد: الصحة السورية تعلن حصيلة تفجير حافلة جرمانا
[2026-08-07 00:22:40] جاري فحص: بغداد اليوم
[2026-08-07 00:22:40]   لا يوجد أخبار جديدة من بغداد اليوم
[2026-08-07 00:22:40] جاري فحص: السومرية نيوز
[2026-08-07 00:22:41]   لا يوجد أخبار جديدة من السومرية نيوز
[2026-08-07 00:22:41] جاري فحص: المدى
[2026-08-07 00:22:41] تعذر فتح صفحة المدى: 403 Client Error: Forbidden for url: https://almadapaper.net/
[2026-08-07 00:22:41]   لا يوجد أخبار جديدة من المدى
[2026-08-07 00:22:41] انتهى التشغيل — أخبار جديدة: 12 — إجمالي محفوظ: 150
[2026-08-07 03:26:05] جاري فحص: شفق نيوز
[2026-08-07 03:26:08]   + جديد: ألمانيا.. اعتقال عراقيين بتهمة القتال مع "داعش"
[2026-08-07 03:26:08] جاري فحص: بغداد اليوم
[2026-08-07 03:26:09]   لا يوجد أخبار جديدة من بغداد اليوم
[2026-08-07 03:26:09] جاري فحص: السومرية نيوز
[2026-08-07 03:26:10]   لا يوجد أخبار جديدة من السومرية نيوز
[2026-08-07 03:26:10] جاري فحص: المدى
[2026-08-07 03:26:10] تعذر فتح صفحة المدى: 403 Client Error: Forbidden for url: https://almadapaper.net/
[2026-08-07 03:26:10]   لا يوجد أخبار جديدة من المدى
[2026-08-07 03:26:10] انتهى التشغيل — أخبار جديدة: 1 — إجمالي محفوظ: 150
[2026-08-07 05:13:01] جاري فحص: شفق نيوز
[2026-08-07 05:13:04]   + جديد: الذهب يستقر ويتجه لأكبر مكسب أسبوعي منذ كانون الثاني
[2026-08-07 05:13:06]   + جديد: وسط مخاوف الإمدادات بمضيق هرمز.. النفط يواصل الارتفاع وبرنت 
[2026-08-07 05:13:07]   + جديد: الدولار ينتعش بفعل ملاذات المخاطر وترقب بيانات الفائدة الأمي
[2026-08-07 05:13:07] جاري فحص: بغداد اليوم
[2026-08-07 05:13:09]   لا يوجد أخبار جديدة من بغداد اليوم
[2026-08-07 05:13:09] جاري فحص: السومرية نيوز
[2026-08-07 05:13:10]   لا يوجد أخبار جديدة من السومرية نيوز
[2026-08-07 05:13:10] جاري فحص: المدى
[2026-08-07 05:13:10] تعذر فتح صفحة المدى: 403 Client Error: Forbidden for url: https://almadapaper.net/
[2026-08-07 05:13:10]   لا يوجد أخبار جديدة من المدى
[2026-08-07 05:13:10] انتهى التشغيل — أخبار جديدة: 3 — إجمالي محفوظ: 150
[2026-08-07 06:43:35] جاري فحص: شفق نيوز
[2026-08-07 06:43:38]   + جديد: اليوم.. البرلمان التركي يبحث تفكيك حزب "العمال الكوردستاني" 
[2026-08-07 06:43:39]   + جديد: "كليبر": 6 ناقلات نفط خام فقط غادرت مضيق هرمز هذا الأسبوع
[2026-08-07 06:43:41]   + جديد: كيف تختار الشامبو المناسب لفروة الرأس الجافة؟
[2026-08-07 06:43:43]   + جديد: "الكوليرا" تتسبب بوفاة 13 وإصابة 239 في تشاد
[2026-08-07 06:43:45]   + جديد: الكونغو تتجاوز 4 آلاف إصابة بـ"إيبولا" وتحقيق بشأن تحوّر الف
[2026-08-07 06:43:47]   + جديد: اتحاد الكرة يعلن "روزنامة" كأس العراق والسوبر للموسم الجديد
[2026-08-07 06:43:48]   + جديد: تايلاند.. قتيلان و15 جريحاً إثر إطلاق نار داخل مدرسة
[2026-08-07 06:43:48] جاري فحص: بغداد اليوم
[2026-08-07 06:43:49]   لا يوجد أخبار جديدة من بغداد اليوم
[2026-08-07 06:43:49] جاري فحص: السومرية نيوز
[2026-08-07 06:43:50]   لا يوجد أخبار جديدة من السومرية نيوز
[2026-08-07 06:43:50] جاري فحص: المدى
[2026-08-07 06:43:50] تعذر فتح صفحة المدى: 403 Client Error: Forbidden for url: https://almadapaper.net/
[2026-08-07 06:43:50]   لا يوجد أخبار جديدة من المدى
[2026-08-07 06:43:50] انتهى التشغيل — أخبار جديدة: 7 — إجمالي محفوظ: 150
[2026-08-07 08:10:39] جاري فحص: شفق نيوز
[2026-08-07 08:10:42]   + جديد: الحوثيون يقصفون مواقع في مدينة مأرب بالصواريخ والمسيّرات
[2026-08-07 08:10:44]   + جديد: لاعبو دهوك يلوحون بالإضراب قبل انطلاق دوري نجوم العراق
[2026-08-07 08:10:46]   + جديد: العامري يدعو "المقاومة" للتريث بالرد العسكري على السعودية: س
[2026-08-07 08:10:46] جاري فحص: بغداد اليوم
[2026-08-07 08:10:50]   لا يوجد أخبار جديدة من بغداد اليوم
[2026-08-07 08:10:50] جاري فحص: السومرية نيوز
[2026-08-07 08:10:51]   لا يوجد أخبار جديدة من السومرية نيوز
[2026-08-07 08:10:51] جاري فحص: المدى
[2026-08-07 08:10:51] تعذر فتح صفحة المدى: 403 Client Error: Forbidden for url: https://almadapaper.net/
[2026-08-07 08:10:51]   لا يوجد أخبار جديدة من المدى
[2026-08-07 08:10:51] انتهى التشغيل — أخبار جديدة: 3 — إجمالي محفوظ: 150
[2026-08-07 09:30:11] جاري فحص: شفق نيوز
[2026-08-07 09:30:14]   + جديد: نيجيرفان بارزاني يستذكر "مذبحة سيميل" بحق الآشوريين: كوردستا
[2026-08-07 09:30:16]   + جديد: القضاء يطيح بموظفين ومعقبين في بلدية الناصرية بحوزتهم مستندا
[2026-08-07 09:30:18]   + جديد: رغم إجراءات حكومة الإقليم.. ارتفاع جديد بأسعار البنزين في كو
[2026-08-07 09:30:20]   + جديد: "الفطر السحري" يفجر مفاجأة بشأن مرض ألزهايمر
[2026-08-07 09:30:20] جاري فحص: بغداد اليوم
[2026-08-07 09:30:21]   لا يوجد أخبار جديدة من بغداد اليوم
[2026-08-07 09:30:21] جاري فحص: السومرية نيوز
[2026-08-07 09:30:22]   لا يوجد أخبار جديدة من السومرية نيوز
[2026-08-07 09:30:22] جاري فحص: المدى
[2026-08-07 09:30:22] تعذر فتح صفحة المدى: 403 Client Error: Forbidden for url: https://almadapaper.net/
[2026-08-07 09:30:22]   لا يوجد أخبار جديدة من المدى
[2026-08-07 09:30:22] انتهى التشغيل — أخبار جديدة: 4 — إجمالي محفوظ: 150
[2026-08-07 10:48:20] جاري فحص: شفق نيوز
[2026-08-07 10:48:25]   + جديد: خلال 55 يوماً.. هل ينجح العراق في حصر السلاح؟
[2026-08-07 10:48:26]   + جديد: طقس كوردستان.. أجواء صيفية والحرارة تصل إلى 46 درجة مئوية
[2026-08-07 10:48:28]   + جديد: كواليس فجر بغداد المضطرب.. لقاء العامري والزيدي جمّد تحركاً 
[2026-08-07 10:48:30]   + جديد: "جينيل إنرجي" ترفض عرضاً لبيع حصتها في حقل نفطي بإقليم كوردس
[2026-08-07 10:48:30] جاري فحص: بغداد اليوم
[2026-08-07 10:48:31]   لا يوجد أخبار جديدة من بغداد اليوم
[2026-08-07 10:48:31] جاري فحص: السومرية نيوز
[2026-08-07 10:48:31]   لا يوجد أخبار جديدة من السومرية نيوز
[2026-08-07 10:48:31] جاري فحص: المدى
[2026-08-07 10:48:32] تعذر فتح صفحة المدى: 403 Client Error: Forbidden for url: https://almadapaper.net/
[2026-08-07 10:48:32]   لا يوجد أخبار جديدة من المدى
[2026-08-07 10:48:32] انتهى التشغيل — أخبار جديدة: 4 — إجمالي محفوظ: 150
[2026-08-07 11:42:14] جاري فحص: شفق نيوز
[2026-08-07 11:42:17]   + جديد: القبانجي يحذر من "تحشيد" عسكري وإعلامي عربي لتسقيط التجربة ا
[2026-08-07 11:42:18]   + جديد: بين صمت العملاء وضجيج المدافع: الاستخبارات الأوروبية ومعركة 
[2026-08-07 11:42:20]   + جديد: ليست أزمة تنوع.. بل أزمة إدارة للتنوع في العراق
[2026-08-07 11:42:22]   + جديد: شجار عائلي ينتهي بقتل أب على يد ابنه في الديوانية
[2026-08-07 11:42:24]   + جديد: السعودية وباكستان وتركيا توقع "اتفاقية مكة" للدفاع المشترك
[2026-08-07 11:42:24] جاري فحص: بغداد اليوم
[2026-08-07 11:42:25]   لا يوجد أخبار جديدة من بغداد اليوم
[2026-08-07 11:42:25] جاري فحص: السومرية نيوز
[2026-08-07 11:42:26]   لا يوجد أخبار جديدة من السومرية نيوز
[2026-08-07 11:42:26] جاري فحص: المدى
[2026-08-07 11:42:26] تعذر فتح صفحة المدى: 403 Client Error: Forbidden for url: https://almadapaper.net/
[2026-08-07 11:42:26]   لا يوجد أخبار جديدة من المدى
[2026-08-07 11:42:26] انتهى التشغيل — أخبار جديدة: 5 — إجمالي محفوظ: 150
[2026-08-07 12:53:53] جاري فحص: شفق نيوز
[2026-08-07 12:53:56]   + جديد: الإطاحة بـ"أصحاب سوابق" وثلاثة متهمين بغرق شاب في بغداد والس
[2026-08-07 12:53:58]   + جديد: أوامر عليا بالتفتيش "المكثف والدقيق" لجميع العجلات المدنية و
[2026-08-07 12:54:00]   + جديد: الإعلام والاتصالات تتوعد بإجراءات قانونية: لا وكيل رسمي لـ"س
[2026-08-07 12:54:02]   + جديد: بعد تأخر صرفها.. نائب يقترح "عملة افتراضية" لحل أزمة الرواتب
[2026-08-07 12:54:02] جاري فحص: بغداد اليوم
[2026-08-07 12:54:15]   لا يوجد أخبار جديدة من بغداد اليوم
[2026-08-07 12:54:15] جاري فحص: السومرية نيوز
[2026-08-07 12:54:16]   لا يوجد أخبار جديدة من السومرية نيوز
[2026-08-07 12:54:16] جاري فحص: المدى
[2026-08-07 12:54:16] تعذر فتح صفحة المدى: 403 Client Error: Forbidden for url: https://almadapaper.net/
[2026-08-07 12:54:16]   لا يوجد أخبار جديدة من المدى
[2026-08-07 12:54:16] انتهى التشغيل — أخبار جديدة: 4 — إجمالي محفوظ: 150
[2026-08-07 14:10:07] جاري فحص: شفق نيوز
[2026-08-07 14:10:10]   + جديد: طقس العراق.. حرارة خمسينية تجتاح الوسط والجنوب منتصف الأسبوع
[2026-08-07 14:10:12]   + جديد: أزمة هرمز.. الهند تحجز ناقلة عملاقة بـ25 مليون دولار لشراء ا
[2026-08-07 14:10:13]   + جديد: تراجع المحاصيل بـ30%.. جفاف غير مسبوق يهدد الأمن الغذائي في 
[2026-08-07 14:10:15]   + جديد: مقتل وإصابة 26 سجينا في محاولات هرب من سجون سريلانكا
[2026-08-07 14:10:17]   + جديد: انتحار شاب شرقي كركوك ومصرع منتسب بـ"الصحوة" بصعقة كهرباء في
[2026-08-07 14:10:20]   + جديد: مصرع نحو 100 شخص بفيضانات اجتاحت شمال شرقي الهند
[2026-08-07 14:10:20] جاري فحص: بغداد اليوم
[2026-08-07 14:10:20]   لا يوجد أخبار جديدة من بغداد اليوم
[2026-08-07 14:10:20] جاري فحص: السومرية نيوز
[2026-08-07 14:10:21]   لا يوجد أخبار جديدة من السومرية نيوز
[2026-08-07 14:10:21] جاري فحص: المدى
[2026-08-07 14:10:21] تعذر فتح صفحة المدى: 403 Client Error: Forbidden for url: https://almadapaper.net/
[2026-08-07 14:10:21]   لا يوجد أخبار جديدة من المدى
[2026-08-07 14:10:21] انتهى التشغيل — أخبار جديدة: 6 — إجمالي محفوظ: 150
[2026-08-07 15:23:47] جاري فحص: شفق نيوز
[2026-08-07 15:23:50]   + جديد: خاص.. الفريق الرئاسي السوري يكشف تفاصيل عودة المهجرين والاند
[2026-08-07 15:23:52]   + جديد: فارس عراقي يحصد 4 مراكز متقدمة في بطولة بلجيكا
[2026-08-07 15:23:54]   + جديد: سوريا تعلن تصدير مليوني طن من النفط العراقي عبر بانياس
[2026-08-07 15:23:56]   + جديد: إسبانيا تطالب إيطاليا برفع الضوابط الحدودية أو اتخاذ إجراءات
[2026-08-07 15:23:58]   + جديد: مقتل شخص وإصابة آخر بإطلاق نار وتسليب جنوبي العراق
[2026-08-07 15:23:58] جاري فحص: بغداد اليوم
[2026-08-07 15:23:59]   لا يوجد أخبار جديدة من بغداد اليوم
[2026-08-07 15:23:59] جاري فحص: السومرية نيوز
[2026-08-07 15:24:00]   لا يوجد أخبار جديدة من السومرية نيوز
[2026-08-07 15:24:00] جاري فحص: المدى
[2026-08-07 15:24:01] تعذر فتح صفحة المدى: 403 Client Error: Forbidden for url: https://almadapaper.net/
[2026-08-07 15:24:01]   لا يوجد أخبار جديدة من المدى
[2026-08-07 15:24:01] انتهى التشغيل — أخبار جديدة: 5 — إجمالي محفوظ: 150
[2026-08-07 16:22:36] جاري فحص: شفق نيوز
[2026-08-07 16:22:38]   + جديد: الأمم المتحدة: أسعار الأغذية العالمية تصل لأعلى مستوى منذ 3 
[2026-08-07 16:22:40]   + جديد: التربية العراقية: تخصيصات طباعة الكتب تعادل ثلث المبالغ السا
[2026-08-07 16:22:41]   + جديد: داخلية كوردستان تصدر تعليمات جديدة بشأن منح رخص "تظليل" زجاج
[2026-08-07 16:22:41] جاري فحص: بغداد اليوم
[2026-08-07 16:22:42]   لا يوجد أخبار جديدة من بغداد اليوم
[2026-08-07 16:22:42] جاري فحص: السومرية نيوز
[2026-08-07 16:22:42]   لا يوجد أخبار جديدة من السومرية نيوز
[2026-08-07 16:22:42] جاري فحص: المدى
[2026-08-07 16:22:42] تعذر فتح صفحة المدى: 403 Client Error: Forbidden for url: https://almadapaper.net/
[2026-08-07 16:22:42]   لا يوجد أخبار جديدة من المدى
[2026-08-07 16:22:42] انتهى التشغيل — أخبار جديدة: 3 — إجمالي محفوظ: 150
[2026-08-07 17:21:20] جاري فحص: شفق نيوز
[2026-08-07 17:21:23]   + جديد: اتفاق على "التنسيق الأمني".. السعودية تجدد دعوة الزيدي لزيار
[2026-08-07 17:21:25]   + جديد: إقليم كوردستان يدين تفجير دمشق ويشارك أحزان ذوي الضحايا
[2026-08-07 17:21:27]   + جديد: تأكيدا لشفق نيوز.. "المقاومة العراقية" تعلن تأجيل ردها على ا
[2026-08-07 17:21:29]   + جديد: الخارجية الأميركية تعلن تفكيك شبكة صيرفة وشركات وهمية لتهريب
[2026-08-07 17:21:31]   + جديد: القوات اليمنية تعلن إحباط هجوم حوثي على ناقلة في البحر الأحم
[2026-08-07 17:21:33]   + جديد: بينهم دولية.. الاطاحة بـ3 شبكات للاتجار بالبشر في بغداد
[2026-08-07 17:21:33] جاري فحص: بغداد اليوم
[2026-08-07 17:21:34]   لا يوجد أخبار جديدة من بغداد اليوم
[2026-08-07 17:21:34] جاري فحص: السومرية نيوز
[2026-08-07 17:21:34]   لا يوجد أخبار جديدة من السومرية نيوز
[2026-08-07 17:21:34] جاري فحص: المدى
[2026-08-07 17:21:34] تعذر فتح صفحة المدى: 403 Client Error: Forbidden for url: https://almadapaper.net/
[2026-08-07 17:21:34]   لا يوجد أخبار جديدة من المدى
[2026-08-07 17:21:34] انتهى التشغيل — أخبار جديدة: 6 — إجمالي محفوظ: 150
[2026-08-07 18:09:43] جاري فحص: شفق نيوز
[2026-08-07 18:09:46]   + جديد: واشنطن تفرض عقوبات على منصات لـ"عملات مشفرة" تمول الحرس الثو
[2026-08-07 18:09:48]   + جديد: ذي قار.. انطلاق عملية لاعتقال أكثر من 20 شخصاً في البلدية وا
[2026-08-07 18:09:50]   + جديد: مقتل شاب وانتحار آخر في بغداد وميسان
[2026-08-07 18:09:52]   + جديد: الكشف عن مباريات الجولة الأولى من دوري نجوم العراق للموسم ال
[2026-08-07 18:09:54]   + جديد: الشيوخ الأميركي يقر مشروع قانون لتشديد العقوبات على إيران ور
[2026-08-07 18:09:54] جاري فحص: بغداد اليوم
[2026-08-07 18:09:54]   لا يوجد أخبار جديدة من بغداد اليوم
[2026-08-07 18:09:54] جاري فحص: السومرية نيوز
[2026-08-07 18:09:55]   لا يوجد أخبار جديدة من السومرية نيوز
[2026-08-07 18:09:55] جاري فحص: المدى
[2026-08-07 18:09:55] تعذر فتح صفحة المدى: 403 Client Error: Forbidden for url: https://almadapaper.net/
[2026-08-07 18:09:55]   لا يوجد أخبار جديدة من المدى
[2026-08-07 18:09:55] انتهى التشغيل — أخبار جديدة: 5 — إجمالي محفوظ: 150
[2026-08-07 19:27:26] جاري فحص: شفق نيوز
[2026-08-07 19:27:28]   + جديد: مسؤول أميركي: سنرفع الحصار فور الاتفاق على استئناف الشحن في 
[2026-08-07 19:27:30]   + جديد: الحكومة العراقية تصدر قرارات بملفات المال والطاقة
[2026-08-07 19:27:31]   + جديد: من 3 فقرات.. البرلمان العراقي يعلن جدول أعمال جلسة الأحد
[2026-08-07 19:27:33]   + جديد: الجيش الأميركي يخصص 400 مليون دولار لشراء أسلحة ليزر مضادة ل
[2026-08-07 19:27:34]   + جديد: ترمب غاضب بسبب منعه من بناء "قاعة احتفالات" في البيت الأبيض
[2026-08-07 19:27:36]   + جديد: "رويترز": اتفاق لبناني إسرائيلي على دول للتحقق من نزع سلاح ح
[2026-08-07 19:27:36] جاري فحص: بغداد اليوم
[2026-08-07 19:27:36]   لا يوجد أخبار جديدة من بغداد اليوم
[2026-08-07 19:27:36] جاري فحص: السومرية نيوز
[2026-08-07 19:27:38]   لا يوجد أخبار جديدة من السومرية نيوز
[2026-08-07 19:27:38] جاري فحص: المدى
[2026-08-07 19:27:38] تعذر فتح صفحة المدى: 403 Client Error: Forbidden for url: https://almadapaper.net/
[2026-08-07 19:27:38]   لا يوجد أخبار جديدة من المدى
[2026-08-07 19:27:38] انتهى التشغيل — أخبار جديدة: 6 — إجمالي محفوظ: 150
[2026-08-07 20:05:48] جاري فحص: شفق نيوز
[2026-08-07 20:05:50]   + جديد: توقعات بكسر الذهب حاجز 5 آلاف دولار في 2027
[2026-08-07 20:05:51]   + جديد: تصعيد جديد بين إسبانيا وإيطاليا.. روما ترفض رفع القيود ومدري
[2026-08-07 20:05:51] جاري فحص: بغداد اليوم
[2026-08-07 20:05:55]   لا يوجد أخبار جديدة من بغداد اليوم
[2026-08-07 20:05:55] جاري فحص: السومرية نيوز
[2026-08-07 20:05:56]   لا يوجد أخبار جديدة من السومرية نيوز
[2026-08-07 20:05:56] جاري فحص: المدى
[2026-08-07 20:05:56] تعذر فتح صفحة المدى: 403 Client Error: Forbidden for url: https://almadapaper.net/
[2026-08-07 20:05:56]   لا يوجد أخبار جديدة من المدى
[2026-08-07 20:05:56] انتهى التشغيل — أخبار جديدة: 2 — إجمالي محفوظ: 150
[2026-08-07 21:08:54] جاري فحص: شفق نيوز
[2026-08-07 21:08:56]   + جديد: الجيش الأميركي يعلن حصيلة جديدة لنتائج حصار إيران
[2026-08-07 21:08:57]   + جديد: سوريا.. إحباط تفجير لداعش في "السيدة زينب"
[2026-08-07 21:08:59]   + جديد: غداً.. برشلونة يلعب مباراتين ضد فريقين في الوقت نفسه
[2026-08-07 21:09:00]   + جديد: العثور على 480 رأس قنبرة مدفع في صحراء الأنبار
[2026-08-07 21:09:02]   + جديد: مصرع شخصين وإصابة آخرين بانقلاب سيارة في أربيل
[2026-08-07 21:09:02] جاري فحص: بغداد اليوم
[2026-08-07 21:09:02]   لا يوجد أخبار جديدة من بغداد اليوم
[2026-08-07 21:09:02] جاري فحص: السومرية نيوز
[2026-08-07 21:09:02]   لا يوجد أخبار جديدة من السومرية نيوز
[2026-08-07 21:09:02] جاري فحص: المدى
[2026-08-07 21:09:03] تعذر فتح صفحة المدى: 403 Client Error: Forbidden for url: https://almadapaper.net/
[2026-08-07 21:09:03]   لا يوجد أخبار جديدة من المدى
[2026-08-07 21:09:03] انتهى التشغيل — أخبار جديدة: 5 — إجمالي محفوظ: 150
[2026-08-07 22:04:41] جاري فحص: شفق نيوز
[2026-08-07 22:04:43]   لا يوجد أخبار جديدة من شفق نيوز
[2026-08-07 22:04:43] جاري فحص: بغداد اليوم
[2026-08-07 22:04:43]   لا يوجد أخبار جديدة من بغداد اليوم
[2026-08-07 22:04:43] جاري فحص: السومرية نيوز
[2026-08-07 22:04:45]   لا يوجد أخبار جديدة من السومرية نيوز
[2026-08-07 22:04:45] جاري فحص: المدى
[2026-08-07 22:04:45] تعذر فتح صفحة المدى: 403 Client Error: Forbidden for url: https://almadapaper.net/
[2026-08-07 22:04:45]   لا يوجد أخبار جديدة من المدى
[2026-08-07 22:04:45] انتهى التشغيل — أخبار جديدة: 0 — إجمالي محفوظ: 150
[2026-08-07 23:04:14] جاري فحص: شفق نيوز
[2026-08-07 23:04:15]   لا يوجد أخبار جديدة من شفق نيوز
[2026-08-07 23:04:15] جاري فحص: بغداد اليوم
[2026-08-07 23:04:18]   لا يوجد أخبار جديدة من بغداد اليوم
[2026-08-07 23:04:18] جاري فحص: السومرية نيوز
[2026-08-07 23:04:19]   لا يوجد أخبار جديدة من السومرية نيوز
[2026-08-07 23:04:19] جاري فحص: المدى
[2026-08-07 23:04:19] تعذر فتح صفحة المدى: 403 Client Error: Forbidden for url: https://almadapaper.net/
[2026-08-07 23:04:19]   لا يوجد أخبار جديدة من المدى
[2026-08-07 23:04:19] انتهى التشغيل — أخبار جديدة: 0 — إجمالي محفوظ: 150
[2026-08-07 23:57:04] جاري فحص: شفق نيوز
[2026-08-07 23:57:05]   لا يوجد أخبار جديدة من شفق نيوز
[2026-08-07 23:57:05] جاري فحص: بغداد اليوم
[2026-08-07 23:57:05]   لا يوجد أخبار جديدة من بغداد اليوم
[2026-08-07 23:57:05] جاري فحص: السومرية نيوز
[2026-08-07 23:57:06]   لا يوجد أخبار جديدة من السومرية نيوز
[2026-08-07 23:57:06] جاري فحص: المدى
[2026-08-07 23:57:06] تعذر فتح صفحة المدى: 403 Client Error: Forbidden for url: https://almadapaper.net/
[2026-08-07 23:57:06]   لا يوجد أخبار جديدة من المدى
[2026-08-07 23:57:06] انتهى التشغيل — أخبار جديدة: 0 — إجمالي محفوظ: 150
[2026-08-08 01:42:31] جاري فحص: شفق نيوز
[2026-08-08 01:42:32]   لا يوجد أخبار جديدة من شفق نيوز
[2026-08-08 01:42:32] جاري فحص: بغداد اليوم
[2026-08-08 01:42:33]   لا يوجد أخبار جديدة من بغداد اليوم
[2026-08-08 01:42:33] جاري فحص: السومرية نيوز
[2026-08-08 01:42:33]   لا يوجد أخبار جديدة من السومرية نيوز
[2026-08-08 01:42:33] جاري فحص: المدى
[2026-08-08 01:42:34] تعذر فتح صفحة المدى: 403 Client Error: Forbidden for url: https://almadapaper.net/
[2026-08-08 01:42:34]   لا يوجد أخبار جديدة من المدى
[2026-08-08 01:42:34] انتهى التشغيل — أخبار جديدة: 0 — إجمالي محفوظ: 150
[2026-08-08 03:21:06] جاري فحص: شفق نيوز
[2026-08-08 03:21:07]   لا يوجد أخبار جديدة من شفق نيوز
[2026-08-08 03:21:07] جاري فحص: بغداد اليوم
[2026-08-08 03:21:08]   لا يوجد أخبار جديدة من بغداد اليوم
[2026-08-08 03:21:08] جاري فحص: السومرية نيوز
[2026-08-08 03:21:09]   لا يوجد أخبار جديدة من السومرية نيوز
[2026-08-08 03:21:09] جاري فحص: المدى
[2026-08-08 03:21:09] تعذر فتح صفحة المدى: 403 Client Error: Forbidden for url: https://almadapaper.net/
[2026-08-08 03:21:09]   لا يوجد أخبار جديدة من المدى
[2026-08-08 03:21:09] انتهى التشغيل — أخبار جديدة: 0 — إجمالي محفوظ: 150
[2026-08-08 04:34:05] جاري فحص: شفق نيوز
[2026-08-08 04:34:05]   لا يوجد أخبار جديدة من شفق نيوز
[2026-08-08 04:34:05] جاري فحص: بغداد اليوم
[2026-08-08 04:34:06]   لا يوجد أخبار جديدة من بغداد اليوم
[2026-08-08 04:34:06] جاري فحص: السومرية نيوز
[2026-08-08 04:34:06]   لا يوجد أخبار جديدة من السومرية نيوز
[2026-08-08 04:34:06] جاري فحص: المدى
[2026-08-08 04:34:06] تعذر فتح صفحة المدى: 403 Client Error: Forbidden for url: https://almadapaper.net/
[2026-08-08 04:34:06]   لا يوجد أخبار جديدة من المدى
[2026-08-08 04:34:06] انتهى التشغيل — أخبار جديدة: 0 — إجمالي محفوظ: 150
[2026-08-08 05:39:25] جاري فحص: شفق نيوز
[2026-08-08 05:39:28]   + جديد: اعتقال مدير بلدية الناصرية الأسبق والعثور على 600 معاملة قطع
[2026-08-08 05:39:29]   + جديد: سباق الساعات الأخيرة.. ديالى يغلق ملف المحترفين والشرطة يسته
[2026-08-08 05:39:31]   + جديد: انفراجة في هرمز.. اتفاق إيراني-عُماني مرتقب وممر ملاحي مؤقت
[2026-08-08 05:39:31] جاري فحص: بغداد اليوم
[2026-08-08 05:39:32]   لا يوجد أخبار جديدة من بغداد اليوم
[2026-08-08 05:39:32] جاري فحص: السومرية نيوز
[2026-08-08 05:39:33]   لا يوجد أخبار جديدة من السومرية نيوز
[2026-08-08 05:39:33] جاري فحص: المدى
[2026-08-08 05:39:33] تعذر فتح صفحة المدى: 403 Client Error: Forbidden for url: https://almadapaper.net/
[2026-08-08 05:39:33]   لا يوجد أخبار جديدة من المدى
[2026-08-08 05:39:33] انتهى التشغيل — أخبار جديدة: 3 — إجمالي محفوظ: 150
[2026-08-08 06:43:15] جاري فحص: شفق نيوز
[2026-08-08 06:43:17]   + جديد: خاما البصرة ينهيان الأسبوع على تراجع رغم ارتفاع آخر جلسة
[2026-08-08 06:43:18]   + جديد: بينها العراق.. خمس جبهات تنذر باندلاع الحرب العالمية الثالثة
[2026-08-08 06:43:20]   + جديد: كبار قادة الجيش الأميركي يبحثون مخرجاً من حرب إيران.. الذخائ
[2026-08-08 06:43:20] جاري فحص: بغداد اليوم
[2026-08-08 06:43:20]   لا يوجد أخبار جديدة من بغداد اليوم
[2026-08-08 06:43:20] جاري فحص: السومرية نيوز
[2026-08-08 06:43:21]   لا يوجد أخبار جديدة من السومرية نيوز
[2026-08-08 06:43:21] جاري فحص: المدى
[2026-08-08 06:43:21] تعذر فتح صفحة المدى: 403 Client Error: Forbidden for url: https://almadapaper.net/
[2026-08-08 06:43:21]   لا يوجد أخبار جديدة من المدى
[2026-08-08 06:43:21] انتهى التشغيل — أخبار جديدة: 3 — إجمالي محفوظ: 150
[2026-08-08 07:44:44] جاري فحص: شفق نيوز
[2026-08-08 07:44:46]   + جديد: انخفاض طفيف بأسعار الدولار في بغداد وأربيل
[2026-08-08 07:44:48]   + جديد: مرصد بيئي يوثق الأسباب.. نفوق الأسماك في العراق يتحول إلى ظا
[2026-08-08 07:44:49]   + جديد: بزشكيان يكشف عن ترتيبات "سرية" لم تعلن مذكرة التفاهم مع واشن
[2026-08-08 07:44:49] جاري فحص: بغداد اليوم
[2026-08-08 07:44:50]   لا يوجد أخبار جديدة من بغداد اليوم
[2026-08-08 07:44:50] جاري فحص: السومرية نيوز
[2026-08-08 07:44:50]   لا يوجد أخبار جديدة من السومرية نيوز
[2026-08-08 07:44:50] جاري فحص: المدى
[2026-08-08 07:44:50] تعذر فتح صفحة المدى: 403 Client Error: Forbidden for url: https://almadapaper.net/
[2026-08-08 07:44:50]   لا يوجد أخبار جديدة من المدى
[2026-08-08 07:44:50] انتهى التشغيل — أخبار جديدة: 3 — إجمالي محفوظ: 150
[2026-08-08 08:35:27] جاري فحص: شفق نيوز
[2026-08-08 08:35:29]   + جديد: الاستخبارات العسكرية تطيح بـ19 مطلوباً في 6 محافظات
[2026-08-08 08:35:30]   + جديد: الاتحاد الكوري يعتذر عن مزاعم تقديم خدمات جنسية لحكام أجانب
[2026-08-08 08:35:32]   + جديد: تغييرات أمنية مرتقبة في كركوك والصالحي يحذر من عودة التوتر
[2026-08-08 08:35:32] جاري فحص: بغداد اليوم
[2026-08-08 08:35:44]   لا يوجد أخبار جديدة من بغداد اليوم
[2026-08-08 08:35:44] جاري فحص: السومرية نيوز
[2026-08-08 08:35:45]   لا يوجد أخبار جديدة من السومرية نيوز
[2026-08-08 08:35:45] جاري فحص: المدى
[2026-08-08 08:35:45] تعذر فتح صفحة المدى: 403 Client Error: Forbidden for url: https://almadapaper.net/
[2026-08-08 08:35:45]   لا يوجد أخبار جديدة من المدى
[2026-08-08 08:35:45] انتهى التشغيل — أخبار جديدة: 3 — إجمالي محفوظ: 150
[2026-08-08 09:33:23] جاري فحص: شفق نيوز
[2026-08-08 09:33:25]   + جديد: فتاة تنهي حياتها بسم الفئران وامرأة تطلق النار على نفسها في 
[2026-08-08 09:33:27]   + جديد: من "يوم النصر" إلى ذكرى الحرب.. كيف تغيّرت نظرة العراقيين إل
[2026-08-08 09:33:29]   + جديد: المعدن النفيس يواصل الارتفاع.. تعرف على سعر الذهب في بغداد و
[2026-08-08 09:33:30]   + جديد: تغييرات كبرى.. إلغاء قيادة عمليات شرق دجلة في كركوك
[2026-08-08 09:33:32]   + جديد: مسرور بارزاني: كوردستان تعرضت لأكثر من ألف هجوم وندعم حصر ال
[2026-08-08 09:33:33]   + جديد: مليون شجرة.. البدء بإنشاء حزام أخضر بطول 90 كيلومتراً في كرب
[2026-08-08 09:33:33] جاري فحص: بغداد اليوم
[2026-08-08 09:33:34]   لا يوجد أخبار جديدة من بغداد اليوم
[2026-08-08 09:33:34] جاري فحص: السومرية نيوز
[2026-08-08 09:33:34]   لا يوجد أخبار جديدة من السومرية نيوز
[2026-08-08 09:33:34] جاري فحص: المدى
[2026-08-08 09:33:35] تعذر فتح صفحة المدى: 403 Client Error: Forbidden for url: https://almadapaper.net/
[2026-08-08 09:33:35]   لا يوجد أخبار جديدة من المدى
[2026-08-08 09:33:35] انتهى التشغيل — أخبار جديدة: 6 — إجمالي محفوظ: 150
[2026-08-08 10:27:08] جاري فحص: شفق نيوز
[2026-08-08 10:27:11]   + جديد: "دون أوليات".. الكشف عن سحب 118 تريليون دينار لتمويل الرواتب
[2026-08-08 10:27:13]   + جديد: "نفوق الأسماك في ميسان".. الخسائر تقترب من 5 مليارات دينار
[2026-08-08 10:27:15]   + جديد: وزير النفط: العراق ينتج 2.7 مليون برميل يومياً ويصدّر نصفها 
[2026-08-08 10:27:17]   + جديد: 98 قتيلاً إثر فيضانات اجتاحت ولاية آسام الهندية
[2026-08-08 10:27:19]   + جديد: نادي الموصل إلى دوري نجوم العراق والجولان يكشف أزمة لجنة الت
[2026-08-08 10:27:19] جاري فحص: بغداد اليوم
[2026-08-08 10:27:20]   لا يوجد أخبار جديدة من بغداد اليوم
[2026-08-08 10:27:20] جاري فحص: السومرية نيوز
[2026-08-08 10:27:21]   لا يوجد أخبار جديدة من السومرية نيوز
[2026-08-08 10:27:21] جاري فحص: المدى
[2026-08-08 10:27:21] تعذر فتح صفحة المدى: 403 Client Error: Forbidden for url: https://almadapaper.net/
[2026-08-08 10:27:21]   لا يوجد أخبار جديدة من المدى
[2026-08-08 10:27:21] انتهى التشغيل — أخبار جديدة: 5 — إجمالي محفوظ: 150
[2026-08-08 11:00:45] جاري فحص: شفق نيوز
[2026-08-08 11:00:47]   + جديد: إحصاءات رسمية: تراجع حاد بإنتاج الخضراوات في العراق خلال 202
[2026-08-08 11:00:49]   + جديد: مسيّرات إيرانية تستهدف مقرات حزب "كومله" قرب السليمانية
[2026-08-08 11:00:50]   + جديد: الإمارات: استهداف سفينة تابعة لـ"أدنوك" بصاروخ في هرمز
[2026-08-08 11:00:52]   + جديد: الحرس الثوري: فتح مضيق هرمز مرهون بقبول واشنطن شروط إيران
[2026-08-08 11:00:52] جاري فحص: بغداد اليوم
[2026-08-08 11:00:53]   لا يوجد أخبار جديدة من بغداد اليوم
[2026-08-08 11:00:53] جاري فحص: السومرية نيوز
[2026-08-08 11:00:53]   لا يوجد أخبار جديدة من السومرية نيوز
[2026-08-08 11:00:53] جاري فحص: المدى
[2026-08-08 11:00:53] تعذر فتح صفحة المدى: 403 Client Error: Forbidden for url: https://almadapaper.net/
[2026-08-08 11:00:53]   لا يوجد أخبار جديدة من المدى
[2026-08-08 11:00:53] انتهى التشغيل — أخبار جديدة: 4 — إجمالي محفوظ: 150
[2026-08-08 11:52:47] جاري فحص: شفق نيوز
[2026-08-08 11:52:50]   + جديد: فاجعة تصيب ميسي
[2026-08-08 11:52:52]   + جديد: من صحراء قاحلة إلى حقول خضراء.. نقرة السلمان تراهن على كنز ا
[2026-08-08 11:52:52] جاري فحص: بغداد اليوم
[2026-08-08 11:52:52]   لا يوجد أخبار جديدة من بغداد اليوم
[2026-08-08 11:52:52] جاري فحص: السومرية نيوز
[2026-08-08 11:52:53]   لا يوجد أخبار جديدة من السومرية نيوز
[2026-08-08 11:52:53] جاري فحص: المدى
[2026-08-08 11:52:53] تعذر فتح صفحة المدى: 403 Client Error: Forbidden for url: https://almadapaper.net/
[2026-08-08 11:52:53]   لا يوجد أخبار جديدة من المدى
[2026-08-08 11:52:53] انتهى التشغيل — أخبار جديدة: 2 — إجمالي محفوظ: 150
[2026-08-08 12:38:20] جاري فحص: شفق نيوز
[2026-08-08 12:38:22]   + جديد: الزيدي يدعو ماكرون لزيارة العراق ويبحث معه شراكة اقتصادية وا
[2026-08-08 12:38:23]   + جديد: العراق يعلن تعطيل الدوام الرسمي الأربعاء المقبل
[2026-08-08 12:38:25]   + جديد: بين "كركوك-بانياس والأخوين خياط".. كيف تحول شك بغداد لتعاون 
[2026-08-08 12:38:26]   + جديد: النفط العراقية تكشف تفاصيل جديدة بشأن مشروع تطوير حقول كركوك
[2026-08-08 12:38:28]   + جديد: أزمة البنزين تغلق طريقاً رئيساً في دهوك والقوات الأمنية تتدخ
[2026-08-08 12:38:29]   + جديد: الاتحاد العراقي يكشف عن التصميم الجديد لكأس السوبر
[2026-08-08 12:38:31]   + جديد: البصرة.. انهيار شقة في الموفقية والبحث عن امرأة تحت الأنقاض
[2026-08-08 12:38:33]   + جديد: إيران ترهن فتح هرمز بـ"التعويض" عن انتهاك مذكرة تفاهم إسلام 
[2026-08-08 12:38:33] جاري فحص: بغداد اليوم
[2026-08-08 12:38:33]   لا يوجد أخبار جديدة من بغداد اليوم
[2026-08-08 12:38:33] جاري فحص: السومرية نيوز
[2026-08-08 12:38:33]   لا يوجد أخبار جديدة من السومرية نيوز
[2026-08-08 12:38:33] جاري فحص: المدى
[2026-08-08 12:38:34] تعذر فتح صفحة المدى: 403 Client Error: Forbidden for url: https://almadapaper.net/
[2026-08-08 12:38:34]   لا يوجد أخبار جديدة من المدى
[2026-08-08 12:38:34] انتهى التشغيل — أخبار جديدة: 8 — إجمالي محفوظ: 150
[2026-08-08 13:41:32] جاري فحص: شفق نيوز
[2026-08-08 13:41:34]   + جديد: مع إغلاق الأسواق.. الدولار يعاود الارتفاع في بغداد وأربيل
[2026-08-08 13:41:35]   + جديد: نينوى.. 21 مصاباً بحوادث مرورية وانتشال جثة شاب غرقاً في دجل
[2026-08-08 13:41:36]   + جديد: استهداف سفينة قرب سواحل عمان
[2026-08-08 13:41:38]   + جديد: بزشكيان يقر بوجود تحديات داخلية ويؤكد: لم يعد من السهل إدخال
[2026-08-08 13:41:39]   + جديد: بعد 38 عاماً.. كركوك تفتح ملف ضحايا الحرب "العراقية الإيراني
[2026-08-08 13:41:41]   + جديد: فريق طبي يعيد الحياة لطفلة غرقت في مشروع ماء طوزخورماتو
[2026-08-08 13:41:42]   + جديد: العراق يتصدر الدول العربية في استهلاك الأرز بعد مصر
[2026-08-08 13:41:44]   + جديد: إلى ضامني الدستور.. كركوك والحدود الفاصلة للسيادة
[2026-08-08 13:41:45]   + جديد: انهيار الأخلاق الرقمية.. ظاهرة الشتائم والطعن بالأعراض بسبب 
[2026-08-08 13:41:47]   + جديد: كيف تستعيد الكرة العراقية طريقها إلى المنافسة
[2026-08-08 13:41:49]   + جديد: دهوك يتعاقد مع اللاعب آسو رستم لموسم واحد
[2026-08-08 13:41:50]   + جديد: "كسر" خط دوكان يقطع المياه مؤقتاً عن أحياء في السليمانية (صو
[2026-08-08 13:41:50] جاري فحص: بغداد اليوم
[2026-08-08 13:41:50]   لا يوجد أخبار جديدة من بغداد اليوم
[2026-08-08 13:41:50] جاري فحص: السومرية نيوز
[2026-08-08 13:41:51]   لا يوجد أخبار جديدة من السومرية نيوز
[2026-08-08 13:41:51] جاري فحص: المدى
[2026-08-08 13:41:51] تعذر فتح صفحة المدى: 403 Client Error: Forbidden for url: https://almadapaper.net/
[2026-08-08 13:41:51]   لا يوجد أخبار جديدة من المدى
[2026-08-08 13:41:51] انتهى التشغيل — أخبار جديدة: 12 — إجمالي محفوظ: 150
[2026-08-08 14:27:56] جاري فحص: شفق نيوز
[2026-08-08 14:27:58]   + جديد: باريس سان جيرمان يتوصل إلى اتفاق نهائي مع نجم برشلونة
[2026-08-08 14:28:00]   + جديد: ذوالقدر: لن يفتح مضيق هرمز إلا إذا عدلت أميركا سلوكها
[2026-08-08 14:28:02]   + جديد: ذي قار ترد على تحذيرات التلوث: الفحوصات تثبت صلاحية مياه الش
[2026-08-08 14:28:02] جاري فحص: بغداد اليوم
[2026-08-08 14:28:06]   لا يوجد أخبار جديدة من بغداد اليوم
[2026-08-08 14:28:06] جاري فحص: السومرية نيوز
[2026-08-08 14:28:07]   لا يوجد أخبار جديدة من السومرية نيوز
[2026-08-08 14:28:07] جاري فحص: المدى
[2026-08-08 14:28:07] تعذر فتح صفحة المدى: 403 Client Error: Forbidden for url: https://almadapaper.net/
[2026-08-08 14:28:07]   لا يوجد أخبار جديدة من المدى
[2026-08-08 14:28:07] انتهى التشغيل — أخبار جديدة: 3 — إجمالي محفوظ: 150
[2026-08-08 14:59:06] جاري فحص: شفق نيوز
[2026-08-08 14:59:09]   + جديد: من البر إلى السماء.. كيف غيّرت شبكات المخدرات طرق تهريبها إل
[2026-08-08 14:59:11]   + جديد: بلدية الموصل تزيل شارعاً "غير قانوني"
[2026-08-08 14:59:13]   + جديد: نائب ترمب: سنواصل الضغط على إيران
[2026-08-08 14:59:15]   + جديد: مسقط: المفاوضات بشأن هرمز تسير في أجواء إيجابية وبنّاءة
[2026-08-08 14:59:15] جاري فحص: بغداد اليوم
[2026-08-08 14:59:16]   لا يوجد أخبار جديدة من بغداد اليوم
[2026-08-08 14:59:16] جاري فحص: السومرية نيوز
[2026-08-08 14:59:16]   لا يوجد أخبار جديدة من السومرية نيوز
[2026-08-08 14:59:16] جاري فحص: المدى
[2026-08-08 14:59:17] تعذر فتح صفحة المدى: 403 Client Error: Forbidden for url: https://almadapaper.net/
[2026-08-08 14:59:17]   لا يوجد أخبار جديدة من المدى
[2026-08-08 14:59:17] انتهى التشغيل — أخبار جديدة: 4 — إجمالي محفوظ: 150
[2026-08-08 15:35:50] جاري فحص: شفق نيوز
[2026-08-08 15:35:52]   + جديد: حراك شمال البصرة يرفع 5 مطالب ويهدد بإغلاق الشوارع والحقول ا
[2026-08-08 15:35:54]   + جديد: "كاس" ترفض تجميد اتحاد الكرة العراقي وتمنحه مهلة للرد على شك
[2026-08-08 15:35:54] جاري فحص: بغداد اليوم
[2026-08-08 15:35:56]   لا يوجد أخبار جديدة من بغداد اليوم
[2026-08-08 15:35:56] جاري فحص: السومرية نيوز
[2026-08-08 15:35:56]   لا يوجد أخبار جديدة من السومرية نيوز
[2026-08-08 15:35:56] جاري فحص: المدى
[2026-08-08 15:35:56] تعذر فتح صفحة المدى: 403 Client Error: Forbidden for url: https://almadapaper.net/
[2026-08-08 15:35:56]   لا يوجد أخبار جديدة من المدى
[2026-08-08 15:35:56] انتهى التشغيل — أخبار جديدة: 2 — إجمالي محفوظ: 150
[2026-08-08 16:27:35] جاري فحص: شفق نيوز
[2026-08-08 16:27:37]   + جديد: اعتقال أحمد الجبوري "أبو مازن" بتهم فساد في بغداد
[2026-08-08 16:27:39]   + جديد: الرئيس الإيراني: لا يمكن القتال إلى الأبد والوقت الحالي الأف
[2026-08-08 16:27:39] جاري فحص: بغداد اليوم
[2026-08-08 16:27:39]   لا يوجد أخبار جديدة من بغداد اليوم
[2026-08-08 16:27:39] جاري فحص: السومرية نيوز
[2026-08-08 16:27:39]   لا يوجد أخبار جديدة من السومرية نيوز
[2026-08-08 16:27:39] جاري فحص: المدى
[2026-08-08 16:27:40] تعذر فتح صفحة المدى: 403 Client Error: Forbidden for url: https://almadapaper.net/
[2026-08-08 16:27:40]   لا يوجد أخبار جديدة من المدى
[2026-08-08 16:27:40] انتهى التشغيل — أخبار جديدة: 2 — إجمالي محفوظ: 150
[2026-08-08 17:03:01] جاري فحص: شفق نيوز
[2026-08-08 17:03:03]   + جديد: بغداد.. إغلاق سريع الشعلة بعد انفجار صهريج واحتراق سيارات
[2026-08-08 17:03:04]   + جديد: ضبط 5 كغم من الكريستال المخدر واعتقال 3 متهمين في أربيل
[2026-08-08 17:03:07]   + جديد: البصرة.. وفاة امرأة بحادثة انهيار الشقة
[2026-08-08 17:03:07] جاري فحص: بغداد اليوم
[2026-08-08 17:03:08]   لا يوجد أخبار جديدة من بغداد اليوم
[2026-08-08 17:03:08] جاري فحص: السومرية نيوز
[2026-08-08 17:03:08]   لا يوجد أخبار جديدة من السومرية نيوز
[2026-08-08 17:03:08] جاري فحص: المدى
[2026-08-08 17:03:08] تعذر فتح صفحة المدى: 403 Client Error: Forbidden for url: https://almadapaper.net/
[2026-08-08 17:03:08]   لا يوجد أخبار جديدة من المدى
[2026-08-08 17:03:08] انتهى التشغيل — أخبار جديدة: 3 — إجمالي محفوظ: 150
[2026-08-08 17:55:58] جاري فحص: شفق نيوز
[2026-08-08 17:56:00]   + جديد: زاخو يضم أَكام هاشم "رسمياً" ويؤكد: لا خلافات مع أندية كوردس
[2026-08-08 17:56:01]   + جديد: ارتباك في رأس الأمن الإيراني.. ذو القدر يظهر مجدداً بعد إعلا
[2026-08-08 17:56:03]   + جديد: توقعات عراقية بموسم مطري "الأفضل" منذ عقود
[2026-08-08 17:56:04]   + جديد: هيئة الحج: لا موعد لإجراء قرعة جديدة
[2026-08-08 17:56:06]   + جديد: فوز الكهرباء على القوة الجوية ودياً
[2026-08-08 17:56:06] جاري فحص: بغداد اليوم
[2026-08-08 17:56:07]   لا يوجد أخبار جديدة من بغداد اليوم
[2026-08-08 17:56:07] جاري فحص: السومرية نيوز
[2026-08-08 17:56:07]   لا يوجد أخبار جديدة من السومرية نيوز
[2026-08-08 17:56:07] جاري فحص: المدى
[2026-08-08 17:56:07] تعذر فتح صفحة المدى: 403 Client Error: Forbidden for url: https://almadapaper.net/
[2026-08-08 17:56:07]   لا يوجد أخبار جديدة من المدى
[2026-08-08 17:56:07] انتهى التشغيل — أخبار جديدة: 5 — إجمالي محفوظ: 150
[2026-08-08 18:34:31] جاري فحص: شفق نيوز
[2026-08-08 18:34:34]   + جديد: قانوني يربط بين مضاعفة الغرامات المرورية و"الربا"
[2026-08-08 18:34:36]   + جديد: الزوراء يخسر أمام بترول اسيوط المصري ودياً
[2026-08-08 18:34:38]   + جديد: اعتقال رجل الأعمال العراقي محمد الهجف
[2026-08-08 18:34:38] جاري فحص: بغداد اليوم
[2026-08-08 18:34:38]   لا يوجد أخبار جديدة من بغداد اليوم
[2026-08-08 18:34:38] جاري فحص: السومرية نيوز
[2026-08-08 18:34:40]   لا يوجد أخبار جديدة من السومرية نيوز
[2026-08-08 18:34:40] جاري فحص: المدى
[2026-08-08 18:34:40] تعذر فتح صفحة المدى: 403 Client Error: Forbidden for url: https://almadapaper.net/
[2026-08-08 18:34:40]   لا يوجد أخبار جديدة من المدى
[2026-08-08 18:34:40] انتهى التشغيل — أخبار جديدة: 3 — إجمالي محفوظ: 150
[2026-08-08 19:25:14] جاري فحص: شفق نيوز
[2026-08-08 19:25:17]   + جديد: ضبط أموال وذهب.. الكشف عن تفاصيل مداهمة منزل شقيق السوداني
[2026-08-08 19:25:18]   + جديد: العراق ومصر يؤكدان دعم التعاون الثلاثي مع الأردن
[2026-08-08 19:25:20]   + جديد: بعد دفع 90 ألف دولار.. الإفراج عن مختطفين كورديين في سوريا
[2026-08-08 19:25:22]   + جديد: سنتكوم تعلن تغيير مسار 53 سفينة في هرمز
[2026-08-08 19:25:23]   + جديد: بعد فيديو تأجيل الرد.. العامري يوصي قادة الحشد بالحفاظ على ا
[2026-08-08 19:25:25]   + جديد: إعفاءات وعقوبات بالجملة في الخطوط الجوية العراقية.. وثيقة
[2026-08-08 19:25:25] جاري فحص: بغداد اليوم
[2026-08-08 19:25:25]   لا يوجد أخبار جديدة من بغداد اليوم
[2026-08-08 19:25:25] جاري فحص: السومرية نيوز
[2026-08-08 19:25:26]   لا يوجد أخبار جديدة من السومرية نيوز
[2026-08-08 19:25:26] جاري فحص: المدى
[2026-08-08 19:25:26] تعذر فتح صفحة المدى: 403 Client Error: Forbidden for url: https://almadapaper.net/
[2026-08-08 19:25:26]   لا يوجد أخبار جديدة من المدى
[2026-08-08 19:25:26] انتهى التشغيل — أخبار جديدة: 6 — إجمالي محفوظ: 150
[2026-08-08 19:52:31] جاري فحص: شفق نيوز
[2026-08-08 19:52:33]   + جديد: رجل دين إيراني "يفتي" بقتل غير المحجبات والقضاء يستدعيه
[2026-08-08 19:52:35]   + جديد: الموارد المائية: 454 تجاوزاً على دجلة تعود لجهات متنفذة
[2026-08-08 19:52:35] جاري فحص: بغداد اليوم
[2026-08-08 19:52:36]   لا يوجد أخبار جديدة من بغداد اليوم
[2026-08-08 19:52:36] جاري فحص: السومرية نيوز
[2026-08-08 19:52:38]   لا يوجد أخبار جديدة من السومرية نيوز
[2026-08-08 19:52:38] جاري فحص: المدى
[2026-08-08 19:52:38] تعذر فتح صفحة المدى: 403 Client Error: Forbidden for url: https://almadapaper.net/
[2026-08-08 19:52:38]   لا يوجد أخبار جديدة من المدى
[2026-08-08 19:52:38] انتهى التشغيل — أخبار جديدة: 2 — إجمالي محفوظ: 150
[2026-08-08 20:23:15] جاري فحص: شفق نيوز
[2026-08-08 20:23:18]   + جديد: الكعبي يحذر من "الدبلوماسية" مع السعودية: لن يكون الرد إلا ع
[2026-08-08 20:23:20]   + جديد: مأساة في الخالص.. وفاة طفل اختناقاً داخل سيارة والده
[2026-08-08 20:23:22]   + جديد: بغداد.. ارتفاع حصيلة حادث "صهريج الشعلة" إلى مصرع شخصين
[2026-08-08 20:23:24]   + جديد: الزيدي يوجه بمعالجات عملية للتحديات المالية والنقدية
[2026-08-08 20:23:24] جاري فحص: بغداد اليوم
[2026-08-08 20:23:25]   لا يوجد أخبار جديدة من بغداد اليوم
[2026-08-08 20:23:25] جاري فحص: السومرية نيوز
[2026-08-08 20:23:25]   لا يوجد أخبار جديدة من السومرية نيوز
[2026-08-08 20:23:25] جاري فحص: المدى
[2026-08-08 20:23:26] تعذر فتح صفحة المدى: 403 Client Error: Forbidden for url: https://almadapaper.net/
[2026-08-08 20:23:26]   لا يوجد أخبار جديدة من المدى
[2026-08-08 20:23:26] انتهى التشغيل — أخبار جديدة: 4 — إجمالي محفوظ: 150
[2026-08-08 20:57:13] جاري فحص: شفق نيوز
[2026-08-08 20:57:15]   + جديد: كرمانشاه تتحول إلى قطب جديد لـ"الذهب الأحمر"
[2026-08-08 20:57:16]   + جديد: تبدأ غداً.. موجة رطوبة تزيد الإجهاد الحراري جنوبي العراق
[2026-08-08 20:57:18]   + جديد: استنفار ليلة الجمعة.. إحباط هجوم بالمسيّرات واعتقال خلية من 
[2026-08-08 20:57:18] جاري فحص: بغداد اليوم
[2026-08-08 20:57:28]   لا يوجد أخبار جديدة من بغداد اليوم
[2026-08-08 20:57:28] جاري فحص: السومرية نيوز
[2026-08-08 20:57:29]   لا يوجد أخبار جديدة من السومرية نيوز
[2026-08-08 20:57:29] جاري فحص: المدى
[2026-08-08 20:57:29] تعذر فتح صفحة المدى: 403 Client Error: Forbidden for url: https://almadapaper.net/
[2026-08-08 20:57:29]   لا يوجد أخبار جديدة من المدى
[2026-08-08 20:57:29] انتهى التشغيل — أخبار جديدة: 3 — إجمالي محفوظ: 150
[2026-08-08 21:31:20] جاري فحص: شفق نيوز
[2026-08-08 21:31:22]   + جديد: بالصور.. السليمانية تتوج "ملكة جمال القطط"
[2026-08-08 21:31:22] جاري فحص: بغداد اليوم
[2026-08-08 21:31:23]   لا يوجد أخبار جديدة من بغداد اليوم
[2026-08-08 21:31:23] جاري فحص: السومرية نيوز
[2026-08-08 21:31:23]   لا يوجد أخبار جديدة من السومرية نيوز
[2026-08-08 21:31:23] جاري فحص: المدى
[2026-08-08 21:31:23] تعذر فتح صفحة المدى: 403 Client Error: Forbidden for url: https://almadapaper.net/
[2026-08-08 21:31:23]   لا يوجد أخبار جديدة من المدى
[2026-08-08 21:31:23] انتهى التشغيل — أخبار جديدة: 1 — إجمالي محفوظ: 150
[2026-08-08 22:23:23] جاري فحص: شفق نيوز
[2026-08-08 22:23:25]   + جديد: في اليوم العالمي للشعوب الأصلية: التطلعات الكوردية وأوجاع ال
[2026-08-08 22:23:25] جاري فحص: بغداد اليوم
[2026-08-08 22:23:26]   لا يوجد أخبار جديدة من بغداد اليوم
[2026-08-08 22:23:26] جاري فحص: السومرية نيوز
[2026-08-08 22:23:27]   لا يوجد أخبار جديدة من السومرية نيوز
[2026-08-08 22:23:27] جاري فحص: المدى
[2026-08-08 22:23:27] تعذر فتح صفحة المدى: 403 Client Error: Forbidden for url: https://almadapaper.net/
[2026-08-08 22:23:27]   لا يوجد أخبار جديدة من المدى
[2026-08-08 22:23:27] انتهى التشغيل — أخبار جديدة: 1 — إجمالي محفوظ: 150
[2026-08-08 22:56:23] جاري فحص: شفق نيوز
[2026-08-08 22:56:26]   + جديد: الموارد المائية: 454 تجاوزاً على دجلة تعود لجهات متنفذة
[2026-08-08 22:56:26] جاري فحص: بغداد اليوم
[2026-08-08 22:56:28]   لا يوجد أخبار جديدة من بغداد اليوم
[2026-08-08 22:56:28] جاري فحص: السومرية نيوز
[2026-08-08 22:56:29]   لا يوجد أخبار جديدة من السومرية نيوز
[2026-08-08 22:56:29] جاري فحص: المدى
[2026-08-08 22:56:29] تعذر فتح صفحة المدى: 403 Client Error: Forbidden for url: https://almadapaper.net/
[2026-08-08 22:56:29]   لا يوجد أخبار جديدة من المدى
[2026-08-08 22:56:29] انتهى التشغيل — أخبار جديدة: 1 — إجمالي محفوظ: 150
[2026-08-08 23:27:51] جاري فحص: شفق نيوز
[2026-08-08 23:27:52]   لا يوجد أخبار جديدة من شفق نيوز
[2026-08-08 23:27:52] جاري فحص: بغداد اليوم
[2026-08-08 23:27:53]   لا يوجد أخبار جديدة من بغداد اليوم
[2026-08-08 23:27:53] جاري فحص: السومرية نيوز
[2026-08-08 23:27:54]   لا يوجد أخبار جديدة من السومرية نيوز
[2026-08-08 23:27:54] جاري فحص: المدى
[2026-08-08 23:27:54] تعذر فتح صفحة المدى: 403 Client Error: Forbidden for url: https://almadapaper.net/
[2026-08-08 23:27:54]   لا يوجد أخبار جديدة من المدى
[2026-08-08 23:27:54] انتهى التشغيل — أخبار جديدة: 0 — إجمالي محفوظ: 150
[2026-08-08 23:55:53] جاري فحص: شفق نيوز
[2026-08-08 23:55:54]   لا يوجد أخبار جديدة من شفق نيوز
[2026-08-08 23:55:54] جاري فحص: بغداد اليوم
[2026-08-08 23:55:56]   لا يوجد أخبار جديدة من بغداد اليوم
[2026-08-08 23:55:56] جاري فحص: السومرية نيوز
[2026-08-08 23:55:56]   لا يوجد أخبار جديدة من السومرية نيوز
[2026-08-08 23:55:56] جاري فحص: المدى
[2026-08-08 23:55:56] تعذر فتح صفحة المدى: 403 Client Error: Forbidden for url: https://almadapaper.net/
[2026-08-08 23:55:56]   لا يوجد أخبار جديدة من المدى
[2026-08-08 23:55:56] انتهى التشغيل — أخبار جديدة: 0 — إجمالي محفوظ: 150
[2026-08-09 01:28:23] جاري فحص: شفق نيوز
[2026-08-09 01:28:24]   لا يوجد أخبار جديدة من شفق نيوز
[2026-08-09 01:28:24] جاري فحص: بغداد اليوم
[2026-08-09 01:28:25]   لا يوجد أخبار جديدة من بغداد اليوم
[2026-08-09 01:28:25] جاري فحص: السومرية نيوز
[2026-08-09 01:28:25]   لا يوجد أخبار جديدة من السومرية نيوز
[2026-08-09 01:28:25] جاري فحص: المدى
[2026-08-09 01:28:25] تعذر فتح صفحة المدى: 403 Client Error: Forbidden for url: https://almadapaper.net/
[2026-08-09 01:28:25]   لا يوجد أخبار جديدة من المدى
[2026-08-09 01:28:25] انتهى التشغيل — أخبار جديدة: 0 — إجمالي محفوظ: 150
[2026-08-09 03:18:00] جاري فحص: شفق نيوز
[2026-08-09 03:18:01]   لا يوجد أخبار جديدة من شفق نيوز
[2026-08-09 03:18:01] جاري فحص: بغداد اليوم
[2026-08-09 03:18:01]   لا يوجد أخبار جديدة من بغداد اليوم
[2026-08-09 03:18:01] جاري فحص: السومرية نيوز
[2026-08-09 03:18:02]   لا يوجد أخبار جديدة من السومرية نيوز
[2026-08-09 03:18:02] جاري فحص: المدى
[2026-08-09 03:18:02] تعذر فتح صفحة المدى: 403 Client Error: Forbidden for url: https://almadapaper.net/
[2026-08-09 03:18:02]   لا يوجد أخبار جديدة من المدى
[2026-08-09 03:18:02] انتهى التشغيل — أخبار جديدة: 0 — إجمالي محفوظ: 150
[2026-08-09 04:44:28] جاري فحص: شفق نيوز
[2026-08-09 04:44:29]   لا يوجد أخبار جديدة من شفق نيوز
[2026-08-09 04:44:29] جاري فحص: بغداد اليوم
[2026-08-09 04:44:30]   لا يوجد أخبار جديدة من بغداد اليوم
[2026-08-09 04:44:30] جاري فحص: السومرية نيوز
[2026-08-09 04:44:30]   لا يوجد أخبار جديدة من السومرية نيوز
[2026-08-09 04:44:30] جاري فحص: المدى
[2026-08-09 04:44:31] تعذر فتح صفحة المدى: 403 Client Error: Forbidden for url: https://almadapaper.net/
[2026-08-09 04:44:31]   لا يوجد أخبار جديدة من المدى
[2026-08-09 04:44:31] انتهى التشغيل — أخبار جديدة: 0 — إجمالي محفوظ: 150
[2026-08-09 05:43:28] جاري فحص: شفق نيوز
[2026-08-09 05:43:32]   + جديد: البنتاغون يمهل شركات الدفاع الأميركية للإسراع بإنتاج الأسلحة
[2026-08-09 05:43:33]   + جديد: السعودية.. إخماد حريق في أحد مرافق مصفاة أرامكو بجازان دون إ
[2026-08-09 05:43:35]   + جديد: برشلونة يُقدِّم عرضاً ثانياً للستي.. هل اقترب رودري؟
[2026-08-09 05:43:37]   + جديد: لماذا يجب عليك التوقف عن التدخين قبل النوم بساعتين؟
[2026-08-09 05:43:37] جاري فحص: بغداد اليوم
[2026-08-09 05:43:40]   لا يوجد أخبار جديدة من بغداد اليوم
[2026-08-09 05:43:40] جاري فحص: السومرية نيوز
[2026-08-09 05:43:41]   لا يوجد أخبار جديدة من السومرية نيوز
[2026-08-09 05:43:41] جاري فحص: المدى
[2026-08-09 05:43:41] تعذر فتح صفحة المدى: 403 Client Error: Forbidden for url: https://almadapaper.net/
[2026-08-09 05:43:41]   لا يوجد أخبار جديدة من المدى
[2026-08-09 05:43:41] انتهى التشغيل — أخبار جديدة: 4 — إجمالي محفوظ: 150
[2026-08-09 06:49:35] جاري فحص: شفق نيوز
[2026-08-09 06:49:38]   + جديد: الأسبوع السادس.. الصادرات النفطية العراقية إلى أميركا متوقفة
[2026-08-09 06:49:40]   + جديد: العراق يحافظ على ترتيبه ضمن الجوازات الأضعف عالمياً في آب 20
[2026-08-09 06:49:42]   + جديد: النيران تجدد اشتعالها في موقع حادث الصهريج على سريع الشعلة ب
[2026-08-09 06:49:44]   + جديد: نجل بايدن: سرطان والدي انتشر ويسبب له آلاماً شديدة
[2026-08-09 06:49:44] جاري فحص: بغداد اليوم
[2026-08-09 06:49:44]   لا يوجد أخبار جديدة من بغداد اليوم
[2026-08-09 06:49:44] جاري فحص: السومرية نيوز
[2026-08-09 06:49:45]   لا يوجد أخبار جديدة من السومرية نيوز
[2026-08-09 06:49:45] جاري فحص: المدى
[2026-08-09 06:49:45] تعذر فتح صفحة المدى: 403 Client Error: Forbidden for url: https://almadapaper.net/
[2026-08-09 06:49:45]   لا يوجد أخبار جديدة من المدى
[2026-08-09 06:49:45] انتهى التشغيل — أخبار جديدة: 4 — إجمالي محفوظ: 150
[2026-08-09 07:50:53] جاري فحص: شفق نيوز
[2026-08-09 07:50:56]   + جديد: رغم تذبذب الأسعار.. الدولار يتشبث بمسار فوق 152 ألفاً في بغد
[2026-08-09 07:50:58]   + جديد: خاص.. تفكيك الفصائل العراقية "محوري" لواشنطن والصدام غير مرج
[2026-08-09 07:51:00]   + جديد: الداخلية العراقية تتخذ إجراءات قانونية بحق 8 آلاف منتسب لمخا
[2026-08-09 07:51:02]   + جديد: ضحايا بنزاع وغرق ودهس واحتكاك مع متظاهرين بحوادث متفرقة في ا
[2026-08-09 07:51:04]   + جديد: اليوم.. زاخو يلاقي الدفاع الجوي في افتتاح سلسلة نهائي دوري ا
[2026-08-09 07:51:06]   + جديد: الشركة المنفذة: ملعب المدينة سُلّم للأندية وهو خارج الخدمة و
[2026-08-09 07:51:08]   + جديد: الحوثيون يعلنون استهداف مصفاة أرامكو في السعودية
[2026-08-09 07:51:08] جاري فحص: بغداد اليوم
[2026-08-09 07:51:19]   لا يوجد أخبار جديدة من بغداد اليوم
[2026-08-09 07:51:19] جاري فحص: السومرية نيوز
[2026-08-09 07:51:20]   لا يوجد أخبار جديدة من السومرية نيوز
[2026-08-09 07:51:20] جاري فحص: المدى
[2026-08-09 07:51:20] تعذر فتح صفحة المدى: 403 Client Error: Forbidden for url: https://almadapaper.net/
[2026-08-09 07:51:20]   لا يوجد أخبار جديدة من المدى
[2026-08-09 07:51:20] انتهى التشغيل — أخبار جديدة: 7 — إجمالي محفوظ: 150
[2026-08-09 08:36:53] جاري فحص: شفق نيوز
[2026-08-09 08:36:55]   + جديد: أسعار الذهب تستقر في أسواق بغداد وأربيل
[2026-08-09 08:36:57]   + جديد: مرصد: أموال صولة الفجر تعادل رواتب شهرية لوزارات عدة
[2026-08-09 08:36:59]   + جديد: حريق يلتهم مطعماً وجزءاً من مبنى في الكرادة والدفاع المدني ي
[2026-08-09 08:37:01]   + جديد: وزير الخارجية الإيراني: سيكون هناك مسارات جديدة في مضيق هرمز
[2026-08-09 08:37:01] جاري فحص: بغداد اليوم
[2026-08-09 08:37:02]   لا يوجد أخبار جديدة من بغداد اليوم
[2026-08-09 08:37:02] جاري فحص: السومرية نيوز
[2026-08-09 08:37:02]   لا يوجد أخبار جديدة من السومرية نيوز
[2026-08-09 08:37:02] جاري فحص: المدى
[2026-08-09 08:37:02] تعذر فتح صفحة المدى: 403 Client Error: Forbidden for url: https://almadapaper.net/
[2026-08-09 08:37:02]   لا يوجد أخبار جديدة من المدى
[2026-08-09 08:37:02] انتهى التشغيل — أخبار جديدة: 4 — إجمالي محفوظ: 150
[2026-08-09 09:34:47] جاري فحص: شفق نيوز
[2026-08-09 09:34:49]   + جديد: بمشاركة واسعة.. انطلاق معرض بغداد الدولي للكتاب في الثاني من
[2026-08-09 09:34:50]   + جديد: وقفتان احتجاجيتان في الموصل والكوت: مطالبات بالحقوق والخدمات
[2026-08-09 09:34:52]   + جديد: تفاصيل شكوى عدنان درجال أمام "كاس": 20 يوماً أمام اتحاد الكر
[2026-08-09 09:34:53]   + جديد: بعد 850 عاماً.. مسجد "بامرني" التاريخي في دهوك يعود للحياة (
[2026-08-09 09:34:55]   + جديد: الحوثيون يستهدفون ميناء "المخا" اليمني
[2026-08-09 09:34:57]   + جديد: من الأجور إلى الطاقة.. خبير يرسم خريطة طريق لتعافي الاقتصاد 
[2026-08-09 09:34:59]   + جديد: السجن 10 سنوات لمنتحلي صفة مستشاري رئيس مجلس القضاء الأعلى
[2026-08-09 09:35:00]   + جديد: التربية العراقية تحدد مواعيد العام الدراسي الجديد: 1 أيلول ل
[2026-08-09 09:35:02]   + جديد: مقتل امرأة على يد شقيقها بكركوك ومصرع معلمة بصعقة كهربائية ف
[2026-08-09 09:35:02] جاري فحص: بغداد اليوم
[2026-08-09 09:35:02]   لا يوجد أخبار جديدة من بغداد اليوم
[2026-08-09 09:35:02] جاري فحص: السومرية نيوز
[2026-08-09 09:35:04]   لا يوجد أخبار جديدة من السومرية نيوز
[2026-08-09 09:35:04] جاري فحص: المدى
[2026-08-09 09:35:04] تعذر فتح صفحة المدى: 403 Client Error: Forbidden for url: https://almadapaper.net/
[2026-08-09 09:35:04]   لا يوجد أخبار جديدة من المدى
[2026-08-09 09:35:04] انتهى التشغيل — أخبار جديدة: 9 — إجمالي محفوظ: 150
[2026-08-09 10:29:54] جاري فحص: شفق نيوز
[2026-08-09 10:29:57]   + جديد: الحشد الشعبي ينفي علم الفياض المسبق باستهداف مقراته ويفتح تح
[2026-08-09 10:29:59]   + جديد: كاظم الصيّادي يعلق على أنباء صدور مذكرة قبض بحقه بتهمة "الاب
[2026-08-09 10:30:01]   + جديد: هجرها أصحابها فالتهمها الزمن.. منازل في بغداد تتحول إلى بؤر 
[2026-08-09 10:30:03]   + جديد: مجلس صلاح الدين ينفي انسحاب الجيش من كركوك وطوزخورماتو
[2026-08-09 10:30:05]   + جديد: العراق يتصدر مستقبلي صادرات صناعة عمّان خلال 7 أشهر
[2026-08-09 10:30:06]   + جديد: مرور كوردستان تعلن قيمة الرسوم وتعليمات "تظليل السيارات"
[2026-08-09 10:30:06] جاري فحص: بغداد اليوم
[2026-08-09 10:30:07]   لا يوجد أخبار جديدة من بغداد اليوم
[2026-08-09 10:30:07] جاري فحص: السومرية نيوز
[2026-08-09 10:30:08]   لا يوجد أخبار جديدة من السومرية نيوز
[2026-08-09 10:30:08] جاري فحص: المدى
[2026-08-09 10:30:08] تعذر فتح صفحة المدى: 403 Client Error: Forbidden for url: https://almadapaper.net/
[2026-08-09 10:30:08]   لا يوجد أخبار جديدة من المدى
[2026-08-09 10:30:08] انتهى التشغيل — أخبار جديدة: 6 — إجمالي محفوظ: 150
[2026-08-09 11:03:36] جاري فحص: شفق نيوز
[2026-08-09 11:03:38]   + جديد: محولات "آبار الطبج" تفجر جدلاً في جلولاء.. الأهالي يحتجون بع
[2026-08-09 11:03:40]   + جديد: صدور أمر قبض بحق وزير العمل السابق أحمد الأسدي (وثيقة)
[2026-08-09 11:03:41]   + جديد: طلب نيابي أمام الزيدي.. قانون تقاعد الحشد يعود للواجهة
[2026-08-09 11:03:43]   + جديد: احتجاجات تطالب بإقالة مدير كهرباء ذي قار (صور)
[2026-08-09 11:03:44]   + جديد: العراق يوقع مذكرة تفاهم مع شركة تركية للإدارة الذكية للمياه
[2026-08-09 11:03:44] جاري فحص: بغداد اليوم
[2026-08-09 11:03:45]   لا يوجد أخبار جديدة من بغداد اليوم
[2026-08-09 11:03:45] جاري فحص: السومرية نيوز
[2026-08-09 11:03:45]   لا يوجد أخبار جديدة من السومرية نيوز
[2026-08-09 11:03:45] جاري فحص: المدى
[2026-08-09 11:03:46] تعذر فتح صفحة المدى: 403 Client Error: Forbidden for url: https://almadapaper.net/
[2026-08-09 11:03:46]   لا يوجد أخبار جديدة من المدى
[2026-08-09 11:03:46] انتهى التشغيل — أخبار جديدة: 5 — إجمالي محفوظ: 150
[2026-08-09 11:54:40] جاري فحص: شفق نيوز
[2026-08-09 11:54:42]   + جديد: العراق الـ12 عربياً والـ94 عالمياً في مؤشر الدبلوماسية والشر
[2026-08-09 11:54:44]   + جديد: رئيس إقليم كوردستان يؤكد أهمية تعزيز علاقات العراق مع إسباني
[2026-08-09 11:54:46]   + جديد: وفاة مدنيين اثنين بحادثين منفصلين في سنجار وتلعفر
[2026-08-09 11:54:48]   + جديد: بحضور حكومي وتخصصي.. تدشين مستشفى الأورام والطب النووي في ني
[2026-08-09 11:54:50]   + جديد: تعيين سعد الجميلي مديرا عاما لشركة توزيع كهرباء الوسط
[2026-08-09 11:54:50] جاري فحص: بغداد اليوم
[2026-08-09 11:54:51]   لا يوجد أخبار جديدة من بغداد اليوم
[2026-08-09 11:54:51] جاري فحص: السومرية نيوز
[2026-08-09 11:54:51]   لا يوجد أخبار جديدة من السومرية نيوز
[2026-08-09 11:54:51] جاري فحص: المدى
[2026-08-09 11:54:52] تعذر فتح صفحة المدى: 403 Client Error: Forbidden for url: https://almadapaper.net/
[2026-08-09 11:54:52]   لا يوجد أخبار جديدة من المدى
[2026-08-09 11:54:52] انتهى التشغيل — أخبار جديدة: 5 — إجمالي محفوظ: 150
[2026-08-09 12:40:29] جاري فحص: شفق نيوز
[2026-08-09 12:40:31]   + جديد: القبض على مدير الشركة العامة للسيارات في وزارة التجارة هاشم 
[2026-08-09 12:40:33]   + جديد: أول نشاط معلن.. مجتبى خامنئي يلتقي بزشكيان
[2026-08-09 12:40:33] جاري فحص: بغداد اليوم
[2026-08-09 12:40:33]   لا يوجد أخبار جديدة من بغداد اليوم
[2026-08-09 12:40:33] جاري فحص: السومرية نيوز
[2026-08-09 12:40:34]   لا يوجد أخبار جديدة من السومرية نيوز
[2026-08-09 12:40:34] جاري فحص: المدى
[2026-08-09 12:40:34] تعذر فتح صفحة المدى: 403 Client Error: Forbidden for url: https://almadapaper.net/
[2026-08-09 12:40:34]   لا يوجد أخبار جديدة من المدى
[2026-08-09 12:40:34] انتهى التشغيل — أخبار جديدة: 2 — إجمالي محفوظ: 150
[2026-08-09 13:45:33] جاري فحص: شفق نيوز
[2026-08-09 13:45:36]   + جديد: قفزة جديدة للدولار في بغداد وأربيل مع إغلاق الأسواق
[2026-08-09 13:45:38]   + جديد: نائب: لم نستلم رواتب الشهر الماضي
[2026-08-09 13:45:39]   + جديد: نائبة عن نينوى: 25 مقبرة جماعية لم تُفتح ونسبة إنجاز الملف ل
[2026-08-09 13:45:41]   + جديد: دمشق تعلن التوصل لاتفاق حول مستقبل القاعدتين الروسيتين في سو
[2026-08-09 13:45:42]   + جديد: القبض على مديري بلدية الخضر (السابق والأسبق) في المثنى
[2026-08-09 13:45:44]   + جديد: تغييرات مرتقبة بخارطة الانتشار الأمني في طوزخورماتو وداقوق
[2026-08-09 13:45:46]   + جديد: حماس: متمسكون بخريطة طريق المرحلة الثانية من اتفاق غزة
[2026-08-09 13:45:47]   + جديد: صحيفة أميركية: ترمب قد يمدد وقف إطلاق النار مع إيران شريطة ف
[2026-08-09 13:45:49]   + جديد: طلب نيابي لاستضافة الزيدي وقادة أمنيين لمناقشة القصف السعودي
[2026-08-09 13:45:50]   + جديد: وفد عراقي "فني" يطرق أبواب طهران بملفات الطاقة والغاز وعبور 
[2026-08-09 13:45:52]   + جديد: البيت الأبيض يزيل أغاني تايلور سويفت
[2026-08-09 13:45:52] جاري فحص: بغداد اليوم
[2026-08-09 13:45:58]   لا يوجد أخبار جديدة من بغداد اليوم
[2026-08-09 13:45:58] جاري فحص: السومرية نيوز
[2026-08-09 13:45:59]   لا يوجد أخبار جديدة من السومرية نيوز
[2026-08-09 13:45:59] جاري فحص: المدى
[2026-08-09 13:45:59] تعذر فتح صفحة المدى: 403 Client Error: Forbidden for url: https://almadapaper.net/
[2026-08-09 13:45:59]   لا يوجد أخبار جديدة من المدى
[2026-08-09 13:45:59] انتهى التشغيل — أخبار جديدة: 11 — إجمالي محفوظ: 150
[2026-08-09 14:29:56] جاري فحص: شفق نيوز
[2026-08-09 14:29:59]   + جديد: "سلاح الفصائل إلى الحشد".. اتفاق على التسليم قبل نهاية أيلول
[2026-08-09 14:30:01]   + جديد: رئيس إقليم كوردستان والقنصل البريطاني الجديد يبحثان الأوضاع 
[2026-08-09 14:30:03]   + جديد: السليمانية.. أصحاب الحوانيت المدرسية يطالبون بتعويضات عن توق
[2026-08-09 14:30:03] جاري فحص: بغداد اليوم
[2026-08-09 14:30:04]   لا يوجد أخبار جديدة من بغداد اليوم
[2026-08-09 14:30:04] جاري فحص: السومرية نيوز
[2026-08-09 14:30:04]   لا يوجد أخبار جديدة من السومرية نيوز
[2026-08-09 14:30:04] جاري فحص: المدى
[2026-08-09 14:30:04] تعذر فتح صفحة المدى: 403 Client Error: Forbidden for url: https://almadapaper.net/
[2026-08-09 14:30:04]   لا يوجد أخبار جديدة من المدى
[2026-08-09 14:30:04] انتهى التشغيل — أخبار جديدة: 3 — إجمالي محفوظ: 150
[2026-08-09 15:03:04] جاري فحص: شفق نيوز
[2026-08-09 15:03:07]   + جديد: نائب: الأسبوع المقبل سيعلن عن إكمال الكابينة الوزارية
[2026-08-09 15:03:09]   + جديد: تواقيع نيابية لتجميد عمل مجالس المحافظات العراقية (وثيقة)
[2026-08-09 15:03:10]   + جديد: تحقيق برلماني في "علم الحكومة المسبق" بالاستهداف الأميركي ال
[2026-08-09 15:03:12]   + جديد: "لفة سجاد" تودي بحياة شاب وامرأة تسقط من أعلى محكمة في كركوك
[2026-08-09 15:03:12] جاري فحص: بغداد اليوم
[2026-08-09 15:03:20]   لا يوجد أخبار جديدة من بغداد اليوم
[2026-08-09 15:03:20] جاري فحص: السومرية نيوز
[2026-08-09 15:03:21]   لا يوجد أخبار جديدة من السومرية نيوز
[2026-08-09 15:03:21] جاري فحص: المدى
[2026-08-09 15:03:21] تعذر فتح صفحة المدى: 403 Client Error: Forbidden for url: https://almadapaper.net/
[2026-08-09 15:03:21]   لا يوجد أخبار جديدة من المدى
[2026-08-09 15:03:21] انتهى التشغيل — أخبار جديدة: 4 — إجمالي محفوظ: 150
[2026-08-09 15:56:45] جاري فحص: شفق نيوز
[2026-08-09 15:56:47]   + جديد: استعداداً لكأس آسيا.. العراق يخاطب ثلاثة منتخبات "قوية" لإقا
[2026-08-09 15:56:49]   + جديد: حملة صحية في إصلاحيات السليمانية.. مسؤول: الوضع الصحي للنزلا
[2026-08-09 15:56:49] جاري فحص: بغداد اليوم
[2026-08-09 15:56:50]   لا يوجد أخبار جديدة من بغداد اليوم
[2026-08-09 15:56:50] جاري فحص: السومرية نيوز
[2026-08-09 15:56:50]   لا يوجد أخبار جديدة من السومرية نيوز
[2026-08-09 15:56:50] جاري فحص: المدى
[2026-08-09 15:56:51] تعذر فتح صفحة المدى: 403 Client Error: Forbidden for url: https://almadapaper.net/
[2026-08-09 15:56:51]   لا يوجد أخبار جديدة من المدى
[2026-08-09 15:56:51] انتهى التشغيل — أخبار جديدة: 2 — إجمالي محفوظ: 150
[2026-08-09 16:34:27] جاري فحص: شفق نيوز
[2026-08-09 16:34:30]   + جديد: حزب الله اللبناني: إسرائيل تتوحش على البيئة والعمران في الجن
[2026-08-09 16:34:31]   + جديد: بغداد.. القبض على شخصين قتلا شقيقهما وادعيا انتحاره
[2026-08-09 16:34:33]   + جديد: هيئة الإعلام والاتصالات العراقية تصدر 6 قرارات بشأن "كورك"
[2026-08-09 16:34:33] جاري فحص: بغداد اليوم
[2026-08-09 16:34:34]   لا يوجد أخبار جديدة من بغداد اليوم
[2026-08-09 16:34:34] جاري فحص: السومرية نيوز
[2026-08-09 16:34:34]   لا يوجد أخبار جديدة من السومرية نيوز
[2026-08-09 16:34:34] جاري فحص: المدى
[2026-08-09 16:34:34] تعذر فتح صفحة المدى: 403 Client Error: Forbidden for url: https://almadapaper.net/
[2026-08-09 16:34:34]   لا يوجد أخبار جديدة من المدى
[2026-08-09 16:34:34] انتهى التشغيل — أخبار جديدة: 3 — إجمالي محفوظ: 150
[2026-08-09 17:27:09] جاري فحص: شفق نيوز
[2026-08-09 17:27:12]   + جديد: رئيس مجلس الوزراء العراقي يقرّ حزمة إجراءات ويبحث الاستعدادا
[2026-08-09 17:27:14]   + جديد: حرائق الغابات الكندية تتوسع وتدفع 18 ألف شخص للنزوح
[2026-08-09 17:27:16]   + جديد: ترمب: إيران لا تمتلك الأموال ورواتب الجنود وتعاني من تضخم ها
[2026-08-09 17:27:18]   + جديد: اليمن.. 34 ضحية في هجوم حوثي بـ46 صاروخاً ومسيّرة استهدف الم
[2026-08-09 17:27:19]   + جديد: النزاهة تعلن تفاصيل القبض على مديري بلدية الخضر السابق والأس
[2026-08-09 17:27:19] جاري فحص: بغداد اليوم
[2026-08-09 17:27:20]   لا يوجد أخبار جديدة من بغداد اليوم
[2026-08-09 17:27:20] جاري فحص: السومرية نيوز
[2026-08-09 17:27:21]   لا يوجد أخبار جديدة من السومرية نيوز
[2026-08-09 17:27:21] جاري فحص: المدى
[2026-08-09 17:27:21] تعذر فتح صفحة المدى: 403 Client Error: Forbidden for url: https://almadapaper.net/
[2026-08-09 17:27:21]   لا يوجد أخبار جديدة من المدى
[2026-08-09 17:27:21] انتهى التشغيل — أخبار جديدة: 5 — إجمالي محفوظ: 150
[2026-08-09 17:59:03] جاري فحص: شفق نيوز
[2026-08-09 17:59:07]   + جديد: السجن 15 عاماً بحق مصورة إيرانية حائزة على جائزة "الشجاعة في
[2026-08-09 17:59:09]   + جديد: عشية التصويت.. دميرتاش يؤيد قانون دمج مقاتلي "العمال الكوردس
[2026-08-09 17:59:09] جاري فحص: بغداد اليوم
[2026-08-09 17:59:09]   لا يوجد أخبار جديدة من بغداد اليوم
[2026-08-09 17:59:09] جاري فحص: السومرية نيوز
[2026-08-09 17:59:10]   لا يوجد أخبار جديدة من السومرية نيوز
[2026-08-09 17:59:10] جاري فحص: المدى
[2026-08-09 17:59:10] تعذر فتح صفحة المدى: 403 Client Error: Forbidden for url: https://almadapaper.net/
[2026-08-09 17:59:10]   لا يوجد أخبار جديدة من المدى
[2026-08-09 17:59:10] انتهى التشغيل — أخبار جديدة: 2 — إجمالي محفوظ: 150
[2026-08-09 18:50:56] جاري فحص: شفق نيوز
[2026-08-09 18:50:59]   + جديد: قراءة أفغانية ترصد "ثلاثة أخطاء استراتيجية" لطهران في مواجهة
[2026-08-09 18:51:00]   + جديد: صناعة دمشق: مستعدون لتذليل العقبات أمام رجال الأعمال العراقي
[2026-08-09 18:51:02]   + جديد: خامنئي يُنهي غموض مجلس الأمن القومي.. محسن رضائي خلفاً لـ"ذو
[2026-08-09 18:51:04]   + جديد: ملامح الشرق الأوسط القادم: قراءة في خريطة الاقتصاد العالمي
[2026-08-09 18:51:05]   + جديد: "روانگە" تطلق مبادرة للأطفال ذوي الاحتياجات الخاصة في أربيل 
[2026-08-09 18:51:05] جاري فحص: بغداد اليوم
[2026-08-09 18:51:06]   لا يوجد أخبار جديدة من بغداد اليوم
[2026-08-09 18:51:06] جاري فحص: السومرية نيوز
[2026-08-09 18:51:07]   لا يوجد أخبار جديدة من السومرية نيوز
[2026-08-09 18:51:07] جاري فحص: المدى
[2026-08-09 18:51:07] تعذر فتح صفحة المدى: 403 Client Error: Forbidden for url: https://almadapaper.net/
[2026-08-09 18:51:07]   لا يوجد أخبار جديدة من المدى
[2026-08-09 18:51:07] انتهى التشغيل — أخبار جديدة: 5 — إجمالي محفوظ: 150
[2026-08-09 19:29:12] جاري فحص: شفق نيوز
[2026-08-09 19:29:14]   + جديد: الدفاع الجوي يسقط زاخو في افتتاح نهائي محترفي السلة
[2026-08-09 19:29:15]   + جديد: إسرائيل لـ"سنتكوم": إذا ثبت سعي إيران لامتلاك سلاحاً نووياً 
[2026-08-09 19:29:17]   + جديد: شرطة النجف تعتقل عراقياً وسورياً "اغتصبا" وقتلا طفلة دون الع
[2026-08-09 19:29:18]   + جديد: أوروبا.. تراجع مرتقب لإنتاج الكهرباء بسبب "كسوف الأربعاء"
[2026-08-09 19:29:18] جاري فحص: بغداد اليوم
[2026-08-09 19:29:19]   لا يوجد أخبار جديدة من بغداد اليوم
[2026-08-09 19:29:19] جاري فحص: السومرية نيوز
[2026-08-09 19:29:19]   لا يوجد أخبار جديدة من السومرية نيوز
[2026-08-09 19:29:19] جاري فحص: المدى
[2026-08-09 19:29:19] تعذر فتح صفحة المدى: 403 Client Error: Forbidden for url: https://almadapaper.net/
[2026-08-09 19:29:19]   لا يوجد أخبار جديدة من المدى
[2026-08-09 19:29:19] انتهى التشغيل — أخبار جديدة: 4 — إجمالي محفوظ: 150
[2026-08-09 19:59:25] جاري فحص: شفق نيوز
[2026-08-09 19:59:27]   + جديد: "دولفين" يتسبب بإلغاء 1600 رحلة جوية في الصين
[2026-08-09 19:59:28]   + جديد: وزير الداخلية الألماني يحذر: نتعرض لهجمات "الحرب الهجينة" يو
[2026-08-09 19:59:28] جاري فحص: بغداد اليوم
[2026-08-09 19:59:29]   لا يوجد أخبار جديدة من بغداد اليوم
[2026-08-09 19:59:29] جاري فحص: السومرية نيوز
[2026-08-09 19:59:30]   لا يوجد أخبار جديدة من السومرية نيوز
[2026-08-09 19:59:30] جاري فحص: المدى
[2026-08-09 19:59:30] تعذر فتح صفحة المدى: 403 Client Error: Forbidden for url: https://almadapaper.net/
[2026-08-09 19:59:30]   لا يوجد أخبار جديدة من المدى
[2026-08-09 19:59:30] انتهى التشغيل — أخبار جديدة: 2 — إجمالي محفوظ: 150
[2026-08-09 20:41:49] جاري فحص: شفق نيوز
[2026-08-09 20:41:51]   + جديد: اقتطعت أجزاءً من لبنان.. إسرائيل تحذف خريطة أثارت الجدل
[2026-08-09 20:41:52]   + جديد: النائبة غفران الشمري تعلن انسحابها من كتلة "سومريون"
[2026-08-09 20:41:54]   + جديد: جثث معلقة على جسر تثير الرعب في مدينة مكسيكية
[2026-08-09 20:41:55]   + جديد: مصرع شاب بصعقة كهربائية أثناء ربط سلك مولدة في بغداد
[2026-08-09 20:41:55] جاري فحص: بغداد اليوم
[2026-08-09 20:41:56]   لا يوجد أخبار جديدة من بغداد اليوم
[2026-08-09 20:41:56] جاري فحص: السومرية نيوز
[2026-08-09 20:41:57]   لا يوجد أخبار جديدة من السومرية نيوز
[2026-08-09 20:41:57] جاري فحص: المدى
[2026-08-09 20:41:58] تعذر فتح صفحة المدى: 403 Client Error: Forbidden for url: https://almadapaper.net/
[2026-08-09 20:41:58]   لا يوجد أخبار جديدة من المدى
[2026-08-09 20:41:58] انتهى التشغيل — أخبار جديدة: 4 — إجمالي محفوظ: 150
[2026-08-09 21:27:31] جاري فحص: شفق نيوز
[2026-08-09 21:27:34]   + جديد: العراق خارج أحلاف المنطقة.. حياد يحميه أم عزلة تضعف دوره؟
[2026-08-09 21:27:36]   + جديد: أغلبهم مخمورون.. اعتقال 318 شخصاً في الرصافة ببغداد
[2026-08-09 21:27:38]   + جديد: تحديات حماية آثار كرمانشاه تكشف عن أزمة في إيران
[2026-08-09 21:27:38] جاري فحص: بغداد اليوم
[2026-08-09 21:27:40]   لا يوجد أخبار جديدة من بغداد اليوم
[2026-08-09 21:27:40] جاري فحص: السومرية نيوز
[2026-08-09 21:27:42]   لا يوجد أخبار جديدة من السومرية نيوز
[2026-08-09 21:27:42] جاري فحص: المدى
[2026-08-09 21:27:42] تعذر فتح صفحة المدى: 403 Client Error: Forbidden for url: https://almadapaper.net/
[2026-08-09 21:27:42]   لا يوجد أخبار جديدة من المدى
[2026-08-09 21:27:42] انتهى التشغيل — أخبار جديدة: 3 — إجمالي محفوظ: 150
[2026-08-09 21:58:45] جاري فحص: شفق نيوز
[2026-08-09 21:58:48]   + جديد: أوصاه الأطباء بطعام خفيف.. "كمية كبيرة من الكباب الدسم" تنته
[2026-08-09 21:58:48] جاري فحص: بغداد اليوم
[2026-08-09 21:58:51]   لا يوجد أخبار جديدة من بغداد اليوم
[2026-08-09 21:58:51] جاري فحص: السومرية نيوز
[2026-08-09 21:58:51]   لا يوجد أخبار جديدة من السومرية نيوز
[2026-08-09 21:58:51] جاري فحص: المدى
[2026-08-09 21:58:52] تعذر فتح صفحة المدى: 403 Client Error: Forbidden for url: https://almadapaper.net/
[2026-08-09 21:58:52]   لا يوجد أخبار جديدة من المدى
[2026-08-09 21:58:52] انتهى التشغيل — أخبار جديدة: 1 — إجمالي محفوظ: 150
[2026-08-09 22:36:50] جاري فحص: شفق نيوز
[2026-08-09 22:36:51]   لا يوجد أخبار جديدة من شفق نيوز
[2026-08-09 22:36:51] جاري فحص: بغداد اليوم
[2026-08-09 22:36:52]   لا يوجد أخبار جديدة من بغداد اليوم
[2026-08-09 22:36:52] جاري فحص: السومرية نيوز
[2026-08-09 22:36:53]   لا يوجد أخبار جديدة من السومرية نيوز
[2026-08-09 22:36:53] جاري فحص: المدى
[2026-08-09 22:36:53] تعذر فتح صفحة المدى: 403 Client Error: Forbidden for url: https://almadapaper.net/
[2026-08-09 22:36:53]   لا يوجد أخبار جديدة من المدى
[2026-08-09 22:36:53] انتهى التشغيل — أخبار جديدة: 0 — إجمالي محفوظ: 150
[2026-08-09 23:26:33] جاري فحص: شفق نيوز
[2026-08-09 23:26:34]   لا يوجد أخبار جديدة من شفق نيوز
[2026-08-09 23:26:34] جاري فحص: بغداد اليوم
[2026-08-09 23:26:34]   لا يوجد أخبار جديدة من بغداد اليوم
[2026-08-09 23:26:34] جاري فحص: السومرية نيوز
[2026-08-09 23:26:35]   لا يوجد أخبار جديدة من السومرية نيوز
[2026-08-09 23:26:35] جاري فحص: المدى
[2026-08-09 23:26:35] تعذر فتح صفحة المدى: 403 Client Error: Forbidden for url: https://almadapaper.net/
[2026-08-09 23:26:35]   لا يوجد أخبار جديدة من المدى
[2026-08-09 23:26:35] انتهى التشغيل — أخبار جديدة: 0 — إجمالي محفوظ: 150
[2026-08-09 23:58:36] جاري فحص: شفق نيوز
[2026-08-09 23:58:37]   لا يوجد أخبار جديدة من شفق نيوز
[2026-08-09 23:58:37] جاري فحص: بغداد اليوم
[2026-08-09 23:58:37]   لا يوجد أخبار جديدة من بغداد اليوم
[2026-08-09 23:58:37] جاري فحص: السومرية نيوز
[2026-08-09 23:58:38]   لا يوجد أخبار جديدة من السومرية نيوز
[2026-08-09 23:58:38] جاري فحص: المدى
[2026-08-09 23:58:38] تعذر فتح صفحة المدى: 403 Client Error: Forbidden for url: https://almadapaper.net/
[2026-08-09 23:58:38]   لا يوجد أخبار جديدة من المدى
[2026-08-09 23:58:38] انتهى التشغيل — أخبار جديدة: 0 — إجمالي محفوظ: 150
[2026-08-10 02:10:54] جاري فحص: شفق نيوز
[2026-08-10 02:10:55]   لا يوجد أخبار جديدة من شفق نيوز
[2026-08-10 02:10:55] جاري فحص: بغداد اليوم
[2026-08-10 02:10:55]   لا يوجد أخبار جديدة من بغداد اليوم
[2026-08-10 02:10:55] جاري فحص: السومرية نيوز
[2026-08-10 02:10:57]   لا يوجد أخبار جديدة من السومرية نيوز
[2026-08-10 02:10:57] جاري فحص: المدى
[2026-08-10 02:10:57] تعذر فتح صفحة المدى: 403 Client Error: Forbidden for url: https://almadapaper.net/
[2026-08-10 02:10:57]   لا يوجد أخبار جديدة من المدى
[2026-08-10 02:10:57] انتهى التشغيل — أخبار جديدة: 0 — إجمالي محفوظ: 150
[2026-08-10 04:11:51] جاري فحص: شفق نيوز
[2026-08-10 04:11:51]   لا يوجد أخبار جديدة من شفق نيوز
[2026-08-10 04:11:51] جاري فحص: بغداد اليوم
[2026-08-10 04:11:56]   لا يوجد أخبار جديدة من بغداد اليوم
[2026-08-10 04:11:56] جاري فحص: السومرية نيوز
[2026-08-10 04:11:56]   لا يوجد أخبار جديدة من السومرية نيوز
[2026-08-10 04:11:56] جاري فحص: المدى
[2026-08-10 04:11:56] تعذر فتح صفحة المدى: 403 Client Error: Forbidden for url: https://almadapaper.net/
[2026-08-10 04:11:56]   لا يوجد أخبار جديدة من المدى
[2026-08-10 04:11:56] انتهى التشغيل — أخبار جديدة: 0 — إجمالي محفوظ: 150
[2026-08-10 05:53:48] جاري فحص: شفق نيوز
[2026-08-10 05:53:51]   + جديد: كشف تفاصيل عملية أمنية أطاحت بمسؤولين في ذي قار
[2026-08-10 05:53:53]   + جديد: الذهب يتراجع من أعلى مستوى له ويترقب بيانات التضخم الأميركية
[2026-08-10 05:53:55]   + جديد: النفط يرتفع وسط غموض بشأن إعادة فتح هرمز
[2026-08-10 05:53:57]   + جديد: بذكريات MSN.. هل يرافق نيمار ميسي وسواريز مجدداً؟
[2026-08-10 05:53:58]   + جديد: بريتني سبيرز تحذر من حقن البوتوكس
[2026-08-10 05:54:00]   + جديد: مواعيد وملاعب الجولة الأولى من دوري نجوم العراق
[2026-08-10 05:54:00] جاري فحص: بغداد اليوم
[2026-08-10 05:54:01]   لا يوجد أخبار جديدة من بغداد اليوم
[2026-08-10 05:54:01] جاري فحص: السومرية نيوز
[2026-08-10 05:54:02]   لا يوجد أخبار جديدة من السومرية نيوز
[2026-08-10 05:54:02] جاري فحص: المدى
[2026-08-10 05:54:02] تعذر فتح صفحة المدى: 403 Client Error: Forbidden for url: https://almadapaper.net/
[2026-08-10 05:54:02]   لا يوجد أخبار جديدة من المدى
[2026-08-10 05:54:02] انتهى التشغيل — أخبار جديدة: 6 — إجمالي محفوظ: 150
[2026-08-10 07:23:41] جاري فحص: شفق نيوز
[2026-08-10 07:23:43]   + جديد: شرطة بغداد تطيح بعدد من متحرشي "حادثة المنصور"
[2026-08-10 07:23:45]   + جديد: بعد هبوط حاد.. خام البصرة يرتفع إلى 57.09 دولاراً
[2026-08-10 07:23:46]   + جديد: سائقو شاحنات يغلقون طريقا حيوياً في كركوك وفلاحو الأنبار وال
[2026-08-10 07:23:48]   + جديد: لماذا يخون الخائنون؟
[2026-08-10 07:23:49]   + جديد: العراق يخطط لمسارين جديدين لتصدير النفط عبر فيشخابور وبانياس
[2026-08-10 07:23:51]   + جديد: اتحاد ألعاب القوى يعيد داغر إلى ألمانيا ويضم عداءً واعداً إل
[2026-08-10 07:23:53]   + جديد: السعودية.. مصرع 16 عاملاً من بنغلادش بحريق مصنع
[2026-08-10 07:23:54]   + جديد: الأميركيون يؤيد تشديد الرقابة على شركات التواصل الاجتماعي
[2026-08-10 07:23:55]   + جديد: دراسة تحذر.. المنطقة العربية تشهد تحولات متعاكسة بأنماط الري
[2026-08-10 07:23:55] جاري فحص: بغداد اليوم
[2026-08-10 07:23:56]   لا يوجد أخبار جديدة من بغداد اليوم
[2026-08-10 07:23:56] جاري فحص: السومرية نيوز
[2026-08-10 07:23:56]   لا يوجد أخبار جديدة من السومرية نيوز
[2026-08-10 07:23:56] جاري فحص: المدى
[2026-08-10 07:23:56] تعذر فتح صفحة المدى: 403 Client Error: Forbidden for url: https://almadapaper.net/
[2026-08-10 07:23:56]   لا يوجد أخبار جديدة من المدى
[2026-08-10 07:23:56] انتهى التشغيل — أخبار جديدة: 9 — إجمالي محفوظ: 150
[2026-08-10 08:56:26] جاري فحص: شفق نيوز
[2026-08-10 08:56:28]   + جديد: ارتفاع جديد بأسعار الذهب في أسواق بغداد وأربيل
[2026-08-10 08:56:30]   + جديد: الداخلية العراقية لـ شفق نيوز: لا تعليمات لحظر التجوال نهاية
[2026-08-10 08:56:32]   + جديد: الداخلية العراقية تعلن إغلاق 71 مقراً وهمياً للحشد الشعبي
[2026-08-10 08:56:33]   + جديد: تظاهرة فلاحي الأنبار.. تحرك رسمي ووعود بالصرف تثير الاستياء 
[2026-08-10 08:56:35]   + جديد: ضربات جوية تدمر 8 مضافات لداعش في كركوك
[2026-08-10 08:56:36]   + جديد: تكليف مدير جديد للتسجيل العقاري في ديالى (وثيقة)
[2026-08-10 08:56:38]   + جديد: الرقابة المالية تسلّم القضاء العراقي تقريرها السنوي لعام 202
[2026-08-10 08:56:40]   + جديد: تظاهرات "عنيفة" جنوبي العراق احتجاجا على انقطاع الكهرباء
[2026-08-10 08:56:41]   + جديد: أسعار الدولار تواصل ارتفاعها مقابل الدينار العراقي
[2026-08-10 08:56:43]   + جديد: تقرير اسرائيلي: اتفاق مكة يلقي بظلاله على التطبيع
[2026-08-10 08:56:45]   + جديد: بقائي: اتفاق مكة يثبت أن تحقيق الأمن عبر أميركا لم يعد ممكنا
[2026-08-10 08:56:45] جاري فحص: بغداد اليوم
[2026-08-10 08:56:45]   لا يوجد أخبار جديدة من بغداد اليوم
[2026-08-10 08:56:45] جاري فحص: السومرية نيوز
[2026-08-10 08:56:46]   لا يوجد أخبار جديدة من السومرية نيوز
[2026-08-10 08:56:46] جاري فحص: المدى
[2026-08-10 08:56:46] تعذر فتح صفحة المدى: 403 Client Error: Forbidden for url: https://almadapaper.net/
[2026-08-10 08:56:46]   لا يوجد أخبار جديدة من المدى
[2026-08-10 08:56:46] انتهى التشغيل — أخبار جديدة: 11 — إجمالي محفوظ: 150
[2026-08-10 10:15:37] جاري فحص: شفق نيوز
[2026-08-10 10:15:39]   + جديد: الحكومة العراقية تحيط شفق نيوز بكواليس تجميد رد الفصائل على 
[2026-08-10 10:15:41]   + جديد: بعد غياب 37 عاماً.. بريطانيا في ديالى لبحث الاستثمار والطاقة
[2026-08-10 10:15:42]   + جديد: الحكومة العراقية تنفي توزيع الرواتب كل 45 يوما
[2026-08-10 10:15:44]   + جديد: زوجة توميو تربك انتقاله إلى الطلبة وأيمن حسين يصعّد ضد الجوي
[2026-08-10 10:15:46]   + جديد: على وقع ملاحقات الفساد.. الحمداني يتسلم إدارة بلدية الناصرية
[2026-08-10 10:15:47]   + جديد: "كورك" ترد على هيئة الإعلام: إجراءاتها تعسفية وندعو رئيس الو
[2026-08-10 10:15:49]   + جديد: أسهم العراق ترتفع 54.9% خلال تموز وبقيمة تداول تتجاوز 120 مل
[2026-08-10 10:15:51]   + جديد: حبس قائممقام النجف على خلفية شكوى من المحافظ (وثيقة)
[2026-08-10 10:15:51] جاري فحص: بغداد اليوم
[2026-08-10 10:15:55]   لا يوجد أخبار جديدة من بغداد اليوم
[2026-08-10 10:15:55] جاري فحص: السومرية نيوز
[2026-08-10 10:15:55]   لا يوجد أخبار جديدة من السومرية نيوز
[2026-08-10 10:15:55] جاري فحص: المدى
[2026-08-10 10:15:55] تعذر فتح صفحة المدى: 403 Client Error: Forbidden for url: https://almadapaper.net/
[2026-08-10 10:15:55]   لا يوجد أخبار جديدة من المدى
[2026-08-10 10:15:55] انتهى التشغيل — أخبار جديدة: 8 — إجمالي محفوظ: 150
[2026-08-10 11:29:16] جاري فحص: شفق نيوز
[2026-08-10 11:29:19]   + جديد: العراق يتقدم 5 مراتب في قائمة أغنى دول العالم لعام 2026
[2026-08-10 11:29:21]   + جديد: العراق يتصدر وجهات صادرات الحبوب والبقوليات التركية خلال شهر
[2026-08-10 11:29:23]   + جديد: ديالى: أموال جباية الكهرباء ستبقى في المحافظة
[2026-08-10 11:29:26]   + جديد: عراقي يتوج بلقبي الفردي والزوجي في بطولة ألانيا التركية للتن
[2026-08-10 11:29:27]   + جديد: ثلاثة أحكام بالسجن لمنتحل صفة مسؤول قضائي في النجف
[2026-08-10 11:29:29]   + جديد: حكومة الزيدي ترد على البرلمان: لا علم لنا بالقصف السعودي
[2026-08-10 11:29:31]   + جديد: وفد تجاري تركي يبحث في السليمانية زيادة التبادل والاستثمار م
[2026-08-10 11:29:33]   + جديد: الحشد الشعبي ينوه بشأن المقرات "الوهمية": لاتمت إلينا بصلة
[2026-08-10 11:29:35]   + جديد: العبودي: حوارات إكمال الكابينة الحكومية "لا تلبي الطموح"
[2026-08-10 11:29:35] جاري فحص: بغداد اليوم
[2026-08-10 11:29:35]   لا يوجد أخبار جديدة من بغداد اليوم
[2026-08-10 11:29:35] جاري فحص: السومرية نيوز
[2026-08-10 11:29:36]   لا يوجد أخبار جديدة من السومرية نيوز
[2026-08-10 11:29:36] جاري فحص: المدى
[2026-08-10 11:29:36] تعذر فتح صفحة المدى: 403 Client Error: Forbidden for url: https://almadapaper.net/
[2026-08-10 11:29:36]   لا يوجد أخبار جديدة من المدى
[2026-08-10 11:29:36] انتهى التشغيل — أخبار جديدة: 9 — إجمالي محفوظ: 150
[2026-08-10 12:10:06] جاري فحص: شفق نيوز
[2026-08-10 12:10:08]   + جديد: بابل.. انتحار شاب داخل "قفص طيور"
[2026-08-10 12:10:10]   + جديد: أحكام بالسجن وطرد من الخدمة بحق منتسبين في قضية اغتصاب موقوف
[2026-08-10 12:10:11]   + جديد: الشرطة العراقي يتهيأ لبطولة الأندية الآسيوية لكرة الصالات
[2026-08-10 12:10:11] جاري فحص: بغداد اليوم
[2026-08-10 12:10:12]   لا يوجد أخبار جديدة من بغداد اليوم
[2026-08-10 12:10:12] جاري فحص: السومرية نيوز
[2026-08-10 12:10:12]   لا يوجد أخبار جديدة من السومرية نيوز
[2026-08-10 12:10:12] جاري فحص: المدى
[2026-08-10 12:10:13] تعذر فتح صفحة المدى: 403 Client Error: Forbidden for url: https://almadapaper.net/
[2026-08-10 12:10:13]   لا يوجد أخبار جديدة من المدى
[2026-08-10 12:10:13] انتهى التشغيل — أخبار جديدة: 3 — إجمالي محفوظ: 150
[2026-08-10 13:53:25] جاري فحص: شفق نيوز
[2026-08-10 13:53:27]   + جديد: خبراء دوليون في بغداد لتتبع الأموال المهربة.. "حيتان فساد" ع
[2026-08-10 13:53:29]   + جديد: ارتفاع أسعار الدولار في بغداد واربيل مع الإغلاق
[2026-08-10 13:53:30]   + جديد: إصابة متظاهرين اثنين باحتجاجات ذي قار على تردي الكهرباء (فيد
[2026-08-10 13:53:32]   + جديد: الزيدي يتلقى دعوة رسمية من نظيرته اليابانية لزيارة طوكيو
[2026-08-10 13:53:34]   + جديد: عبر منح كبيرة.. تنافس كبير بين الجامعات في أربيل لجذب الطلبة
[2026-08-10 13:53:35]   + جديد: بدأ من كولومبيا.. ماذا تعرف عن اليوم العالمي لـ"الكسل"؟
[2026-08-10 13:53:37]   + جديد: الثقافة: تغييرات بحق مديرين مقصرين وإنهاء ازدواج المناصب
[2026-08-10 13:53:37] جاري فحص: بغداد اليوم
[2026-08-10 13:53:37]   لا يوجد أخبار جديدة من بغداد اليوم
[2026-08-10 13:53:37] جاري فحص: السومرية نيوز
[2026-08-10 13:53:38]   لا يوجد أخبار جديدة من السومرية نيوز
[2026-08-10 13:53:38] جاري فحص: المدى
[2026-08-10 13:53:38] تعذر فتح صفحة المدى: 403 Client Error: Forbidden for url: https://almadapaper.net/
[2026-08-10 13:53:38]   لا يوجد أخبار جديدة من المدى
[2026-08-10 13:53:38] انتهى التشغيل — أخبار جديدة: 7 — إجمالي محفوظ: 150
[2026-08-10 14:53:58] جاري فحص: شفق نيوز
[2026-08-10 14:54:01]   + جديد: سعرها 6 ملايين دينار.. "محولة كهربائية" تؤخر افتتاح مستشفى ب
[2026-08-10 14:54:03]   + جديد: الداخلية العراقية تسحب أفراد حماية النواب المدانين بالفساد ا
[2026-08-10 14:54:04]   + جديد: المواطنون عالقون تحت الأنقاض.. زلزال بقوة 7.4 درجة يضرب كولو
[2026-08-10 14:54:06]   + جديد: العبيدي يدعو الى حملة لمعاقبة مسؤولين "غطوا على معلومات" تخص
[2026-08-10 14:54:06] جاري فحص: بغداد اليوم
[2026-08-10 14:54:13]   لا يوجد أخبار جديدة من بغداد اليوم
[2026-08-10 14:54:13] جاري فحص: السومرية نيوز
[2026-08-10 14:54:15]   لا يوجد أخبار جديدة من السومرية نيوز
[2026-08-10 14:54:15] جاري فحص: المدى
[2026-08-10 14:54:15] تعذر فتح صفحة المدى: 403 Client Error: Forbidden for url: https://almadapaper.net/
[2026-08-10 14:54:15]   لا يوجد أخبار جديدة من المدى
[2026-08-10 14:54:15] انتهى التشغيل — أخبار جديدة: 4 — إجمالي محفوظ: 150
[2026-08-10 15:56:38] جاري فحص: شفق نيوز
[2026-08-10 15:56:40]   + جديد: خاص.. تحذير أميركي: رفض الفصائل تسليم السلاح قد يدفع العراق 
[2026-08-10 15:56:41]   + جديد: خامنئي يصدر أوامر جديدة تخص رئاسة الأركان وقادة الحرس الثوري
[2026-08-10 15:56:43]   + جديد: بعد تركيا.. نائبة تكشف عن تحرك عراقي نحو سوريا والأردن لتصدي
[2026-08-10 15:56:44]   + جديد: ارتفاع سعر الغاز الأوروبي 8%
[2026-08-10 15:56:46]   + جديد: انتحار طبيبة أسنان وسط بغداد
[2026-08-10 15:56:46] جاري فحص: بغداد اليوم
[2026-08-10 15:56:46]   لا يوجد أخبار جديدة من بغداد اليوم
[2026-08-10 15:56:46] جاري فحص: السومرية نيوز
[2026-08-10 15:56:47]   لا يوجد أخبار جديدة من السومرية نيوز
[2026-08-10 15:56:47] جاري فحص: المدى
[2026-08-10 15:56:47] تعذر فتح صفحة المدى: 403 Client Error: Forbidden for url: https://almadapaper.net/
[2026-08-10 15:56:47]   لا يوجد أخبار جديدة من المدى
[2026-08-10 15:56:47] انتهى التشغيل — أخبار جديدة: 5 — إجمالي محفوظ: 150
[2026-08-10 16:53:08] جاري فحص: شفق نيوز
[2026-08-10 16:53:11]   + جديد: مخاوف عُمانية من تسرب نفطي يتوسع نحو الساحل
[2026-08-10 16:53:13]   + جديد: "الآبار لا تكفي".. نينوى تضع خطة لإنهاء أزمة المياه في سنجار
[2026-08-10 16:53:14]   + جديد: "شجار وتكسير سيارات".. توتر يرافق عودة 6 عائلات كوردية لرأس 
[2026-08-10 16:53:17]   + جديد: بين "الزينة والادخار".. تذبذب أسعار الذهب تربك خيارات المواط
[2026-08-10 16:53:18]   + جديد: الزيدي يدعو النواب لممارسة دورهم في مكافحة الفساد: لا خطوط ح
[2026-08-10 16:53:18] جاري فحص: بغداد اليوم
[2026-08-10 16:53:26]   لا يوجد أخبار جديدة من بغداد اليوم
[2026-08-10 16:53:26] جاري فحص: السومرية نيوز
[2026-08-10 16:53:28]   لا يوجد أخبار جديدة من السومرية نيوز
[2026-08-10 16:53:28] جاري فحص: المدى
[2026-08-10 16:53:28] تعذر فتح صفحة المدى: 403 Client Error: Forbidden for url: https://almadapaper.net/
[2026-08-10 16:53:28]   لا يوجد أخبار جديدة من المدى
[2026-08-10 16:53:28] انتهى التشغيل — أخبار جديدة: 5 — إجمالي محفوظ: 150
[2026-08-10 17:48:11] جاري فحص: شفق نيوز
[2026-08-10 17:48:15]   + جديد: بغداد وديالى.. اعتقال متهمين بإحراق منزل وابتزاز مواطن بـ75 
[2026-08-10 17:48:17]   + جديد: سوريا.. الحزب الديمقراطي الكوردستاني يدين الاعتداءات على كور
[2026-08-10 17:48:19]   + جديد: ترمب يرد مطالب إيران بشأن خسائر الحرب: عليها دفع تعويضات لضح
[2026-08-10 17:48:21]   + جديد: "الأسباب مجهولة".. رجل يقتل زوجته طعناً في زاخو
[2026-08-10 17:48:21] جاري فحص: بغداد اليوم
[2026-08-10 17:48:22]   لا يوجد أخبار جديدة من بغداد اليوم
[2026-08-10 17:48:22] جاري فحص: السومرية نيوز
[2026-08-10 17:48:22]   لا يوجد أخبار جديدة من السومرية نيوز
[2026-08-10 17:48:22] جاري فحص: المدى
[2026-08-10 17:48:23] تعذر فتح صفحة المدى: 403 Client Error: Forbidden for url: https://almadapaper.net/
[2026-08-10 17:48:23]   لا يوجد أخبار جديدة من المدى
[2026-08-10 17:48:23] انتهى التشغيل — أخبار جديدة: 4 — إجمالي محفوظ: 150
[2026-08-10 18:51:29] جاري فحص: شفق نيوز
[2026-08-10 18:51:31]   + جديد: النفط يقفز 4% مع تراجع آمال فتح مضيق هرمز
[2026-08-10 18:51:33]   + جديد: 700 عام من الألوان.. آخر صبّاغي سنندج يقاوم اندثار حرفة السج
[2026-08-10 18:51:35]   + جديد: عضو بمجلس كركوك: الدستور يحسم "معركة تجميد" مجالس المحافظات
[2026-08-10 18:51:38]   + جديد: زلزال كولومبيا.. مصرع 77 شخصاً ومخاوف من كارثة واسعة النطاق
[2026-08-10 18:51:41]   + جديد: الرباط الصليبي ينهي موسم نجم برشلونة قبل بدايته
[2026-08-10 18:51:41] جاري فحص: بغداد اليوم
[2026-08-10 18:51:42]   لا يوجد أخبار جديدة من بغداد اليوم
[2026-08-10 18:51:42] جاري فحص: السومرية نيوز
[2026-08-10 18:51:42]   لا يوجد أخبار جديدة من السومرية نيوز
[2026-08-10 18:51:42] جاري فحص: المدى
[2026-08-10 18:51:42] تعذر فتح صفحة المدى: 403 Client Error: Forbidden for url: https://almadapaper.net/
[2026-08-10 18:51:42]   لا يوجد أخبار جديدة من المدى
[2026-08-10 18:51:42] انتهى التشغيل — أخبار جديدة: 5 — إجمالي محفوظ: 150
[2026-08-10 19:52:43] جاري فحص: شفق نيوز
[2026-08-10 19:52:45]   + جديد: ترمب: مضيق هرمز مفتوح الآن وأزلنا جميع الألغام
[2026-08-10 19:52:47]   + جديد: ليبيا.. انفجارات وحريق بخزان نفطي في مستودع الزاوية
[2026-08-10 19:52:49]   + جديد: على حدود العراق.. زلزال بقوة 4.7 درجات يضرب غربي إيران
[2026-08-10 19:52:50]   + جديد: 900 مليون شخص طالهم "لهيبه".. تموز الشهر الأكثر حرارة في 202
[2026-08-10 19:52:50] جاري فحص: بغداد اليوم
[2026-08-10 19:52:51]   لا يوجد أخبار جديدة من بغداد اليوم
[2026-08-10 19:52:51] جاري فحص: السومرية نيوز
[2026-08-10 19:52:51]   لا يوجد أخبار جديدة من السومرية نيوز
[2026-08-10 19:52:51] جاري فحص: المدى
[2026-08-10 19:52:52] تعذر فتح صفحة المدى: 403 Client Error: Forbidden for url: https://almadapaper.net/
[2026-08-10 19:52:52]   لا يوجد أخبار جديدة من المدى
[2026-08-10 19:52:52] انتهى التشغيل — أخبار جديدة: 4 — إجمالي محفوظ: 150
[2026-08-10 20:37:03] جاري فحص: شفق نيوز
[2026-08-10 20:37:05]   + جديد: الخارجية الأميركية: إدارة ترمب ألغت أكثر من 175 ألف تأشيرة
[2026-08-10 20:37:07]   + جديد: النزيف السياسي
[2026-08-10 20:37:08]   + جديد: انتخاب قاضية عراقية لمنصب رئيسة شبكة القاضيات العربيات
[2026-08-10 20:37:08] جاري فحص: بغداد اليوم
[2026-08-10 20:37:09]   لا يوجد أخبار جديدة من بغداد اليوم
[2026-08-10 20:37:09] جاري فحص: السومرية نيوز
[2026-08-10 20:37:10]   لا يوجد أخبار جديدة من السومرية نيوز
[2026-08-10 20:37:10] جاري فحص: المدى
[2026-08-10 20:37:10] تعذر فتح صفحة المدى: 403 Client Error: Forbidden for url: https://almadapaper.net/
[2026-08-10 20:37:10]   لا يوجد أخبار جديدة من المدى
[2026-08-10 20:37:10] انتهى التشغيل — أخبار جديدة: 3 — إجمالي محفوظ: 150
[2026-08-10 21:36:56] جاري فحص: شفق نيوز
[2026-08-10 21:36:58]   + جديد: النزاهة تعتقل موظفة مطلوبة في بلدية الناصرية اختبأت في مرقد 
[2026-08-10 21:37:00]   + جديد: خاص.. قاآني في بغداد لبحث سلاح الفصائل ومسار تصدير النفط عبر
[2026-08-10 21:37:01]   + جديد: الأمن الداخلي السوري يفرض حظراً للتجوال في كوباني
[2026-08-10 21:37:03]   + جديد: "حلقة زائدة".. هل اقتربت نهاية مجالس المحافظات في العراق؟
[2026-08-10 21:37:04]   + جديد: سوريا.. تعليق مؤقت لإعادة نازحي سري كانيه إلى مناطقهم لضمان 
[2026-08-10 21:37:06]   + جديد: تمهيداً لدمجهم بالمجتمع.. تركيا تقر قانوناً لحل حزب العمال ا
[2026-08-10 21:37:06] جاري فحص: بغداد اليوم
[2026-08-10 21:37:06]   لا يوجد أخبار جديدة من بغداد اليوم
[2026-08-10 21:37:06] جاري فحص: السومرية نيوز
[2026-08-10 21:37:08]   لا يوجد أخبار جديدة من السومرية نيوز
[2026-08-10 21:37:08] جاري فحص: المدى
[2026-08-10 21:37:08] تعذر فتح صفحة المدى: 403 Client Error: Forbidden for url: https://almadapaper.net/
[2026-08-10 21:37:08]   لا يوجد أخبار جديدة من المدى
[2026-08-10 21:37:08] انتهى التشغيل — أخبار جديدة: 6 — إجمالي محفوظ: 150
[2026-08-10 22:32:46] جاري فحص: شفق نيوز
[2026-08-10 22:32:47]   لا يوجد أخبار جديدة من شفق نيوز
[2026-08-10 22:32:47] جاري فحص: بغداد اليوم
[2026-08-10 22:32:48]   لا يوجد أخبار جديدة من بغداد اليوم
[2026-08-10 22:32:48] جاري فحص: السومرية نيوز
[2026-08-10 22:32:48]   لا يوجد أخبار جديدة من السومرية نيوز
[2026-08-10 22:32:48] جاري فحص: المدى
[2026-08-10 22:32:48] تعذر فتح صفحة المدى: 403 Client Error: Forbidden for url: https://almadapaper.net/
[2026-08-10 22:32:48]   لا يوجد أخبار جديدة من المدى
[2026-08-10 22:32:48] انتهى التشغيل — أخبار جديدة: 0 — إجمالي محفوظ: 150
[2026-08-10 23:30:58] جاري فحص: شفق نيوز
[2026-08-10 23:30:59]   لا يوجد أخبار جديدة من شفق نيوز
[2026-08-10 23:30:59] جاري فحص: بغداد اليوم
[2026-08-10 23:31:00]   لا يوجد أخبار جديدة من بغداد اليوم
[2026-08-10 23:31:00] جاري فحص: السومرية نيوز
[2026-08-10 23:31:02]   لا يوجد أخبار جديدة من السومرية نيوز
[2026-08-10 23:31:02] جاري فحص: المدى
[2026-08-10 23:31:02] تعذر فتح صفحة المدى: 403 Client Error: Forbidden for url: https://almadapaper.net/
[2026-08-10 23:31:02]   لا يوجد أخبار جديدة من المدى
[2026-08-10 23:31:02] انتهى التشغيل — أخبار جديدة: 0 — إجمالي محفوظ: 150
[2026-08-11 01:20:20] جاري فحص: شفق نيوز
[2026-08-11 01:20:21]   لا يوجد أخبار جديدة من شفق نيوز
[2026-08-11 01:20:21] جاري فحص: بغداد اليوم
[2026-08-11 01:20:25]   لا يوجد أخبار جديدة من بغداد اليوم
[2026-08-11 01:20:25] جاري فحص: السومرية نيوز
[2026-08-11 01:20:25]   لا يوجد أخبار جديدة من السومرية نيوز
[2026-08-11 01:20:25] جاري فحص: المدى
[2026-08-11 01:20:25] تعذر فتح صفحة المدى: 403 Client Error: Forbidden for url: https://almadapaper.net/
[2026-08-11 01:20:25]   لا يوجد أخبار جديدة من المدى
[2026-08-11 01:20:25] انتهى التشغيل — أخبار جديدة: 0 — إجمالي محفوظ: 150
[2026-08-11 03:16:49] جاري فحص: شفق نيوز
[2026-08-11 03:16:50]   لا يوجد أخبار جديدة من شفق نيوز
[2026-08-11 03:16:50] جاري فحص: بغداد اليوم
[2026-08-11 03:16:53]   لا يوجد أخبار جديدة من بغداد اليوم
[2026-08-11 03:16:53] جاري فحص: السومرية نيوز
[2026-08-11 03:16:53]   لا يوجد أخبار جديدة من السومرية نيوز
[2026-08-11 03:16:53] جاري فحص: المدى
[2026-08-11 03:16:53] تعذر فتح صفحة المدى: 403 Client Error: Forbidden for url: https://almadapaper.net/
[2026-08-11 03:16:53]   لا يوجد أخبار جديدة من المدى
[2026-08-11 03:16:53] انتهى التشغيل — أخبار جديدة: 0 — إجمالي محفوظ: 150
[2026-08-11 04:47:47] جاري فحص: شفق نيوز
[2026-08-11 04:47:50]   + جديد: الذهب يرتفع إلى أعلى مستوى في أكثر من شهرين
[2026-08-11 04:47:51]   + جديد: النفط يرتفع إلى 88 دولاراً مع تعثر مفاوضات أميركا وإيران بشأ
[2026-08-11 04:47:51] جاري فحص: بغداد اليوم
[2026-08-11 04:47:52]   لا يوجد أخبار جديدة من بغداد اليوم
[2026-08-11 04:47:52] جاري فحص: السومرية نيوز
[2026-08-11 04:47:53]   لا يوجد أخبار جديدة من السومرية نيوز
[2026-08-11 04:47:53] جاري فحص: المدى
[2026-08-11 04:47:53] تعذر فتح صفحة المدى: 403 Client Error: Forbidden for url: https://almadapaper.net/
[2026-08-11 04:47:53]   لا يوجد أخبار جديدة من المدى
[2026-08-11 04:47:53] انتهى التشغيل — أخبار جديدة: 2 — إجمالي محفوظ: 150
[2026-08-11 05:50:33] جاري فحص: شفق نيوز
[2026-08-11 05:50:35]   + جديد: الثانية خلال ساعات.. انتحار فتاة جنوبي بغداد
[2026-08-11 05:50:37]   + جديد: العراق يقود ارتفاع إنتاج أوبك في تموز
[2026-08-11 05:50:38]   + جديد: سوريا.. الأمن يعلن انتهاء عملياته في كوباني ورفع حظر التجوال
[2026-08-11 05:50:38] جاري فحص: بغداد اليوم
[2026-08-11 05:50:39]   لا يوجد أخبار جديدة من بغداد اليوم
[2026-08-11 05:50:39] جاري فحص: السومرية نيوز
[2026-08-11 05:50:39]   لا يوجد أخبار جديدة من السومرية نيوز
[2026-08-11 05:50:39] جاري فحص: المدى
[2026-08-11 05:50:39] تعذر فتح صفحة المدى: 403 Client Error: Forbidden for url: https://almadapaper.net/
[2026-08-11 05:50:39]   لا يوجد أخبار جديدة من المدى
[2026-08-11 05:50:39] انتهى التشغيل — أخبار جديدة: 3 — إجمالي محفوظ: 150
[2026-08-11 06:59:28] جاري فحص: شفق نيوز
[2026-08-11 06:59:30]   + جديد: ارتفاع أسعار خام البصرة الثقيل والمتوسط بعد صعود النفط عالمي
[2026-08-11 06:59:32]   + جديد: الدوري يقترب.. ميمي في الشرطة ومارادونا في نوروز
[2026-08-11 06:59:33]   + جديد: "3 استراتيجيات للتعامل مع طهران".. ترمب: إيران لا تستطيع دفع
[2026-08-11 06:59:35]   + جديد: تقييم عسكري أميركي يحذر ترمب: فتح هرمز بالقوة يقود إلى حرب ا
[2026-08-11 06:59:35] جاري فحص: بغداد اليوم
[2026-08-11 06:59:36]   لا يوجد أخبار جديدة من بغداد اليوم
[2026-08-11 06:59:36] جاري فحص: السومرية نيوز
[2026-08-11 06:59:36]   لا يوجد أخبار جديدة من السومرية نيوز
[2026-08-11 06:59:36] جاري فحص: المدى
[2026-08-11 06:59:36] تعذر فتح صفحة المدى: 403 Client Error: Forbidden for url: https://almadapaper.net/
[2026-08-11 06:59:36]   لا يوجد أخبار جديدة من المدى
[2026-08-11 06:59:36] انتهى التشغيل — أخبار جديدة: 4 — إجمالي محفوظ: 150
[2026-08-11 08:12:49] جاري فحص: شفق نيوز
[2026-08-11 08:12:51]   + جديد: خاص.. الحكومة العراقية ترسم خريطة إنقاذ "الرواتب" وبديل هرمز
[2026-08-11 08:12:52]   + جديد: النزاهة تُحبط الاستيلاء على 40 دونماً من أراضي الدولة بالأنب
[2026-08-11 08:12:54]   + جديد: يتجاوز 153 ألفاً.. ارتفاع جديد بأسعار الدولار في بغداد وأربي
[2026-08-11 08:12:55]   + جديد: ريبر أحمد: بغداد لا تستطيع حمايتنا ونتواصل معهم لتزويدنا بمن
[2026-08-11 08:12:57]   + جديد: لليوم الثاني.. روائح كريهة وتلوث يثقل أجواء بغداد
[2026-08-11 08:12:58]   + جديد: داخلية الاقليم: حسم الخلاف مع بغداد حول "أسيكودا" وتطبيقه سي
[2026-08-11 08:13:00]   + جديد: كركوك.. إصابة 3 جنود بينهم ضابط بانفجار عبوة ناسفة في داقوق
[2026-08-11 08:13:02]   + جديد: حين تخاف السلطة من الأرقام : البنتاغون .. السر الخفي للحرب ا
[2026-08-11 08:13:03]   + جديد: حل مجالس المحافظات في العراق.. هل يعالج الفساد أم يغيّر عنوا
[2026-08-11 08:13:05]   + جديد: العثور على جثمان شاب سوري غرق في الفرات غربي العراق
[2026-08-11 08:13:05] جاري فحص: بغداد اليوم
[2026-08-11 08:13:05]   لا يوجد أخبار جديدة من بغداد اليوم
[2026-08-11 08:13:05] جاري فحص: السومرية نيوز
[2026-08-11 08:13:06]   لا يوجد أخبار جديدة من السومرية نيوز
[2026-08-11 08:13:06] جاري فحص: المدى
[2026-08-11 08:13:06] تعذر فتح صفحة المدى: 403 Client Error: Forbidden for url: https://almadapaper.net/
[2026-08-11 08:13:06]   لا يوجد أخبار جديدة من المدى
[2026-08-11 08:13:06] انتهى التشغيل — أخبار جديدة: 10 — إجمالي محفوظ: 150
[2026-08-11 09:30:00] جاري فحص: شفق نيوز
[2026-08-11 09:30:03]   + جديد: حادث داخل مقر أمني.. منتسب بالحشد الشعبي يقتل 3 من زملائه في
[2026-08-11 09:30:05]   + جديد: بصفر برميل.. العراق خارج قائمة أكبر موردي النفط الخام إلى أم
[2026-08-11 09:30:07]   + جديد: تناهز 120 ألفاً.. كوردستان تُغلق باب التسجيل على قرعة الحج ل
[2026-08-11 09:30:09]   + جديد: عملية أمنية في منطقة "خاصة بفصائل مسلحة" جنوبي بغداد.. اعتقا
[2026-08-11 09:30:10]   + جديد: وفاة الفنان التشكيلي والنحات العراقي سعد نايف
[2026-08-11 09:30:12]   + جديد: أراوخو إلى ليفربول بنظام الإعارة
[2026-08-11 09:30:14]   + جديد: الذهب يرتفع في بغداد ويستقر بأربيل بالتزامن مع صعود الدولار
[2026-08-11 09:30:16]   + جديد: حصري.. قاآني يرسم خطاً أحمر في بغداد: لا حصر لسلاح الفصائل و
[2026-08-11 09:30:17]   + جديد: القضاء العراقي.. الإعدام لـ3 تجار مخدرات ضُبط بحوزتهم 140 كغ
[2026-08-11 09:30:19]   + جديد: القضاء السوري يحكم بإعدام بشار وماهر الأسد وملاحقتهما دوليا
[2026-08-11 09:30:21]   + جديد: الكونغو.. وفاة أكثر من 2000 شخص جراء تفشي "إيبولا"
[2026-08-11 09:30:23]   + جديد: مصرع عامل مصري وفرق الإطفاء تكافح حريقاً في حادثين منفصلين ب
[2026-08-11 09:30:23] جاري فحص: بغداد اليوم
[2026-08-11 09:30:24]   لا يوجد أخبار جديدة من بغداد اليوم
[2026-08-11 09:30:24] جاري فحص: السومرية نيوز
[2026-08-11 09:30:25]   لا يوجد أخبار جديدة من السومرية نيوز
[2026-08-11 09:30:25] جاري فحص: المدى
[2026-08-11 09:30:25] تعذر فتح صفحة المدى: 403 Client Error: Forbidden for url: https://almadapaper.net/
[2026-08-11 09:30:25]   لا يوجد أخبار جديدة من المدى
[2026-08-11 09:30:25] انتهى التشغيل — أخبار جديدة: 12 — إجمالي محفوظ: 150
[2026-08-11 10:26:26] جاري فحص: شفق نيوز
[2026-08-11 10:26:29]   + جديد: النجف تستنفر لإحياء ذكرى وفاة الرسول.. قرابة 1000 موكب وخطة 
[2026-08-11 10:26:31]   + جديد: نينوى.. مقتل شاب عشريني بإطلاق نار داخل منزله واعتقال المتهم
[2026-08-11 10:26:33]   + جديد: واشنطن بوست تكشف كواليس المغادرة السرية لترمب من تركيا بعد ت
[2026-08-11 10:26:35]   + جديد: بدعم سعودي.. المنافذ العراقية تناقش مع وفد تركي رفع الترانزي
[2026-08-11 10:26:37]   + جديد: بمشاركة 62 لاعباً.. انطلاق البطولة الدولية للشطرنج في أربيل 
[2026-08-11 10:26:39]   + جديد: هرمز يسجل تراجع الملاحة إلى 6 سفن وسط تعثر مساعي الاتفاق
[2026-08-11 10:26:39] جاري فحص: بغداد اليوم
[2026-08-11 10:26:39]   لا يوجد أخبار جديدة من بغداد اليوم
[2026-08-11 10:26:39] جاري فحص: السومرية نيوز
[2026-08-11 10:26:40]   لا يوجد أخبار جديدة من السومرية نيوز
[2026-08-11 10:26:40] جاري فحص: المدى
[2026-08-11 10:26:40] تعذر فتح صفحة المدى: 403 Client Error: Forbidden for url: https://almadapaper.net/
[2026-08-11 10:26:40]   لا يوجد أخبار جديدة من المدى
[2026-08-11 10:26:40] انتهى التشغيل — أخبار جديدة: 6 — إجمالي محفوظ: 150
[2026-08-11 11:17:04] جاري فحص: شفق نيوز
[2026-08-11 11:17:06]   + جديد: إصابة عنصرين بقصف صاروخي استهدف مقرات حزب كوردي معارض شمال أ
[2026-08-11 11:17:08]   + جديد: تراجع بنسبة 28.6%.. مبيعات السيارات في العراق تهوي خلال النص
[2026-08-11 11:17:09]   + جديد: العراق يسجل منطقتين ضمن قائمة الأشد حرارة عالمياً خلال آخر 2
[2026-08-11 11:17:11]   + جديد: بابل تقاضي عدنان الجنابي بسبب تصريحاته عن جرف الصخر (وثيقة)
[2026-08-11 11:17:11] جاري فحص: بغداد اليوم
[2026-08-11 11:17:12]   لا يوجد أخبار جديدة من بغداد اليوم
[2026-08-11 11:17:12] جاري فحص: السومرية نيوز
[2026-08-11 11:17:12]   لا يوجد أخبار جديدة من السومرية نيوز
[2026-08-11 11:17:12] جاري فحص: المدى
[2026-08-11 11:17:13] تعذر فتح صفحة المدى: 403 Client Error: Forbidden for url: https://almadapaper.net/
[2026-08-11 11:17:13]   لا يوجد أخبار جديدة من المدى
[2026-08-11 11:17:13] انتهى التشغيل — أخبار جديدة: 4 — إجمالي محفوظ: 150
[2026-08-11 12:07:19] جاري فحص: شفق نيوز
[2026-08-11 12:07:21]   + جديد: اتفاق برلماني على منح الراتب الاسمي كاملاً للإجازات طويلة ال
[2026-08-11 12:07:23]   + جديد: خطط لرفع الإنتاج إلى 300 مليون قدم.. النفط العراقية تبحث الا
[2026-08-11 12:07:25]   + جديد: خاص.. الزيدي يدرس تغييرات واسعة في قيادات الحشد الشعبي
[2026-08-11 12:07:27]   + جديد: التعليم تعلن تخفيض أجور الموازي للرعاية الاجتماعية والمتميزي
[2026-08-11 12:07:27] جاري فحص: بغداد اليوم
[2026-08-11 12:07:28]   لا يوجد أخبار جديدة من بغداد اليوم
[2026-08-11 12:07:28] جاري فحص: السومرية نيوز
[2026-08-11 12:07:28]   لا يوجد أخبار جديدة من السومرية نيوز
[2026-08-11 12:07:28] جاري فحص: المدى
[2026-08-11 12:07:28] تعذر فتح صفحة المدى: 403 Client Error: Forbidden for url: https://almadapaper.net/
[2026-08-11 12:07:28]   لا يوجد أخبار جديدة من المدى
[2026-08-11 12:07:28] انتهى التشغيل — أخبار جديدة: 4 — إجمالي محفوظ: 150
[2026-08-11 13:52:21] جاري فحص: شفق نيوز
[2026-08-11 13:52:23]   + جديد: بتهمة الإضرار بالمال العام.. أمر قبض قضائي بحق النائب السابق
[2026-08-11 13:52:25]   + جديد: فوق 154 ألفاً.. الدولار يغلق مرتفعاً في بغداد وأربيل
[2026-08-11 13:52:27]   + جديد: رغم وجود ضوء أخضر أميركي - إيراني.. برلمانية تكشف رفض "النفط
[2026-08-11 13:52:29]   + جديد: رغم زيادة الكتلة النقدية بـ10%.. تحذير من "ركود واكتناز" يهد
[2026-08-11 13:52:31]   + جديد: "لا إنصاف في توزيع الرواتب".. مقترح برلماني لحل الأزمة
[2026-08-11 13:52:33]   + جديد: غرق صبي والكهرباء تنهي حياة عامل بناء في محافظتين
[2026-08-11 13:52:35]   + جديد: الاعتقالات تتسع في بلدية الناصرية.. 4 موظفين مطلوبين للنزاهة
[2026-08-11 13:52:37]   + جديد: نينوى.. ممر للشاحنات و"سونار" ثانٍ لفك اختناق مداخل الموصل
[2026-08-11 13:52:39]   + جديد: هل قوضت الغارات السعودية على العراق مسار "نزع السلاح"؟
[2026-08-11 13:52:39] جاري فحص: بغداد اليوم
[2026-08-11 13:52:49]   لا يوجد أخبار جديدة من بغداد اليوم
[2026-08-11 13:52:49] جاري فحص: السومرية نيوز
[2026-08-11 13:52:50]   لا يوجد أخبار جديدة من السومرية نيوز
[2026-08-11 13:52:50] جاري فحص: المدى
[2026-08-11 13:52:50] تعذر فتح صفحة المدى: 403 Client Error: Forbidden for url: https://almadapaper.net/
[2026-08-11 13:52:50]   لا يوجد أخبار جديدة من المدى
[2026-08-11 13:52:50] انتهى التشغيل — أخبار جديدة: 9 — إجمالي محفوظ: 150
[2026-08-11 14:53:48] جاري فحص: شفق نيوز
[2026-08-11 14:53:53]   + جديد: الزيدي: مهتمون بجذب الاستثمارات الكورية إلى العراق
[2026-08-11 14:53:55]   + جديد: "إيكو عراق" يحذر من قانون الإجازات الطويلة: يحول الوظيفة إلى
[2026-08-11 14:53:57]   + جديد: بعد ساعات من لقائهم قاآني.. "اجتماع خاص" بين الزيدي وقادة في
[2026-08-11 14:53:59]   + جديد: أربيل تقيم معرضاً لشركات المنتجات الصحية والطبية (صور)
[2026-08-11 14:54:00]   + جديد: السليمانية.. مؤسسة روانگه تحتفي بإطلاق كتاب "النقد الثقافي" 
[2026-08-11 14:54:00] جاري فحص: بغداد اليوم
[2026-08-11 14:54:01]   لا يوجد أخبار جديدة من بغداد اليوم
[2026-08-11 14:54:01] جاري فحص: السومرية نيوز
[2026-08-11 14:54:02]   لا يوجد أخبار جديدة من السومرية نيوز
[2026-08-11 14:54:02] جاري فحص: المدى
[2026-08-11 14:54:02] تعذر فتح صفحة المدى: 403 Client Error: Forbidden for url: https://almadapaper.net/
[2026-08-11 14:54:02]   لا يوجد أخبار جديدة من المدى
[2026-08-11 14:54:02] انتهى التشغيل — أخبار جديدة: 5 — إجمالي محفوظ: 150
[2026-08-11 15:57:02] جاري فحص: شفق نيوز
[2026-08-11 15:57:04]   + جديد: "راتب كامل بلا دوام".. تعديل نيابي يشعل جدلاً بشأن إجازات ال
[2026-08-11 15:57:05]   + جديد: وزارة الشباب والرياضة ترفض تفريغ الحكام "الموظفين" للمشاركة 
[2026-08-11 15:57:07]   + جديد: نتنياهو: الجولان أرضنا وستظل دائماً لإسرائيل
[2026-08-11 15:57:08]   + جديد: رئيس "الموساد" الأسبق: عملاؤنا دخلوا منشأة فوردو الإيرانية م
[2026-08-11 15:57:08] جاري فحص: بغداد اليوم
[2026-08-11 15:57:09]   لا يوجد أخبار جديدة من بغداد اليوم
[2026-08-11 15:57:09] جاري فحص: السومرية نيوز
[2026-08-11 15:57:09]   لا يوجد أخبار جديدة من السومرية نيوز
[2026-08-11 15:57:09] جاري فحص: المدى
[2026-08-11 15:57:09] تعذر فتح صفحة المدى: 403 Client Error: Forbidden for url: https://almadapaper.net/
[2026-08-11 15:57:09]   لا يوجد أخبار جديدة من المدى
[2026-08-11 15:57:09] انتهى التشغيل — أخبار جديدة: 4 — إجمالي محفوظ: 150
[2026-08-11 16:57:54] جاري فحص: شفق نيوز
[2026-08-11 16:57:57]   + جديد: حصري.. إدارة ترمب توجه رسالة لبغداد بشأن سلاح الفصائل عقب زي
[2026-08-11 16:57:59]   + جديد: وزير الطاقة الأميركي: 20 مليون برميل نفط غادرت الخليج في يوم
[2026-08-11 16:58:01]   + جديد: بمشاركة البيشمركة.. العراق والأردن وسوريا يبحثون أمن الحدود 
[2026-08-11 16:58:03]   + جديد: رضائي: فتح هرمز مرهون بقبول الشروط الإيرانية وإنهاء الحرب
[2026-08-11 16:58:05]   + جديد: كركوك.. مصرع طفل ووفاة عروس وإصابة 5 أشخاص
[2026-08-11 16:58:06]   + جديد: كولومبيا.. حصيلة ضحايا الزلزال ترتفع إلى 224 قتيلاً
[2026-08-11 16:58:06] جاري فحص: بغداد اليوم
[2026-08-11 16:58:07]   لا يوجد أخبار جديدة من بغداد اليوم
[2026-08-11 16:58:07] جاري فحص: السومرية نيوز
[2026-08-11 16:58:08]   لا يوجد أخبار جديدة من السومرية نيوز
[2026-08-11 16:58:08] جاري فحص: المدى
[2026-08-11 16:58:08] تعذر فتح صفحة المدى: 403 Client Error: Forbidden for url: https://almadapaper.net/
[2026-08-11 16:58:08]   لا يوجد أخبار جديدة من المدى
[2026-08-11 16:58:08] انتهى التشغيل — أخبار جديدة: 6 — إجمالي محفوظ: 150
[2026-08-11 17:59:08] جاري فحص: شفق نيوز
[2026-08-11 17:59:13]   + جديد: طقس بغداد.. أجواء لاهبة حتى الخميس والرياح ترفع الملوثات في 
[2026-08-11 17:59:15]   + جديد: "32% لكل مكون".. مطالبة نيابية بإعادة توزيع حصص كركوك في الد
[2026-08-11 17:59:17]   + جديد: هجوم يستهدف عناصر "قسد" المدمجين في الجيش السوري يخلف قتلى و
[2026-08-11 17:59:19]   + جديد: العراق يدين اعتراف كولومبيا بسيادة إسرائيل على الجولان: متضا
[2026-08-11 17:59:21]   + جديد: أب يقتل ابنه إثر مشاجرة في بغداد
[2026-08-11 17:59:23]   + جديد: بمشاركة الثلاثي العراقي.. باختاكور الأوزبكي يتأهل لدوري أبطا
[2026-08-11 17:59:24]   + جديد: في مقدمتها الكهرباء.. العراق يبحث مع البنك الدولي تمويل مشار
[2026-08-11 17:59:26]   + جديد: 16 قتيلاً وجريحاً بهجوم على سفينة تجارية في باب المندب
[2026-08-11 17:59:26] جاري فحص: بغداد اليوم
[2026-08-11 17:59:27]   لا يوجد أخبار جديدة من بغداد اليوم
[2026-08-11 17:59:27] جاري فحص: السومرية نيوز
[2026-08-11 17:59:28]   لا يوجد أخبار جديدة من السومرية نيوز
[2026-08-11 17:59:28] جاري فحص: المدى
[2026-08-11 17:59:28] تعذر فتح صفحة المدى: 403 Client Error: Forbidden for url: https://almadapaper.net/
[2026-08-11 17:59:28]   لا يوجد أخبار جديدة من المدى
[2026-08-11 17:59:28] انتهى التشغيل — أخبار جديدة: 8 — إجمالي محفوظ: 150
[2026-08-11 19:10:50] جاري فحص: شفق نيوز
[2026-08-11 19:10:53]   + جديد: "المحتوى الهابط".. الحبس سنة لـ"جكسارة" وأمر قبض بحق ملاك ال
[2026-08-11 19:10:55]   + جديد: أعدادهن بالمئات.. فتيات يلجأن للعمل "كابتن تكسي" بحثاً عن ال
[2026-08-11 19:10:57]   + جديد: عراقجي وطالباني يؤكدان تعزيز التعاون الاقتصادي والأمني ومواج
[2026-08-11 19:10:58]   + جديد: الزيدي يجري تغييرات لقيادات أمنية وعسكرية "عليا" في ديالى
[2026-08-11 19:11:01]   + جديد: 25 شركة تغلق يومياً.. الرسوم تهدد قطاع التوصيل العراقي بالان
[2026-08-11 19:11:02]   + جديد: اكتشاف أسماك بلا عيون تحت رمال الأنبار
[2026-08-11 19:11:04]   + جديد: الزيدي: السلاح المنفلت هو أخطر ما يهدد الدولة العراقية
[2026-08-11 19:11:04] جاري فحص: بغداد اليوم
[2026-08-11 19:11:05]   لا يوجد أخبار جديدة من بغداد اليوم
[2026-08-11 19:11:05] جاري فحص: السومرية نيوز
[2026-08-11 19:11:06]   لا يوجد أخبار جديدة من السومرية نيوز
[2026-08-11 19:11:06] جاري فحص: المدى
[2026-08-11 19:11:06] تعذر فتح صفحة المدى: 403 Client Error: Forbidden for url: https://almadapaper.net/
[2026-08-11 19:11:06]   لا يوجد أخبار جديدة من المدى
[2026-08-11 19:11:06] انتهى التشغيل — أخبار جديدة: 7 — إجمالي محفوظ: 150
[2026-08-11 20:08:52] جاري فحص: شفق نيوز
[2026-08-11 20:08:55]   + جديد: كرمانشاه تفقد بريقها الأدبي.. إرث ثقافي عريق يواجه شبح الركو
[2026-08-11 20:08:56]   + جديد: بيئة الأنبار تحسم جدل "الكهف الجديد": الأسماك العمياء موجودة
[2026-08-11 20:08:58]   + جديد: قيادة عمليات بغداد تعلن حصيلة ممارساتها وتؤشر انخفاضاً للجري
[2026-08-11 20:09:00]   + جديد: بقوة 7.9 درجات.. الهولندي هوغربيتس يحذر من زلزال مدمر
[2026-08-11 20:09:02]   + جديد: الحوثيون يعلنون قتل وإصابة عشرات العسكريين السعوديين بقصف صا
[2026-08-11 20:09:04]   + جديد: واشنطن تعلن تفاصيل استهداف سفينة بصواريخ "هيلفاير" وحصيلة حص
[2026-08-11 20:09:06]   + جديد: التعليم العالي تحذر من حجز مقاعد جامعية خارج القبول المركزي
[2026-08-11 20:09:06] جاري فحص: بغداد اليوم
[2026-08-11 20:09:08]   لا يوجد أخبار جديدة من بغداد اليوم
[2026-08-11 20:09:08] جاري فحص: السومرية نيوز
[2026-08-11 20:09:09]   لا يوجد أخبار جديدة من السومرية نيوز
[2026-08-11 20:09:09] جاري فحص: المدى
[2026-08-11 20:09:09] تعذر فتح صفحة المدى: 403 Client Error: Forbidden for url: https://almadapaper.net/
[2026-08-11 20:09:09]   لا يوجد أخبار جديدة من المدى
[2026-08-11 20:09:09] انتهى التشغيل — أخبار جديدة: 7 — إجمالي محفوظ: 150
[2026-08-11 21:13:31] جاري فحص: شفق نيوز
[2026-08-11 21:13:34]   + جديد: العراق.. "جمهورية النسخ واللصق" تستنزف الصحافة والإبداع والا
[2026-08-11 21:13:35]   + جديد: الثالثة خلال 24 ساعة.. انتحار فتاة شنقاً داخل منزلها في بغدا
[2026-08-11 21:13:37]   + جديد: العراق.. انخفاض متوقع بدرجات الحرارة بعد منتصف آب
[2026-08-11 21:13:38]   + جديد: هيئة البث الإسرائيلية: اتفاق غزة يتضمن سداد 400 مليون دولار 
[2026-08-11 21:13:40]   + جديد: سرّ اللون الأحمر.. ماذا يحدث لمياه بحيرة أورمية؟
[2026-08-11 21:13:40] جاري فحص: بغداد اليوم
[2026-08-11 21:13:40]   لا يوجد أخبار جديدة من بغداد اليوم
[2026-08-11 21:13:40] جاري فحص: السومرية نيوز
[2026-08-11 21:13:41]   لا يوجد أخبار جديدة من السومرية نيوز
[2026-08-11 21:13:41] جاري فحص: المدى
[2026-08-11 21:13:41] تعذر فتح صفحة المدى: 403 Client Error: Forbidden for url: https://almadapaper.net/
[2026-08-11 21:13:41]   لا يوجد أخبار جديدة من المدى
[2026-08-11 21:13:41] انتهى التشغيل — أخبار جديدة: 5 — إجمالي محفوظ: 150
[2026-08-11 22:10:20] جاري فحص: شفق نيوز
[2026-08-11 22:10:22]   + جديد: العراق على مفترق الطرق.. اكتمال السيادة يصطدم بسلاح منفلت
[2026-08-11 22:10:23]   + جديد: الأولمبية العراقية تُجرد خالد كبيان من مناصبه بعد الحكم القض
[2026-08-11 22:10:23] جاري فحص: بغداد اليوم
[2026-08-11 22:10:24]   لا يوجد أخبار جديدة من بغداد اليوم
[2026-08-11 22:10:24] جاري فحص: السومرية نيوز
[2026-08-11 22:10:25]   لا يوجد أخبار جديدة من السومرية نيوز
[2026-08-11 22:10:25] جاري فحص: المدى
[2026-08-11 22:10:25] تعذر فتح صفحة المدى: 403 Client Error: Forbidden for url: https://almadapaper.net/
[2026-08-11 22:10:25]   لا يوجد أخبار جديدة من المدى
[2026-08-11 22:10:25] انتهى التشغيل — أخبار جديدة: 2 — إجمالي محفوظ: 150
[2026-08-11 23:10:44] جاري فحص: شفق نيوز
[2026-08-11 23:10:46]   + جديد: 139 أولوية و13 تشريعاً.. حكومة الزيدي تقر برنامجها وتدفع نحو
[2026-08-11 23:10:48]   + جديد: دوي انفجار وحريق كبير بعد انقلاب صهريج محمّل بالبنزين في أرب
[2026-08-11 23:10:48] جاري فحص: بغداد اليوم
[2026-08-11 23:10:48]   لا يوجد أخبار جديدة من بغداد اليوم
[2026-08-11 23:10:48] جاري فحص: السومرية نيوز
[2026-08-11 23:10:50]   لا يوجد أخبار جديدة من السومرية نيوز
[2026-08-11 23:10:50] جاري فحص: المدى
[2026-08-11 23:10:50] تعذر فتح صفحة المدى: 403 Client Error: Forbidden for url: https://almadapaper.net/
[2026-08-11 23:10:50]   لا يوجد أخبار جديدة من المدى
[2026-08-11 23:10:50] انتهى التشغيل — أخبار جديدة: 2 — إجمالي محفوظ: 150
[2026-08-12 00:06:22] جاري فحص: شفق نيوز
[2026-08-12 00:06:23]   لا يوجد أخبار جديدة من شفق نيوز
[2026-08-12 00:06:23] جاري فحص: بغداد اليوم
[2026-08-12 00:06:23]   لا يوجد أخبار جديدة من بغداد اليوم
[2026-08-12 00:06:23] جاري فحص: السومرية نيوز
[2026-08-12 00:06:25]   لا يوجد أخبار جديدة من السومرية نيوز
[2026-08-12 00:06:25] جاري فحص: المدى
[2026-08-12 00:06:25] تعذر فتح صفحة المدى: 403 Client Error: Forbidden for url: https://almadapaper.net/
[2026-08-12 00:06:25]   لا يوجد أخبار جديدة من المدى
[2026-08-12 00:06:25] انتهى التشغيل — أخبار جديدة: 0 — إجمالي محفوظ: 150
[2026-08-12 03:03:24] جاري فحص: شفق نيوز
[2026-08-12 03:03:25]   لا يوجد أخبار جديدة من شفق نيوز
[2026-08-12 03:03:25] جاري فحص: بغداد اليوم
[2026-08-12 03:03:25]   لا يوجد أخبار جديدة من بغداد اليوم
[2026-08-12 03:03:25] جاري فحص: السومرية نيوز
[2026-08-12 03:03:26]   لا يوجد أخبار جديدة من السومرية نيوز
[2026-08-12 03:03:26] جاري فحص: المدى
[2026-08-12 03:03:26] تعذر فتح صفحة المدى: 403 Client Error: Forbidden for url: https://almadapaper.net/
[2026-08-12 03:03:26]   لا يوجد أخبار جديدة من المدى
[2026-08-12 03:03:26] انتهى التشغيل — أخبار جديدة: 0 — إجمالي محفوظ: 150
[2026-08-12 05:13:00] جاري فحص: شفق نيوز
[2026-08-12 05:13:02]   + جديد: الذهب يواصل الصعود وسط مخاوف الإمدادات وترقب بيانات التضخم ا
[2026-08-12 05:13:04]   + جديد: النفط تردُّ على تصريحات الياسري وتنفي امتلاك "النقل البحري" 
[2026-08-12 05:13:05]   + جديد: تنامي المخاوف بشأن إمدادات الشرق الأوسط يرفع أسعار النفط
[2026-08-12 05:13:06]   + جديد: عمّان تستضيف اجتماعًا عسكريًا رفيعًا يجمع الأردن وسوريا والع
[2026-08-12 05:13:08]   + جديد: ترمب: لا أثق بإيران ونحن نسيطر على مضيق هرمز
[2026-08-12 05:13:08] جاري فحص: بغداد اليوم
[2026-08-12 05:13:09]   لا يوجد أخبار جديدة من بغداد اليوم
[2026-08-12 05:13:09] جاري فحص: السومرية نيوز
[2026-08-12 05:13:10]   لا يوجد أخبار جديدة من السومرية نيوز
[2026-08-12 05:13:10] جاري فحص: المدى
[2026-08-12 05:13:10] تعذر فتح صفحة المدى: 403 Client Error: Forbidden for url: https://almadapaper.net/
[2026-08-12 05:13:10]   لا يوجد أخبار جديدة من المدى
[2026-08-12 05:13:10] انتهى التشغيل — أخبار جديدة: 5 — إجمالي محفوظ: 150
[2026-08-12 06:52:23] جاري فحص: شفق نيوز
[2026-08-12 06:52:25]   + جديد: أسعار سلة أوبك تتراجع إلى نحو 80 دولاراً للبرميل بعد تقلبات 
[2026-08-12 06:52:27]   + جديد: مقتل شخصين وإصابة ثالث بنزاع عشائري عنيف شرقي ذي قار
[2026-08-12 06:52:29]   + جديد: سقوط 4 مسيّرات في أربيل يلحق أضراراً مادية واندلاع حريق في ج
[2026-08-12 06:52:32]   + جديد: آخر حراك قبل بدء الدوري.. أندية تستعين بمحترفين ومصير علي جا
[2026-08-12 06:52:33]   + جديد: مدرب إنتر ميامي: لا نعلم كيف نتعامل مع مأساة ميسي
[2026-08-12 06:52:33] جاري فحص: بغداد اليوم
[2026-08-12 06:52:39]   لا يوجد أخبار جديدة من بغداد اليوم
[2026-08-12 06:52:39] جاري فحص: السومرية نيوز
[2026-08-12 06:52:39]   لا يوجد أخبار جديدة من السومرية نيوز
[2026-08-12 06:52:39] جاري فحص: المدى
[2026-08-12 06:52:39] تعذر فتح صفحة المدى: 403 Client Error: Forbidden for url: https://almadapaper.net/
[2026-08-12 06:52:39]   لا يوجد أخبار جديدة من المدى
[2026-08-12 06:52:39] انتهى التشغيل — أخبار جديدة: 5 — إجمالي محفوظ: 150
[2026-08-12 08:13:06] جاري فحص: شفق نيوز
[2026-08-12 08:13:11]   + جديد: "الأسماك العمياء".. كنزٌ نادر يختبئ في كهوف الأنبار ويواجه خ
[2026-08-12 08:13:13]   + جديد: الدولار يواصل ارتفاعه مقابل الدينار في بغداد وأربيل
[2026-08-12 08:13:14]   + جديد: التلوث يلاحق بغداد.. تحذير من استمرار الروائح الكريهة خلال ا
[2026-08-12 08:13:16]   + جديد: السليمانية.. 72 امرأة في الإصلاحية و14 بانتظار تنفيذ حكم الإ
[2026-08-12 08:13:18]   + جديد: زاخو أمام الدفاع الجوي.. مواجهة ثانية في نهائي دوري المحترفي
[2026-08-12 08:13:20]   + جديد: باكستان تؤكد مقتل 3 من مواطنيها في البحر الأحمر بهجوم حوثي
[2026-08-12 08:13:20] جاري فحص: بغداد اليوم
[2026-08-12 08:13:20]   لا يوجد أخبار جديدة من بغداد اليوم
[2026-08-12 08:13:20] جاري فحص: السومرية نيوز
[2026-08-12 08:13:21]   لا يوجد أخبار جديدة من السومرية نيوز
[2026-08-12 08:13:21] جاري فحص: المدى
[2026-08-12 08:13:21] تعذر فتح صفحة المدى: 403 Client Error: Forbidden for url: https://almadapaper.net/
[2026-08-12 08:13:21]   لا يوجد أخبار جديدة من المدى
[2026-08-12 08:13:21] انتهى التشغيل — أخبار جديدة: 6 — إجمالي محفوظ: 150
[2026-08-12 09:39:14] جاري فحص: شفق نيوز
[2026-08-12 09:39:18]   + جديد: البنك المركزي العراقي يعلن منح أكثر من 4 تريليونات دينار قرو
[2026-08-12 09:39:19]   + جديد: بغداد.. "الروائح الكريهة" تقود إلى 6 اعتقالات وإزالة 8 مواقع
[2026-08-12 09:39:22]   + جديد: غزة تحت الركام.. تاريخ عمره آلاف السنين يواجه الاندثار (صور)
[2026-08-12 09:39:24]   + جديد: ارتفاع أسعار الذهب في بغداد واربيل
[2026-08-12 09:39:26]   + جديد: ماسك يخطط لبناء أكبر مصنع للرقائق في العالم باستثمار 120 ملي
[2026-08-12 09:39:27]   + جديد: بعد خلافات وانسحابات.. البرلمان اللبناني يقر قانون العفو الع
[2026-08-12 09:39:30]   + جديد: "احتمالات الصراع تتزايد".. بوتين يتهم "الناتو" بالتغلغل في ا
[2026-08-12 09:39:33]   + جديد: كوريا الجنوبية تكشف 7 مشاريع تكنولوجية وتستهدف الهبوط على ال
[2026-08-12 09:39:34]   + جديد: شفرة "الرئيس القوي": أوهام الإصلاح الدستوري ومخاطر الدكتاتور
[2026-08-12 09:39:36]   + جديد: توجه حكومي لإنهاء الازدواج الوظيفي وتغييرات مرتقبة تطال مدير
[2026-08-12 09:39:36] جاري فحص: بغداد اليوم
[2026-08-12 09:39:37]   لا يوجد أخبار جديدة من بغداد اليوم
[2026-08-12 09:39:37] جاري فحص: السومرية نيوز
[2026-08-12 09:39:38]   لا يوجد أخبار جديدة من السومرية نيوز
[2026-08-12 09:39:38] جاري فحص: المدى
[2026-08-12 09:39:38] تعذر فتح صفحة المدى: 403 Client Error: Forbidden for url: https://almadapaper.net/
[2026-08-12 09:39:38]   لا يوجد أخبار جديدة من المدى
[2026-08-12 09:39:38] انتهى التشغيل — أخبار جديدة: 10 — إجمالي محفوظ: 150
[2026-08-12 10:57:15] جاري فحص: شفق نيوز
[2026-08-12 10:57:18]   + جديد: مقتل امرأة واصابة شخص بخلاف عائلي "نهوة" شمال شرقي ديالى
[2026-08-12 10:57:20]   + جديد: مصرع شخص وإصابة 18 آخرين بحوادث سير متفرقة في نينوى خلال 24 
[2026-08-12 10:57:21]   + جديد: مقترح نيابي لتوظيفهم.. أكثر من 200 ألف خريج طبي ينتظرون التع
[2026-08-12 10:57:23]   + جديد: الصين تدعو العراق إلى بطولة رباعية في غوانزو
[2026-08-12 10:57:25]   + جديد: مناطق واعدة بالنفط والغاز في كركوك.. تحرك نيابي لاستكشافها
[2026-08-12 10:57:27]   + جديد: بوقت قياسي.. الإطاحة بامرأة سرقت 8 سبائك من الفضة في السليما
[2026-08-12 10:57:29]   + جديد: التربية: مليون و200 ألف تلميذ يلتحقون بالأول الابتدائي
[2026-08-12 10:57:31]   + جديد: بأرقام مليونية وجيش من المتطوعين.. العتبة العلوية تعلن حصيلة
[2026-08-12 10:57:31] جاري فحص: بغداد اليوم
[2026-08-12 10:57:31]   لا يوجد أخبار جديدة من بغداد اليوم
[2026-08-12 10:57:31] جاري فحص: السومرية نيوز
[2026-08-12 10:57:33]   لا يوجد أخبار جديدة من السومرية نيوز
[2026-08-12 10:57:33] جاري فحص: المدى
[2026-08-12 10:57:33] تعذر فتح صفحة المدى: 403 Client Error: Forbidden for url: https://almadapaper.net/
[2026-08-12 10:57:33]   لا يوجد أخبار جديدة من المدى
[2026-08-12 10:57:33] انتهى التشغيل — أخبار جديدة: 8 — إجمالي محفوظ: 150
[2026-08-12 11:47:08] جاري فحص: شفق نيوز
[2026-08-12 11:47:10]   + جديد: أكثر من مليون زائر يحيون ذكرى وفاة النبي محمد في مسجد الخطوة
[2026-08-12 11:47:12]   + جديد: 5 مدن عراقية ضمن قائمة "الأشد حرارة" حول العالم
[2026-08-12 11:47:13]   + جديد: فائق زيدان يزور سوريا غداً لبحث التعاون القضائي وملف معتقلي 
[2026-08-12 11:47:15]   + جديد: الأمن يطيح بـ 3 تجار مخدرات ويضبط كيلوغرامين من الكريستال في
[2026-08-12 11:47:17]   + جديد: كمال محمد يحيي حفلاً خيرياً في السليمانية لدعم مستشفى هيوا
[2026-08-12 11:47:18]   + جديد: الأنبار.. إصابة 4 أشخاص بحريق في معمل غاز بالقائم (فيديو)
[2026-08-12 11:47:20]   + جديد: الاتحاد الآسيوي يعلن تصنيف النخبة والقوة الجوية ثانياً
[2026-08-12 11:47:21]   + جديد: البصرة.. استعدادات لبدء تنفيذ مشروع أنابيب الغاز GMP في حقل 
[2026-08-12 11:47:21] جاري فحص: بغداد اليوم
[2026-08-12 11:47:28]   لا يوجد أخبار جديدة من بغداد اليوم
[2026-08-12 11:47:28] جاري فحص: السومرية نيوز
[2026-08-12 11:47:29]   لا يوجد أخبار جديدة من السومرية نيوز
[2026-08-12 11:47:29] جاري فحص: المدى
[2026-08-12 11:47:29] تعذر فتح صفحة المدى: 403 Client Error: Forbidden for url: https://almadapaper.net/
[2026-08-12 11:47:29]   لا يوجد أخبار جديدة من المدى
[2026-08-12 11:47:29] انتهى التشغيل — أخبار جديدة: 8 — إجمالي محفوظ: 150
[2026-08-12 12:59:07] جاري فحص: شفق نيوز
[2026-08-12 12:59:09]   + جديد: غداً.. وفد أمني عراقي رفيع إلى السعودية لبحث هجمات المسيّرات
[2026-08-12 12:59:10]   + جديد: محافظ ذي قار: استرداد 6 مليارات دينار وإحالة أكثر من 50 موظف
[2026-08-12 12:59:12]   + جديد: اليمن.. قتلى بهجوم للقوات الحكومية استهدف تجمعاً للحوثيين
[2026-08-12 12:59:13]   + جديد: اللجنة الأولمبية تكلف ديار فخر الدين برئاسة فرعها في كركوك
[2026-08-12 12:59:15]   + جديد: منتجات ديالى تعلن زيادة حصة المحافظة من الوقود وتؤكد: لا توج
[2026-08-12 12:59:15] جاري فحص: بغداد اليوم
[2026-08-12 12:59:16]   لا يوجد أخبار جديدة من بغداد اليوم
[2026-08-12 12:59:16] جاري فحص: السومرية نيوز
[2026-08-12 12:59:17]   لا يوجد أخبار جديدة من السومرية نيوز
[2026-08-12 12:59:17] جاري فحص: المدى
[2026-08-12 12:59:17] تعذر فتح صفحة المدى: 403 Client Error: Forbidden for url: https://almadapaper.net/
[2026-08-12 12:59:17]   لا يوجد أخبار جديدة من المدى
[2026-08-12 12:59:17] انتهى التشغيل — أخبار جديدة: 5 — إجمالي محفوظ: 150
[2026-08-12 14:22:10] جاري فحص: شفق نيوز
[2026-08-12 14:22:12]   + جديد: أسعار الدولار تنخفض في بغداد واربيل مع الإغلاق
[2026-08-12 14:22:14]   + جديد: العيداني يحسم جدل كهرباء البصرة: لا استقطاع لصالح ذي قار
[2026-08-12 14:22:15]   + جديد: سوريا تحتج أممياً على اعتراف كولومبيا بالسيادة الإسرائيلية ع
[2026-08-12 14:22:17]   + جديد: ميسي يلوّح بالاعتزال برسالة مؤثرة بعد رحيل والده
[2026-08-12 14:22:19]   + جديد: إحباط مخطط "داعشي" لاستهداف منشأة حيوية في الكويت
[2026-08-12 14:22:19] جاري فحص: بغداد اليوم
[2026-08-12 14:22:21]   لا يوجد أخبار جديدة من بغداد اليوم
[2026-08-12 14:22:21] جاري فحص: السومرية نيوز
[2026-08-12 14:22:23]   لا يوجد أخبار جديدة من السومرية نيوز
[2026-08-12 14:22:23] جاري فحص: المدى
[2026-08-12 14:22:23] تعذر فتح صفحة المدى: 403 Client Error: Forbidden for url: https://almadapaper.net/
[2026-08-12 14:22:23]   لا يوجد أخبار جديدة من المدى
[2026-08-12 14:22:23] انتهى التشغيل — أخبار جديدة: 5 — إجمالي محفوظ: 150
[2026-08-12 15:28:24] جاري فحص: شفق نيوز
[2026-08-12 15:28:27]   + جديد: ترمب: نسيطر على هرمز بشكل كامل
[2026-08-12 15:28:30]   + جديد: وفاة المطرب الإيراني البارز حسين خواجه أميري "إيرج" عن 94 عا
[2026-08-12 15:28:32]   + جديد: الزيدي: انتهاء مهمة التحالف الدولي في العراق أواخر أيلول توق
[2026-08-12 15:28:33]   + جديد: أوبك تخفض توقعاتها لنمو الاقتصاد وترفع تقديرات الطلب على الن
[2026-08-12 15:28:35]   + جديد: الاتحاد الأوروبي و26 دولة يدينون إعدام المحتجين في إيران
[2026-08-12 15:28:35] جاري فحص: بغداد اليوم
[2026-08-12 15:28:37]   لا يوجد أخبار جديدة من بغداد اليوم
[2026-08-12 15:28:37] جاري فحص: السومرية نيوز
[2026-08-12 15:28:37]   لا يوجد أخبار جديدة من السومرية نيوز
[2026-08-12 15:28:37] جاري فحص: المدى
[2026-08-12 15:28:37] تعذر فتح صفحة المدى: 403 Client Error: Forbidden for url: https://almadapaper.net/
[2026-08-12 15:28:37]   لا يوجد أخبار جديدة من المدى
[2026-08-12 15:28:37] انتهى التشغيل — أخبار جديدة: 5 — إجمالي محفوظ: 150
[2026-08-12 16:26:44] جاري فحص: شفق نيوز
[2026-08-12 16:26:46]   + جديد: الزيدي لقائد "سنتكوم": في تشرين الأول العراق خالٍ من أي وجود
[2026-08-12 16:26:48]   + جديد: الجيش الإسرائيلي يعلن مقتل رئيس خلية من حماس في غزة
[2026-08-12 16:26:49]   + جديد: كركوك تضيف 100 ألف دونم لخطة الذرة الصفراء بموسمها الزراعي
[2026-08-12 16:26:51]   + جديد: النزاهة تطيح بقائد شرطة في نينوى متلبساً بالرشوة لشمول موقوف
[2026-08-12 16:26:52]   + جديد: 90 يوماً.. ترجيحات باكستانية بتمديد الهدنة بين إيران وأميركا
[2026-08-12 16:26:54]   + جديد: العتبة العلوية: 5 ملايين زائر أحيوا ذكرى وفاة النبي محمد في 
[2026-08-12 16:26:55]   + جديد: بظروف غامضة.. العثور على جثة امرأة ووفاة منتسب في بغداد
[2026-08-12 16:26:55] جاري فحص: بغداد اليوم
[2026-08-12 16:26:57]   لا يوجد أخبار جديدة من بغداد اليوم
[2026-08-12 16:26:57] جاري فحص: السومرية نيوز
[2026-08-12 16:26:58]   لا يوجد أخبار جديدة من السومرية نيوز
[2026-08-12 16:26:58] جاري فحص: المدى
[2026-08-12 16:26:58] تعذر فتح صفحة المدى: 403 Client Error: Forbidden for url: https://almadapaper.net/
[2026-08-12 16:26:58]   لا يوجد أخبار جديدة من المدى
[2026-08-12 16:26:58] انتهى التشغيل — أخبار جديدة: 7 — إجمالي محفوظ: 150
[2026-08-12 17:28:46] جاري فحص: شفق نيوز
[2026-08-12 17:28:49]   + جديد: 52 مئوية.. 8 محافظات عراقية تغلي
[2026-08-12 17:28:51]   + جديد: بعد رائحة الكبريت.. سحب دخانية تغطي سماء بغداد (صور)
[2026-08-12 17:28:53]   + جديد: العثور على جثة مدرس داخل منزله في كلار
[2026-08-12 17:28:55]   + جديد: بيانات: سفينتان من أصل 166 سلكت المسار الأميركي في هرمز
[2026-08-12 17:28:58]   + جديد: استقالة مدير منتخب الشباب العراقي قبيل التصفيات الآسيوية
[2026-08-12 17:28:58] جاري فحص: بغداد اليوم
[2026-08-12 17:28:58]   لا يوجد أخبار جديدة من بغداد اليوم
[2026-08-12 17:28:58] جاري فحص: السومرية نيوز
[2026-08-12 17:29:00]   لا يوجد أخبار جديدة من السومرية نيوز
[2026-08-12 17:29:00] جاري فحص: المدى
[2026-08-12 17:29:00] تعذر فتح صفحة المدى: 403 Client Error: Forbidden for url: https://almadapaper.net/
[2026-08-12 17:29:00]   لا يوجد أخبار جديدة من المدى
[2026-08-12 17:29:00] انتهى التشغيل — أخبار جديدة: 5 — إجمالي محفوظ: 150
[2026-08-12 18:27:27] جاري فحص: شفق نيوز
[2026-08-12 18:27:30]   + جديد: بغداديات يُحيين زيارة "الأربعاء الأخير" من صفر بالأمنيات (صو
[2026-08-12 18:27:32]   + جديد: نيجرفان بارزاني يحذر من "عزلة دولية" للعراق بسبب سلاح الفصائ
[2026-08-12 18:27:34]   + جديد: الدفاع الجوي يسقط زاخو في ثاني مباريات نهائي محترفي السلة
[2026-08-12 18:27:36]   + جديد: العليمي يهدد برد رادع للحوثيين: لا هدنة جديدة معهم
[2026-08-12 18:27:38]   + جديد: "رويترز": اتفاق على ترشيح 4 دول لمراقبة نزع سلاح حزب الله
[2026-08-12 18:27:40]   + جديد: الشرطة العراقي في المستوى الثاني لقرعة دوري أبطال آسيا 2 للم
[2026-08-12 18:27:40] جاري فحص: بغداد اليوم
[2026-08-12 18:27:40]   لا يوجد أخبار جديدة من بغداد اليوم
[2026-08-12 18:27:40] جاري فحص: السومرية نيوز
[2026-08-12 18:27:41]   لا يوجد أخبار جديدة من السومرية نيوز
[2026-08-12 18:27:41] جاري فحص: المدى
[2026-08-12 18:27:41] تعذر فتح صفحة المدى: 403 Client Error: Forbidden for url: https://almadapaper.net/
[2026-08-12 18:27:41]   لا يوجد أخبار جديدة من المدى
[2026-08-12 18:27:41] انتهى التشغيل — أخبار جديدة: 6 — إجمالي محفوظ: 150
[2026-08-12 19:37:57] جاري فحص: شفق نيوز
[2026-08-12 19:37:59]   + جديد: العراق أبرز أسواقها.. الصادرات السورية تتعافى بمنتجات ذات "ق
[2026-08-12 19:38:01]   + جديد: الجيش الأميركي: تغيير مسار 59 سفينة منذ استئناف حصار إيران
[2026-08-12 19:38:03]   + جديد: كسوف كلي.. شمال الأرض يعيش الظلام وسط النهار
[2026-08-12 19:38:04]   + جديد: ذي قار.. أهالي الطار يتظاهرون ضد تحويل حصتهم الكهربائية للفه
[2026-08-12 19:38:04] جاري فحص: بغداد اليوم
[2026-08-12 19:38:07]   لا يوجد أخبار جديدة من بغداد اليوم
[2026-08-12 19:38:07] جاري فحص: السومرية نيوز
[2026-08-12 19:38:08]   لا يوجد أخبار جديدة من السومرية نيوز
[2026-08-12 19:38:08] جاري فحص: المدى
[2026-08-12 19:38:08] تعذر فتح صفحة المدى: 403 Client Error: Forbidden for url: https://almadapaper.net/
[2026-08-12 19:38:08]   لا يوجد أخبار جديدة من المدى
[2026-08-12 19:38:08] انتهى التشغيل — أخبار جديدة: 4 — إجمالي محفوظ: 150
[2026-08-12 20:38:17] جاري فحص: شفق نيوز
[2026-08-12 20:38:19]   + جديد: بطريرك الكلدان يؤشر "انعدام الأمل" لدى الشباب المسيحيين ويحد
[2026-08-12 20:38:21]   + جديد: انتشال جثتيّ طفلين من نهر دجلة جنوب شرقي بغداد
[2026-08-12 20:38:23]   + جديد: بغداد.. ضبط 20 طائرة مسيّرة محلية الصنع
[2026-08-12 20:38:25]   + جديد: أزمة البنزين.. أربيل ترد على بغداد: مستعدون للتفاوض بشرط "مر
[2026-08-12 20:38:27]   + جديد: نيجيرفان بارزاني عن إقرار قانون "السلام" في تركيا: تحول مهم 
[2026-08-12 20:38:29]   + جديد: نائبة عراقية تستعين بأمن المطار لمنع ابنتها من السفر إلى إسط
[2026-08-12 20:38:29] جاري فحص: بغداد اليوم
[2026-08-12 20:38:33]   لا يوجد أخبار جديدة من بغداد اليوم
[2026-08-12 20:38:33] جاري فحص: السومرية نيوز
[2026-08-12 20:38:35]   لا يوجد أخبار جديدة من السومرية نيوز
[2026-08-12 20:38:35] جاري فحص: المدى
[2026-08-12 20:38:35] تعذر فتح صفحة المدى: 403 Client Error: Forbidden for url: https://almadapaper.net/
[2026-08-12 20:38:35]   لا يوجد أخبار جديدة من المدى
[2026-08-12 20:38:35] انتهى التشغيل — أخبار جديدة: 6 — إجمالي محفوظ: 150
[2026-08-12 21:40:19] جاري فحص: شفق نيوز
[2026-08-12 21:40:21]   + جديد: باريس سان جيرمان يهزم أستون فيلا ويتوج بكأس السوبر الأوروبي
[2026-08-12 21:40:23]   + جديد: ندوة في بغداد لحماية الإرث الايزيدي ودعوات لعودة المغتربين
[2026-08-12 21:40:25]   + جديد: اللواء هادي الكناني قائدا لعمليات بغداد بدلا عن خليفة
[2026-08-12 21:40:25] جاري فحص: بغداد اليوم
[2026-08-12 21:40:25]   لا يوجد أخبار جديدة من بغداد اليوم
[2026-08-12 21:40:25] جاري فحص: السومرية نيوز
[2026-08-12 21:40:27]   لا يوجد أخبار جديدة من السومرية نيوز
[2026-08-12 21:40:27] جاري فحص: المدى
[2026-08-12 21:40:28] تعذر فتح صفحة المدى: 403 Client Error: Forbidden for url: https://almadapaper.net/
[2026-08-12 21:40:28]   لا يوجد أخبار جديدة من المدى
[2026-08-12 21:40:28] انتهى التشغيل — أخبار جديدة: 3 — إجمالي محفوظ: 150
[2026-08-12 22:35:32] جاري فحص: شفق نيوز
[2026-08-12 22:35:33]   لا يوجد أخبار جديدة من شفق نيوز
[2026-08-12 22:35:33] جاري فحص: بغداد اليوم
[2026-08-12 22:35:33]   لا يوجد أخبار جديدة من بغداد اليوم
[2026-08-12 22:35:33] جاري فحص: السومرية نيوز
[2026-08-12 22:35:33]   لا يوجد أخبار جديدة من السومرية نيوز
[2026-08-12 22:35:33] جاري فحص: المدى
[2026-08-12 22:35:34] تعذر فتح صفحة المدى: 403 Client Error: Forbidden for url: https://almadapaper.net/
[2026-08-12 22:35:34]   لا يوجد أخبار جديدة من المدى
[2026-08-12 22:35:34] انتهى التشغيل — أخبار جديدة: 0 — إجمالي محفوظ: 150
[2026-08-12 23:35:54] جاري فحص: شفق نيوز
[2026-08-12 23:35:56]   + جديد: الزيدي يتفقد "درع سماء العراق": "لا اعتداء من أجوائنا ولا اخ
[2026-08-12 23:35:56] جاري فحص: بغداد اليوم
[2026-08-12 23:36:01]   لا يوجد أخبار جديدة من بغداد اليوم
[2026-08-12 23:36:01] جاري فحص: السومرية نيوز
[2026-08-12 23:36:02]   لا يوجد أخبار جديدة من السومرية نيوز
[2026-08-12 23:36:02] جاري فحص: المدى
[2026-08-12 23:36:02] تعذر فتح صفحة المدى: 403 Client Error: Forbidden for url: https://almadapaper.net/
[2026-08-12 23:36:02]   لا يوجد أخبار جديدة من المدى
[2026-08-12 23:36:02] انتهى التشغيل — أخبار جديدة: 1 — إجمالي محفوظ: 150
[2026-08-13 01:39:07] جاري فحص: شفق نيوز
[2026-08-13 01:39:08]   لا يوجد أخبار جديدة من شفق نيوز
[2026-08-13 01:39:08] جاري فحص: بغداد اليوم
[2026-08-13 01:39:14]   لا يوجد أخبار جديدة من بغداد اليوم
[2026-08-13 01:39:14] جاري فحص: السومرية نيوز
[2026-08-13 01:39:15]   لا يوجد أخبار جديدة من السومرية نيوز
[2026-08-13 01:39:15] جاري فحص: المدى
[2026-08-13 01:39:15] تعذر فتح صفحة المدى: 403 Client Error: Forbidden for url: https://almadapaper.net/
[2026-08-13 01:39:15]   لا يوجد أخبار جديدة من المدى
[2026-08-13 01:39:15] انتهى التشغيل — أخبار جديدة: 0 — إجمالي محفوظ: 150
[2026-08-13 04:07:42] جاري فحص: شفق نيوز
[2026-08-13 04:07:43]   لا يوجد أخبار جديدة من شفق نيوز
[2026-08-13 04:07:43] جاري فحص: بغداد اليوم
[2026-08-13 04:07:44]   لا يوجد أخبار جديدة من بغداد اليوم
[2026-08-13 04:07:44] جاري فحص: السومرية نيوز
[2026-08-13 04:07:44]   لا يوجد أخبار جديدة من السومرية نيوز
[2026-08-13 04:07:44] جاري فحص: المدى
[2026-08-13 04:07:44] تعذر فتح صفحة المدى: 403 Client Error: Forbidden for url: https://almadapaper.net/
[2026-08-13 04:07:44]   لا يوجد أخبار جديدة من المدى
[2026-08-13 04:07:44] انتهى التشغيل — أخبار جديدة: 0 — إجمالي محفوظ: 150
[2026-08-13 05:54:04] جاري فحص: شفق نيوز
[2026-08-13 05:54:07]   + جديد: النفط يتراجع بأكثر من دولار مع خفض توقعات الطلب ومخاوف الإمد
[2026-08-13 05:54:09]   + جديد: الاتحاد الهولندي يسمي تشافي مدرباً للطواحين
[2026-08-13 05:54:11]   + جديد: منتخب قدامى العراق يواجه قدامى النجف استعداداً لكأس الخليج ل
[2026-08-13 05:54:13]   + جديد: زيارة بوتين "الأولى" للكوريل تشعل احتجاجاً يابانياً
[2026-08-13 05:54:14]   + جديد: أستراليا.. إغلاق 756 ألف حساب فيسبوك وأنستغرام لقاصرين
[2026-08-13 05:54:16]   + جديد: تحطم "أباتشي" للجيش الأميركي يودي بحياة جنديين في تكساس
[2026-08-13 05:54:18]   + جديد: عالمياً.. الذهب يستقر قرب أعلى مستوى في أكثر من شهرين
[2026-08-13 05:54:18] جاري فحص: بغداد اليوم
[2026-08-13 05:54:19]   لا يوجد أخبار جديدة من بغداد اليوم
[2026-08-13 05:54:19] جاري فحص: السومرية نيوز
[2026-08-13 05:54:20]   لا يوجد أخبار جديدة من السومرية نيوز
[2026-08-13 05:54:20] جاري فحص: المدى
[2026-08-13 05:54:20] تعذر فتح صفحة المدى: 403 Client Error: Forbidden for url: https://almadapaper.net/
[2026-08-13 05:54:20]   لا يوجد أخبار جديدة من المدى
[2026-08-13 05:54:20] انتهى التشغيل — أخبار جديدة: 7 — إجمالي محفوظ: 150
[2026-08-13 07:20:05] جاري فحص: شفق نيوز
[2026-08-13 07:20:08]   + جديد: فائق زيدان يصل دمشق على رأس وفد قضائي عراقي
[2026-08-13 07:20:10]   + جديد: بعملية خارج الحدود.. مخدرات كركوك تفكك شبكة دولية وتضبط 20 ك
[2026-08-13 07:20:11]   + جديد: تظاهرتان في ديالى وبغداد للمطالبة برواتب متأخرة منذ أشهر ومس
[2026-08-13 07:20:13]   + جديد: فرصة مطر شمالاً.. 3 محافظات عراقية تسجل حرارة خمسينية
[2026-08-13 07:20:15]   + جديد: "أمبري" تدخل على خط إنقاذ ناقلة النفط الجانحة قبالة عُمان
[2026-08-13 07:20:17]   + جديد: تجاوز ألف دولار لليلة.. كسوف الشمس يشعل أسعار الفنادق في أور
[2026-08-13 07:20:19]   + جديد: بغداد تستيقظ على حادثتي انتحار لشاب وامرأة
[2026-08-13 07:20:21]   + جديد: ارتفاع أسعار نفط البصرة الثقيل والمتوسط بأكثر من 14%
[2026-08-13 07:20:21] جاري فحص: بغداد اليوم
[2026-08-13 07:20:22]   لا يوجد أخبار جديدة من بغداد اليوم
[2026-08-13 07:20:22] جاري فحص: السومرية نيوز
[2026-08-13 07:20:23]   لا يوجد أخبار جديدة من السومرية نيوز
[2026-08-13 07:20:23] جاري فحص: المدى
[2026-08-13 07:20:24] تعذر فتح صفحة المدى: 403 Client Error: Forbidden for url: https://almadapaper.net/
[2026-08-13 07:20:24]   لا يوجد أخبار جديدة من المدى
[2026-08-13 07:20:24] انتهى التشغيل — أخبار جديدة: 8 — إجمالي محفوظ: 150
[2026-08-13 08:49:30] جاري فحص: شفق نيوز
[2026-08-13 08:49:32]   + جديد: "DNO" النرويجية ترفع أرباحها وتستهدف استعادة مستويات إنتاجها
[2026-08-13 08:49:34]   + جديد: العراق يشارك برباع واحد في بطولة آسيا
[2026-08-13 08:49:36]   + جديد: نيجيرفان بارزاني: «العراق أولاً»
[2026-08-13 08:49:37]   + جديد: انخفاض اسعار الذهب في بغداد وأربيل
[2026-08-13 08:49:39]   + جديد: لليوم الخامس.. جرحى الحشد يصعّدون اعتصامهم في بغداد (فيديو)
[2026-08-13 08:49:41]   + جديد: سرقا ضحيتهما واتهما "ثوراً" بقتله.. الإعدام شنقاً لمدانَين ب
[2026-08-13 08:49:42]   + جديد: ليومين.. طائرة إماراتية غامضة تهبط في طهران وتغادر بعد ساعة
[2026-08-13 08:49:44]   + جديد: وزير الدفاع اللبناني في بيان "اعتذار": الجيش مُنع من الكلام 
[2026-08-13 08:49:46]   + جديد: انخفاض أسعار الدولار في بغداد وأربيل
[2026-08-13 08:49:46] جاري فحص: بغداد اليوم
[2026-08-13 08:49:47]   لا يوجد أخبار جديدة من بغداد اليوم
[2026-08-13 08:49:47] جاري فحص: السومرية نيوز
[2026-08-13 08:49:48]   لا يوجد أخبار جديدة من السومرية نيوز
[2026-08-13 08:49:48] جاري فحص: المدى
[2026-08-13 08:49:48] تعذر فتح صفحة المدى: 403 Client Error: Forbidden for url: https://almadapaper.net/
[2026-08-13 08:49:48]   لا يوجد أخبار جديدة من المدى
[2026-08-13 08:49:48] انتهى التشغيل — أخبار جديدة: 9 — إجمالي محفوظ: 150
[2026-08-13 09:59:46] جاري فحص: شفق نيوز
[2026-08-13 09:59:48]   + جديد: تأكيداً لشفق نيوز.. وفد أمني عراقي يصل إلى الرياض
[2026-08-13 09:59:50]   + جديد: وزير العدل السوري لرئيس مجلس القضاء العراقي: نتطلع لتنسيق قض
[2026-08-13 09:59:51]   + جديد: تراجع حاد في أسعار النفط العراقي ضمن خامات "أوبك" خلال تموز 
[2026-08-13 09:59:53]   + جديد: تفجير طائرة مسيّرة بشكل مسيطر عليه قرب مقر للحشد على طريق ال
[2026-08-13 09:59:54]   + جديد: دولة عربية تتحرك ضد ميزة "واتساب" الجديدة لإخفاء أرقام الهوا
[2026-08-13 09:59:56]   + جديد: مقتل وإصابة 3 أشخاص واعتقال متورطين بإطلاق نار إثر مشاجرة في
[2026-08-13 09:59:57]   + جديد: تركيا تعلن عن مناورات عسكرية مع السعودية وباكستان بموجب اتفا
[2026-08-13 09:59:59]   + جديد: متحف وأرشيف التربية في أربيل يحتفي بيوم الخط العربي بفعالية 
[2026-08-13 09:59:59] جاري فحص: بغداد اليوم
[2026-08-13 09:59:59]   لا يوجد أخبار جديدة من بغداد اليوم
[2026-08-13 09:59:59] جاري فحص: السومرية نيوز
[2026-08-13 10:00:00]   لا يوجد أخبار جديدة من السومرية نيوز
[2026-08-13 10:00:00] جاري فحص: المدى
[2026-08-13 10:00:00] تعذر فتح صفحة المدى: 403 Client Error: Forbidden for url: https://almadapaper.net/
[2026-08-13 10:00:00]   لا يوجد أخبار جديدة من المدى
[2026-08-13 10:00:00] انتهى التشغيل — أخبار جديدة: 8 — إجمالي محفوظ: 150
[2026-08-13 11:05:39] جاري فحص: شفق نيوز
[2026-08-13 11:05:41]   + جديد: إعادة تمركز للجيش العراقي في نقاط أمنية بين كركوك والطوز
[2026-08-13 11:05:43]   + جديد: العراق في مقدمة وجهات صادرات غرفة تجارة عمّان بـ365 مليون دي
[2026-08-13 11:05:45]   + جديد: بغداد بين واشنطن وحزب الله.. تقرير بريطاني يكشف تحركاً عراقي
[2026-08-13 11:05:47]   + جديد: فائق زيدان يعرض مساعدة العراق لإعادة بناء "دولة قانون" في سو
[2026-08-13 11:05:49]   + جديد: 6 اتحادات عربية تدعم إنفانتينو رغم أزمته
[2026-08-13 11:05:51]   + جديد: مجلس البصرة يصوّت على تسمية 6 مسؤولين لأقضية ونواحي في المحا
[2026-08-13 11:05:53]   + جديد: بعد سنوات الجفاف.. أمطار السليمانية تنعش مليوني دونم وتفتح ب
[2026-08-13 11:05:54]   + جديد: اختبار كبير لحسن عبد الكريم في مواجهة غلطة سراي التركي
[2026-08-13 11:05:54] جاري فحص: بغداد اليوم
[2026-08-13 11:05:55]   لا يوجد أخبار جديدة من بغداد اليوم
[2026-08-13 11:05:55] جاري فحص: السومرية نيوز
[2026-08-13 11:05:55]   لا يوجد أخبار جديدة من السومرية نيوز
[2026-08-13 11:05:55] جاري فحص: المدى
[2026-08-13 11:05:55] تعذر فتح صفحة المدى: 403 Client Error: Forbidden for url: https://almadapaper.net/
[2026-08-13 11:05:55]   لا يوجد أخبار جديدة من المدى
[2026-08-13 11:05:55] انتهى التشغيل — أخبار جديدة: 8 — إجمالي محفوظ: 150
[2026-08-13 12:07:45] جاري فحص: شفق نيوز
[2026-08-13 12:07:47]   + جديد: كتلة "الإعمار والتنمية": الحكومة تعهدت بإرسال قانون الحشد ال
[2026-08-13 12:07:48]   + جديد: الموت يفجع اللاعب بسام شاكر
[2026-08-13 12:07:50]   + جديد: موسم الرياض يرعى السوبر الإسباني 2027 في إسطنبول
[2026-08-13 12:07:52]   + جديد: العراق يحتفظ بـ174.6 طن من الذهب.. وآخر بياناته تعود إلى 202
[2026-08-13 12:07:53]   + جديد: كيف يمكن للعرب الخروج من البنية اللاهوتية؟
[2026-08-13 12:07:55]   + جديد: نوستالجيا القمع؛ حینما يُصاغُ قيدُ الضحيةِ من ذهبٍ وهميّ
[2026-08-13 12:07:56]   + جديد: وفاة نجم المنتخب العراقي السابق حنون مشكور بعد صراع مع المرض
[2026-08-13 12:07:56] جاري فحص: بغداد اليوم
[2026-08-13 12:07:57]   لا يوجد أخبار جديدة من بغداد اليوم
[2026-08-13 12:07:57] جاري فحص: السومرية نيوز
[2026-08-13 12:07:57]   لا يوجد أخبار جديدة من السومرية نيوز
[2026-08-13 12:07:57] جاري فحص: المدى
[2026-08-13 12:07:57] تعذر فتح صفحة المدى: 403 Client Error: Forbidden for url: https://almadapaper.net/
[2026-08-13 12:07:57]   لا يوجد أخبار جديدة من المدى
[2026-08-13 12:07:57] انتهى التشغيل — أخبار جديدة: 7 — إجمالي محفوظ: 150
[2026-08-13 13:55:45] جاري فحص: شفق نيوز
[2026-08-13 13:55:48]   + جديد: فوق 153 ألفاً.. الدولار يغلق مرتفعاً في بغداد وأربيل بنهاية 
[2026-08-13 13:55:49]   + جديد: تراجع احتياطيات المركزي العراقي إلى 102 ترليون دينار ومطلوبا
[2026-08-13 13:55:51]   + جديد: مستشار الزيدي المالي يكشف ملامح موازنة 2027: أداة لتنظيم اقت
[2026-08-13 13:55:52]   + جديد: (مقال) من ينصف الكورد الفيليين؟
[2026-08-13 13:55:54]   + جديد: كهرباء كوردستان تكشف أرقام "روناکي": 90% طاقة مستمرة بفواتير
[2026-08-13 13:55:55]   + جديد: الزيدي يكلف فاطمة حسن بإدارة بلدية المنصور في بغداد
[2026-08-13 13:55:57]   + جديد: دهوك.. "الشتاء الطويل" يؤخر موسم جني التين في عقرة
[2026-08-13 13:55:58]   + جديد: الرباع العراقي موسى خضير يظفر بفضية آسيا في رفع "الخطف"
[2026-08-13 13:56:00]   + جديد: نائب: الوفد الأمني العراقي للسعودية يناقش الاعتداء على الحشد
[2026-08-13 13:56:01]   + جديد: ردا على ترمب.. خاتم الأنبياء الإيراني: هرمز يخضع لسيطرتنا
[2026-08-13 13:56:03]   + جديد: الحشد الشعبي يُوضح بشأن اعتصام جرحاه أمام هيئة التقاعد: المل
[2026-08-13 13:56:03] جاري فحص: بغداد اليوم
[2026-08-13 13:56:06]   لا يوجد أخبار جديدة من بغداد اليوم
[2026-08-13 13:56:06] جاري فحص: السومرية نيوز
[2026-08-13 13:56:06]   لا يوجد أخبار جديدة من السومرية نيوز
[2026-08-13 13:56:06] جاري فحص: المدى
[2026-08-13 13:56:06] تعذر فتح صفحة المدى: 403 Client Error: Forbidden for url: https://almadapaper.net/
[2026-08-13 13:56:06]   لا يوجد أخبار جديدة من المدى
[2026-08-13 13:56:06] انتهى التشغيل — أخبار جديدة: 11 — إجمالي محفوظ: 150
[2026-08-13 14:54:43] جاري فحص: شفق نيوز
[2026-08-13 14:54:45]   + جديد: غداً.. "إرهاق حراري" يضرب 4 محافظات عراقية
[2026-08-13 14:54:47]   + جديد: انفجار في مصنع للذخيرة قرب العاصمة الإيطالية روما
[2026-08-13 14:54:48]   + جديد: اغتيال مدير شرطة غزة بقصف إسرائيلي
[2026-08-13 14:54:48] جاري فحص: بغداد اليوم
[2026-08-13 14:54:51]   لا يوجد أخبار جديدة من بغداد اليوم
[2026-08-13 14:54:51] جاري فحص: السومرية نيوز
[2026-08-13 14:54:51]   لا يوجد أخبار جديدة من السومرية نيوز
[2026-08-13 14:54:51] جاري فحص: المدى
[2026-08-13 14:54:52] تعذر فتح صفحة المدى: 403 Client Error: Forbidden for url: https://almadapaper.net/
[2026-08-13 14:54:52]   لا يوجد أخبار جديدة من المدى
[2026-08-13 14:54:52] انتهى التشغيل — أخبار جديدة: 3 — إجمالي محفوظ: 150
[2026-08-13 15:55:17] جاري فحص: شفق نيوز
[2026-08-13 15:55:19]   + جديد: الحوثيون: استهداف مصفاة "أرامكو" السعودية بمسيّرتين
[2026-08-13 15:55:20]   + جديد: الكونغرس يتحرك.. تقارير عن ظروف "قاسية" لطاقم حاملة الطائرات
[2026-08-13 15:55:22]   + جديد: السودان.. الدعم السريع تتصدى لهجوم من "جيش الإخوان" شمال دار
[2026-08-13 15:55:22] جاري فحص: بغداد اليوم
[2026-08-13 15:55:22]   لا يوجد أخبار جديدة من بغداد اليوم
[2026-08-13 15:55:22] جاري فحص: السومرية نيوز
[2026-08-13 15:55:23]   لا يوجد أخبار جديدة من السومرية نيوز
[2026-08-13 15:55:23] جاري فحص: المدى
[2026-08-13 15:55:23] تعذر فتح صفحة المدى: 403 Client Error: Forbidden for url: https://almadapaper.net/
[2026-08-13 15:55:23]   لا يوجد أخبار جديدة من المدى
[2026-08-13 15:55:23] انتهى التشغيل — أخبار جديدة: 3 — إجمالي محفوظ: 150
[2026-08-13 16:53:04] جاري فحص: شفق نيوز
[2026-08-13 16:53:06]   + جديد: اليوم العالمي للشباب.. كركوك تنظم بطولة شطرنج ومعرض للرسم
[2026-08-13 16:53:08]   + جديد: بعد اجتماع أمني عراقي – سعودي.. خالد بن سلمان: سنقف دوما مع 
[2026-08-13 16:53:09]   + جديد: زيدان والشرع يؤكدان على تعزيز التعاون القضائي والقانوني
[2026-08-13 16:53:11]   + جديد: "فاينل چيك" تلوّح بمقاضاة علي حمه صالح وتنفي صلتها بمكتب قوب
[2026-08-13 16:53:12]   + جديد: بعد تقارير عنها.. أميركا تستبدل حاملة الطائرات "لينكولن" بـ"
[2026-08-13 16:53:12] جاري فحص: بغداد اليوم
[2026-08-13 16:53:22]   لا يوجد أخبار جديدة من بغداد اليوم
[2026-08-13 16:53:22] جاري فحص: السومرية نيوز
[2026-08-13 16:53:22]   لا يوجد أخبار جديدة من السومرية نيوز
[2026-08-13 16:53:22] جاري فحص: المدى
[2026-08-13 16:53:22] تعذر فتح صفحة المدى: 403 Client Error: Forbidden for url: https://almadapaper.net/
[2026-08-13 16:53:22]   لا يوجد أخبار جديدة من المدى
[2026-08-13 16:53:22] انتهى التشغيل — أخبار جديدة: 5 — إجمالي محفوظ: 150
[2026-08-13 17:54:29] جاري فحص: شفق نيوز
[2026-08-13 17:54:31]   + جديد: سوريا.. معرض في القامشلي يوثق ذاكرة الإيزيديين (صور)
[2026-08-13 17:54:33]   + جديد: 14 قتيلاً ومصاباً بانفجار داخل مول في مصر (صور)
[2026-08-13 17:54:36]   + جديد: "فالكون سترايك".. واشنطن تنشئ قوة متعددة الجنسيات للمسيرات ا
[2026-08-13 17:54:39]   + جديد: رسمياً.. ميمي يعود لناديه الأم
[2026-08-13 17:54:41]   + جديد: تراجع صادرات نفط كركوك وكوردستان لـ130 ألف برميل يومياً
[2026-08-13 17:54:41] جاري فحص: بغداد اليوم
[2026-08-13 17:54:42]   لا يوجد أخبار جديدة من بغداد اليوم
[2026-08-13 17:54:42] جاري فحص: السومرية نيوز
[2026-08-13 17:54:42]   لا يوجد أخبار جديدة من السومرية نيوز
[2026-08-13 17:54:42] جاري فحص: المدى
[2026-08-13 17:54:42] تعذر فتح صفحة المدى: 403 Client Error: Forbidden for url: https://almadapaper.net/
[2026-08-13 17:54:42]   لا يوجد أخبار جديدة من المدى
[2026-08-13 17:54:42] انتهى التشغيل — أخبار جديدة: 5 — إجمالي محفوظ: 150
[2026-08-13 18:57:29] جاري فحص: شفق نيوز
[2026-08-13 18:57:32]   + جديد: لأول مرة من السليمانية.. نوروز والقوة الجوية يدشنان موسم دور
[2026-08-13 18:57:34]   + جديد: "سنتكوم" لإسرائيل: قد نضطر لاستئناف الحرب على إيران
[2026-08-13 18:57:36]   + جديد: قضية "بلدية الناصرية".. اعتقال 3 متهمين أحدهم حاول السفر واث
[2026-08-13 18:57:36] جاري فحص: بغداد اليوم
[2026-08-13 18:57:36]   لا يوجد أخبار جديدة من بغداد اليوم
[2026-08-13 18:57:36] جاري فحص: السومرية نيوز
[2026-08-13 18:57:37]   لا يوجد أخبار جديدة من السومرية نيوز
[2026-08-13 18:57:37] جاري فحص: المدى
[2026-08-13 18:57:37] تعذر فتح صفحة المدى: 403 Client Error: Forbidden for url: https://almadapaper.net/
[2026-08-13 18:57:37]   لا يوجد أخبار جديدة من المدى
[2026-08-13 18:57:37] انتهى التشغيل — أخبار جديدة: 3 — إجمالي محفوظ: 150
[2026-08-13 19:55:52] جاري فحص: شفق نيوز
[2026-08-13 19:55:55]   + جديد: حصري.. انفراجة أمنية تعيد البعثة السعودية إلى بغداد قريباً
[2026-08-13 19:55:56]   + جديد: إقليم كوردستان يسجل إصابة جديدة بالحمى النزفية
[2026-08-13 19:55:58]   + جديد: بينهم ضابط.. 5 ضحايا بشجار مسلح في ديالى
[2026-08-13 19:56:00]   + جديد: "بدر" ترفض استخدام "القوة" لنزع سلاح الفصائل: الزيدي اندفع
[2026-08-13 19:56:01]   + جديد: احتجاز 40 راكباً بانقلاب قطار في بريطانيا (فيديو)
[2026-08-13 19:56:03]   + جديد: الزيدي يبحث مع المالكي مكافحة الفساد وحصر السلاح بيد الدولة
[2026-08-13 19:56:03] جاري فحص: بغداد اليوم
[2026-08-13 19:56:09]   لا يوجد أخبار جديدة من بغداد اليوم
[2026-08-13 19:56:09] جاري فحص: السومرية نيوز
[2026-08-13 19:56:10]   لا يوجد أخبار جديدة من السومرية نيوز
[2026-08-13 19:56:10] جاري فحص: المدى
[2026-08-13 19:56:10] تعذر فتح صفحة المدى: 403 Client Error: Forbidden for url: https://almadapaper.net/
[2026-08-13 19:56:10]   لا يوجد أخبار جديدة من المدى
[2026-08-13 19:56:10] انتهى التشغيل — أخبار جديدة: 6 — إجمالي محفوظ: 150
[2026-08-13 20:38:55] جاري فحص: شفق نيوز
[2026-08-13 20:39:01]   + جديد: نائب ترمب: إيران غير ملتزمة بالاتفاقيات والعهود ونملك أدواتن
[2026-08-13 20:39:03]   + جديد: هزة أرضية بقوة 3.7 درجات تضرب كرمانشاه دون أضرار
[2026-08-13 20:39:04]   + جديد: منتخب قدامى اللاعبين يواصل تحضيراته لبطولة الخليج ويخسر وديا
[2026-08-13 20:39:04] جاري فحص: بغداد اليوم
[2026-08-13 20:39:06]   لا يوجد أخبار جديدة من بغداد اليوم
[2026-08-13 20:39:06] جاري فحص: السومرية نيوز
[2026-08-13 20:39:07]   لا يوجد أخبار جديدة من السومرية نيوز
[2026-08-13 20:39:07] جاري فحص: المدى
[2026-08-13 20:39:07] تعذر فتح صفحة المدى: 403 Client Error: Forbidden for url: https://almadapaper.net/
[2026-08-13 20:39:07]   لا يوجد أخبار جديدة من المدى
[2026-08-13 20:39:07] انتهى التشغيل — أخبار جديدة: 3 — إجمالي محفوظ: 150
[2026-08-13 21:40:06] جاري فحص: شفق نيوز
[2026-08-13 21:40:10]   + جديد: الشرع: ذهبت للعراق لاكتساب الخبرة والدفاع عن أهله وكنت رافضا
[2026-08-13 21:40:12]   + جديد: "واقعية المصالح".. كيف أعاد العراق وسوريا بناء العلاقة بعد س
[2026-08-13 21:40:13]   + جديد: "أدنوك" تعلن تعرض سفينتين تابعتين لها لهجوم في هرمز
[2026-08-13 21:40:15]   + جديد: أربيل يتفق مع علي جاسم و"الصقور" يخطف مهند جعاز
[2026-08-13 21:40:17]   + جديد: قائد "قسد": توصلنا إلى حلول مع دمشق لمعالجة اعتداءات الحسكة 
[2026-08-13 21:40:17] جاري فحص: بغداد اليوم
[2026-08-13 21:40:18]   لا يوجد أخبار جديدة من بغداد اليوم
[2026-08-13 21:40:18] جاري فحص: السومرية نيوز
[2026-08-13 21:40:19]   لا يوجد أخبار جديدة من السومرية نيوز
[2026-08-13 21:40:19] جاري فحص: المدى
[2026-08-13 21:40:19] تعذر فتح صفحة المدى: 403 Client Error: Forbidden for url: https://almadapaper.net/
[2026-08-13 21:40:19]   لا يوجد أخبار جديدة من المدى
[2026-08-13 21:40:19] انتهى التشغيل — أخبار جديدة: 5 — إجمالي محفوظ: 150
[2026-08-13 22:36:46] جاري فحص: شفق نيوز
[2026-08-13 22:36:47]   لا يوجد أخبار جديدة من شفق نيوز
[2026-08-13 22:36:47] جاري فحص: بغداد اليوم
[2026-08-13 22:36:51]   لا يوجد أخبار جديدة من بغداد اليوم
[2026-08-13 22:36:51] جاري فحص: السومرية نيوز
[2026-08-13 22:36:54]   لا يوجد أخبار جديدة من السومرية نيوز
[2026-08-13 22:36:54] جاري فحص: المدى
[2026-08-13 22:36:54] تعذر فتح صفحة المدى: 403 Client Error: Forbidden for url: https://almadapaper.net/
[2026-08-13 22:36:54]   لا يوجد أخبار جديدة من المدى
[2026-08-13 22:36:54] انتهى التشغيل — أخبار جديدة: 0 — إجمالي محفوظ: 150
[2026-08-13 23:36:26] جاري فحص: شفق نيوز
[2026-08-13 23:36:28]   + جديد: سماع دوي انفجارات في مدينة أربيل (فيديو)
[2026-08-13 23:36:28] جاري فحص: بغداد اليوم
[2026-08-13 23:36:29]   لا يوجد أخبار جديدة من بغداد اليوم
[2026-08-13 23:36:29] جاري فحص: السومرية نيوز
[2026-08-13 23:36:31]   لا يوجد أخبار جديدة من السومرية نيوز
[2026-08-13 23:36:31] جاري فحص: المدى
[2026-08-13 23:36:31] تعذر فتح صفحة المدى: 403 Client Error: Forbidden for url: https://almadapaper.net/
[2026-08-13 23:36:31]   لا يوجد أخبار جديدة من المدى
[2026-08-13 23:36:31] انتهى التشغيل — أخبار جديدة: 1 — إجمالي محفوظ: 150
[2026-08-14 01:37:31] جاري فحص: شفق نيوز
[2026-08-14 01:37:32]   لا يوجد أخبار جديدة من شفق نيوز
[2026-08-14 01:37:32] جاري فحص: بغداد اليوم
[2026-08-14 01:37:33]   لا يوجد أخبار جديدة من بغداد اليوم
[2026-08-14 01:37:33] جاري فحص: السومرية نيوز
[2026-08-14 01:37:33]   لا يوجد أخبار جديدة من السومرية نيوز
[2026-08-14 01:37:33] جاري فحص: المدى
[2026-08-14 01:37:33] تعذر فتح صفحة المدى: 403 Client Error: Forbidden for url: https://almadapaper.net/
[2026-08-14 01:37:33]   لا يوجد أخبار جديدة من المدى
[2026-08-14 01:37:33] انتهى التشغيل — أخبار جديدة: 0 — إجمالي محفوظ: 150
[2026-08-14 04:04:01] جاري فحص: شفق نيوز
[2026-08-14 04:04:02]   لا يوجد أخبار جديدة من شفق نيوز
[2026-08-14 04:04:02] جاري فحص: بغداد اليوم
[2026-08-14 04:04:03]   لا يوجد أخبار جديدة من بغداد اليوم
[2026-08-14 04:04:03] جاري فحص: السومرية نيوز
[2026-08-14 04:04:04]   لا يوجد أخبار جديدة من السومرية نيوز
[2026-08-14 04:04:04] جاري فحص: المدى
[2026-08-14 04:04:04] تعذر فتح صفحة المدى: 403 Client Error: Forbidden for url: https://almadapaper.net/
[2026-08-14 04:04:04]   لا يوجد أخبار جديدة من المدى
[2026-08-14 04:04:04] انتهى التشغيل — أخبار جديدة: 0 — إجمالي محفوظ: 150
[2026-08-14 05:53:18] جاري فحص: شفق نيوز
[2026-08-14 05:53:21]   + جديد: قتلى وجرحى بمشاجرتين ونزاع عشائري في ديالى وذي قار
[2026-08-14 05:53:23]   + جديد: هزة أرضية بقوة 3.9 درجات تشعر بها مناطق في كركوك وجمجمال بال
[2026-08-14 05:53:24]   + جديد: الذهب يتراجع بفعل عمليات جني الأرباح بعد قفزة لأعلى مستوى في
[2026-08-14 05:53:26]   + جديد: التحالف الدولي يسقط ثلاث طائرات مسيّرة مفخخة في سماء أربيل د
[2026-08-14 05:53:28]   + جديد: "الناتو" يسقط مسيرة في لاتفيا
[2026-08-14 05:53:30]   + جديد: عادة بسيطة قد تطيل العمر
[2026-08-14 05:53:32]   + جديد: ارتفاع محدود لأسعار النفط وسط مخاوف من معروض الشرق الأوسط
[2026-08-14 05:53:32] جاري فحص: بغداد اليوم
[2026-08-14 05:53:35]   لا يوجد أخبار جديدة من بغداد اليوم
[2026-08-14 05:53:35] جاري فحص: السومرية نيوز
[2026-08-14 05:53:36]   لا يوجد أخبار جديدة من السومرية نيوز
[2026-08-14 05:53:36] جاري فحص: المدى
[2026-08-14 05:53:36] تعذر فتح صفحة المدى: 403 Client Error: Forbidden for url: https://almadapaper.net/
[2026-08-14 05:53:36]   لا يوجد أخبار جديدة من المدى
[2026-08-14 05:53:36] انتهى التشغيل — أخبار جديدة: 7 — إجمالي محفوظ: 150
[2026-08-14 07:18:21] جاري فحص: شفق نيوز
[2026-08-14 07:18:25]   + جديد: اليوم.. 3 مواجهات بانطلاق عجلة الموسم الجديد لدوري نجوم العر
[2026-08-14 07:18:27]   + جديد: "رويترز": المخابرات الأميركية تشكك بالمعلومات الإسرائيلية بش
[2026-08-14 07:18:29]   + جديد: بعد 260 يوماً في البحر.. "سنتكوم" تنفي تسجيل وفيات وانتحار ع
[2026-08-14 07:18:29] جاري فحص: بغداد اليوم
[2026-08-14 07:18:29]   لا يوجد أخبار جديدة من بغداد اليوم
[2026-08-14 07:18:29] جاري فحص: السومرية نيوز
[2026-08-14 07:18:31]   لا يوجد أخبار جديدة من السومرية نيوز
[2026-08-14 07:18:31] جاري فحص: المدى
[2026-08-14 07:18:31] تعذر فتح صفحة المدى: 403 Client Error: Forbidden for url: https://almadapaper.net/
[2026-08-14 07:18:31]   لا يوجد أخبار جديدة من المدى
[2026-08-14 07:18:31] انتهى التشغيل — أخبار جديدة: 3 — إجمالي محفوظ: 150
[2026-08-14 08:42:56] جاري فحص: شفق نيوز
[2026-08-14 08:42:59]   + جديد: تفکيك ذرائع اللادولة: كيف رسم نيجيرفان بارزاني معالم السيادة
[2026-08-14 08:43:01]   + جديد: "الطرف الثالث" والمقرات الوهمية: عقدان من الفوضى الأمنية تقف
[2026-08-14 08:43:03]   + جديد: من رماد الحرب الباردة إلى جحيم النووي: ترامب وكولمبي.. مابين
[2026-08-14 08:43:05]   + جديد: دعوة لكوريا الجنوبية للمشاركة في "رباعية البصرة".. واعتذار م
[2026-08-14 08:43:06]   + جديد: غزو صامت للبحر المتوسط.. ألف نوع دخيل يعيد رسم الحياة البحري
[2026-08-14 08:43:08]   + جديد: خاص.. خبير عسكري أميركي يحذر من تحديات سياسية "سلبية" على ال
[2026-08-14 08:43:10]   + جديد: تحذير طبي للحوامل.. نكهات السجائر الإلكترونية تهدد سلامة الن
[2026-08-14 08:43:10] جاري فحص: بغداد اليوم
[2026-08-14 08:43:11]   لا يوجد أخبار جديدة من بغداد اليوم
[2026-08-14 08:43:11] جاري فحص: السومرية نيوز
[2026-08-14 08:43:11]   لا يوجد أخبار جديدة من السومرية نيوز
[2026-08-14 08:43:11] جاري فحص: المدى
[2026-08-14 08:43:11] تعذر فتح صفحة المدى: 403 Client Error: Forbidden for url: https://almadapaper.net/
[2026-08-14 08:43:11]   لا يوجد أخبار جديدة من المدى
[2026-08-14 08:43:11] انتهى التشغيل — أخبار جديدة: 7 — إجمالي محفوظ: 150
[2026-08-14 09:55:53] جاري فحص: شفق نيوز
[2026-08-14 09:55:55]   + جديد: وزير النفط: حققنا تصدير 49 مليون برميل من الخام ونمضي بمد أن
[2026-08-14 09:55:57]   + جديد: انخفاض بنسبة 70%.. من يقتل أسماك العراق؟
[2026-08-14 09:55:58]   + جديد: قتيل وجريح بمشاجرة عائلية مسلحة واعتقال 5 متورطين بالرضوانية
[2026-08-14 09:56:00]   + جديد: بيئة الأنبار تتحرك ضد معامل الرمل المخالفة: أكثر من 8 دعاوى 
[2026-08-14 09:56:02]   + جديد: الديوانية وديالى.. تفكيك شبكة للتعيينات الوهمية واعتقال تاجر
[2026-08-14 09:56:03]   + جديد: مراكز بحثية أميركية تصنف البعوض كـ""أخطر كائن في العالم"
[2026-08-14 09:56:05]   + جديد: لافروف: سنكثف تدمير الدعم الغربي لكييف والهدنة الفورية غير م
[2026-08-14 09:56:05] جاري فحص: بغداد اليوم
[2026-08-14 09:56:05]   لا يوجد أخبار جديدة من بغداد اليوم
[2026-08-14 09:56:05] جاري فحص: السومرية نيوز
[2026-08-14 09:56:06]   لا يوجد أخبار جديدة من السومرية نيوز
[2026-08-14 09:56:06] جاري فحص: المدى
[2026-08-14 09:56:06] تعذر فتح صفحة المدى: 403 Client Error: Forbidden for url: https://almadapaper.net/
[2026-08-14 09:56:06]   لا يوجد أخبار جديدة من المدى
[2026-08-14 09:56:06] انتهى التشغيل — أخبار جديدة: 7 — إجمالي محفوظ: 150
[2026-08-14 10:56:05] جاري فحص: شفق نيوز
[2026-08-14 10:56:08]   + جديد: حصري.. تفاصيل اجتماع عراقي سعودي أميركي تصدرته الفصائل وتحرك
[2026-08-14 10:56:10]   + جديد: رسو ثلاث ناقلات نفطية عملاقة بميناء البصرة لتحميل 6 ملايين ب
[2026-08-14 10:56:12]   + جديد: هيسغيث يرد على الأخبار عن الحالة النفسية لبحارة حاملة الطائر
[2026-08-14 10:56:14]   + جديد: دهوك.. مصرع منتسب مرور وإصابة اثنين بحادث دهس مروع
[2026-08-14 10:56:16]   + جديد: قوة من هيئة النزاهة تعتقل وكيلاً في وزارة الكهرباء
[2026-08-14 10:56:16] جاري فحص: بغداد اليوم
[2026-08-14 10:56:17]   لا يوجد أخبار جديدة من بغداد اليوم
[2026-08-14 10:56:17] جاري فحص: السومرية نيوز
[2026-08-14 10:56:17]   لا يوجد أخبار جديدة من السومرية نيوز
[2026-08-14 10:56:17] جاري فحص: المدى
[2026-08-14 10:56:17] تعذر فتح صفحة المدى: 403 Client Error: Forbidden for url: https://almadapaper.net/
[2026-08-14 10:56:17]   لا يوجد أخبار جديدة من المدى
[2026-08-14 10:56:17] انتهى التشغيل — أخبار جديدة: 5 — إجمالي محفوظ: 150
[2026-08-14 11:42:11] جاري فحص: شفق نيوز
[2026-08-14 11:42:14]   + جديد: لبنان تباشر إجراءات تسليم ضابط في جيش الأسد للسلطات السورية
[2026-08-14 11:42:16]   + جديد: الحرائق تجتاح بريطانيا.. ألسنة اللهب تلتهم المنازل والسكان ي
[2026-08-14 11:42:18]   + جديد: البادية الأكبر في العراق.. الرطبة تطرح فرصاً استثمارية صناعي
[2026-08-14 11:42:18] جاري فحص: بغداد اليوم
[2026-08-14 11:42:29]   لا يوجد أخبار جديدة من بغداد اليوم
[2026-08-14 11:42:29] جاري فحص: السومرية نيوز
[2026-08-14 11:42:29]   لا يوجد أخبار جديدة من السومرية نيوز
[2026-08-14 11:42:29] جاري فحص: المدى
[2026-08-14 11:42:29] تعذر فتح صفحة المدى: 403 Client Error: Forbidden for url: https://almadapaper.net/
[2026-08-14 11:42:29]   لا يوجد أخبار جديدة من المدى
[2026-08-14 11:42:29] انتهى التشغيل — أخبار جديدة: 3 — إجمالي محفوظ: 150
[2026-08-14 12:56:54] جاري فحص: شفق نيوز
[2026-08-14 12:56:56]   + جديد: ديالى.. الإطاحة بـ"ضابط" متورط بتهريب مواد ممنوعة ويضبط مخزن
[2026-08-14 12:56:58]   + جديد: السلطات الألمانية تعتقل عراقيين اثنين بتهمة الانتماء لـ"داعش
[2026-08-14 12:57:00]   + جديد: تركيا تزيل اسم "سيبان حمو" من قوائم المطلوبين
[2026-08-14 12:57:01]   + جديد: تكليف قائد جديد للفرقة الخاصة بحماية المنطقة الخضراء وسط بغد
[2026-08-14 12:57:03]   + جديد: العراق في المستوى الرابع.. 4 دول أوروبية ضمن قائمة "المخاطر 
[2026-08-14 12:57:03] جاري فحص: بغداد اليوم
[2026-08-14 12:57:08]   لا يوجد أخبار جديدة من بغداد اليوم
[2026-08-14 12:57:08] جاري فحص: السومرية نيوز
[2026-08-14 12:57:08]   لا يوجد أخبار جديدة من السومرية نيوز
[2026-08-14 12:57:08] جاري فحص: المدى
[2026-08-14 12:57:08] تعذر فتح صفحة المدى: 403 Client Error: Forbidden for url: https://almadapaper.net/
[2026-08-14 12:57:08]   لا يوجد أخبار جديدة من المدى
[2026-08-14 12:57:08] انتهى التشغيل — أخبار جديدة: 5 — إجمالي محفوظ: 150
[2026-08-14 14:15:12] جاري فحص: شفق نيوز
[2026-08-14 14:15:15]   + جديد: الزيدي يوجّه المنافذ الحدودية بالعمل بالتمويل الذاتي ويشدد ع
[2026-08-14 14:15:17]   + جديد: "رويترز": أميركا تطالب نتنياهو بالتنديد علناً بحصار المستوطن
[2026-08-14 14:15:19]   + جديد: نقابة الصحفيين العراقيين تدين اعتداء حماية وزير النفط على إع
[2026-08-14 14:15:19] جاري فحص: بغداد اليوم
[2026-08-14 14:15:20]   لا يوجد أخبار جديدة من بغداد اليوم
[2026-08-14 14:15:20] جاري فحص: السومرية نيوز
[2026-08-14 14:15:21]   لا يوجد أخبار جديدة من السومرية نيوز
[2026-08-14 14:15:21] جاري فحص: المدى
[2026-08-14 14:15:21] تعذر فتح صفحة المدى: 403 Client Error: Forbidden for url: https://almadapaper.net/
[2026-08-14 14:15:21]   لا يوجد أخبار جديدة من المدى
[2026-08-14 14:15:21] انتهى التشغيل — أخبار جديدة: 3 — إجمالي محفوظ: 150
[2026-08-14 15:20:27] جاري فحص: شفق نيوز
[2026-08-14 15:20:30]   + جديد: إيران تعلن إسقاط طائرة "MQ-9" أميركية في هرمزغان
[2026-08-14 15:20:31]   + جديد: أهالي الناصرية يقطعون الشوارع احتجاجاً على تردي الكهرباء
[2026-08-14 15:20:33]   + جديد: فرنسا.. إلغاء مشروع قانون حظر وسائل التواصل تحت 15 عاماً
[2026-08-14 15:20:35]   + جديد: كرواتيا.. إصابات وهروب الآلاف جراء حريق غابات كبير
[2026-08-14 15:20:36]   + جديد: إدارة الطلبة تعلن رفع الحظر عن النادي بعد انتفاء أسباب القرا
[2026-08-14 15:20:38]   + جديد: البنتاغون يبرم اتفاقيتين لتسريع إنتاج صواريخ SM-3 الاعتراضية
[2026-08-14 15:20:38] جاري فحص: بغداد اليوم
[2026-08-14 15:20:38]   لا يوجد أخبار جديدة من بغداد اليوم
[2026-08-14 15:20:38] جاري فحص: السومرية نيوز
[2026-08-14 15:20:40]   لا يوجد أخبار جديدة من السومرية نيوز
[2026-08-14 15:20:40] جاري فحص: المدى
[2026-08-14 15:20:40] تعذر فتح صفحة المدى: 403 Client Error: Forbidden for url: https://almadapaper.net/
[2026-08-14 15:20:40]   لا يوجد أخبار جديدة من المدى
[2026-08-14 15:20:40] انتهى التشغيل — أخبار جديدة: 6 — إجمالي محفوظ: 150
[2026-08-14 16:14:08] جاري فحص: شفق نيوز
[2026-08-14 16:14:11]   + جديد: انتشار قوات جهاز مكافحة الإرهاب في بابل وإجراء عمليات تفتيش
[2026-08-14 16:14:13]   + جديد: رويترز: حركة السفن في مضيق هرمز شارفت على التوقف التام
[2026-08-14 16:14:15]   + جديد: خبراء: الطقس الحار يزيد الخلافات الزوجية
[2026-08-14 16:14:17]   + جديد: يبدأ غداً.. سوريا تحذر من ارتفاع مناسيب نهر الفرات
[2026-08-14 16:14:17] جاري فحص: بغداد اليوم
[2026-08-14 16:14:21]   لا يوجد أخبار جديدة من بغداد اليوم
[2026-08-14 16:14:21] جاري فحص: السومرية نيوز
[2026-08-14 16:14:23]   لا يوجد أخبار جديدة من السومرية نيوز
[2026-08-14 16:14:23] جاري فحص: المدى
[2026-08-14 16:14:23] تعذر فتح صفحة المدى: 403 Client Error: Forbidden for url: https://almadapaper.net/
[2026-08-14 16:14:23]   لا يوجد أخبار جديدة من المدى
[2026-08-14 16:14:23] انتهى التشغيل — أخبار جديدة: 4 — إجمالي محفوظ: 150
[2026-08-14 17:26:38] جاري فحص: شفق نيوز
[2026-08-14 17:26:41]   + جديد: في 3 محافظات.. غرق شاب وإنقاذ طفلة وخطف امرأة بعد استدراجها
[2026-08-14 17:26:43]   + جديد: الجيش الأميركي: تغيير مسار 62 سفينة منذ استئناف حصار إيران
[2026-08-14 17:26:43] جاري فحص: بغداد اليوم
[2026-08-14 17:26:44]   لا يوجد أخبار جديدة من بغداد اليوم
[2026-08-14 17:26:44] جاري فحص: السومرية نيوز
[2026-08-14 17:26:45]   لا يوجد أخبار جديدة من السومرية نيوز
[2026-08-14 17:26:45] جاري فحص: المدى
[2026-08-14 17:26:45] تعذر فتح صفحة المدى: 403 Client Error: Forbidden for url: https://almadapaper.net/
[2026-08-14 17:26:45]   لا يوجد أخبار جديدة من المدى
[2026-08-14 17:26:45] انتهى التشغيل — أخبار جديدة: 2 — إجمالي محفوظ: 150
[2026-08-14 18:24:16] جاري فحص: شفق نيوز
[2026-08-14 18:24:20]   + جديد: تقرير غربي يرصد "حيلة" جديدة للفصائل تبعثر ورقة نزع السلاح
[2026-08-14 18:24:21]   + جديد: النفط يحقق أول فوز بـ"نجوم العراق" على الكرخ وتعادل نفط ميسا
[2026-08-14 18:24:23]   + جديد: الحوثيون يعلنون استهداف منشأة لـ"أرامكو" السعودية في نجران ب
[2026-08-14 18:24:23] جاري فحص: بغداد اليوم
[2026-08-14 18:24:26]   لا يوجد أخبار جديدة من بغداد اليوم
[2026-08-14 18:24:26] جاري فحص: السومرية نيوز
[2026-08-14 18:24:26]   لا يوجد أخبار جديدة من السومرية نيوز
[2026-08-14 18:24:26] جاري فحص: المدى
[2026-08-14 18:24:26] تعذر فتح صفحة المدى: 403 Client Error: Forbidden for url: https://almadapaper.net/
[2026-08-14 18:24:26]   لا يوجد أخبار جديدة من المدى
[2026-08-14 18:24:26] انتهى التشغيل — أخبار جديدة: 3 — إجمالي محفوظ: 150
[2026-08-14 19:27:39] جاري فحص: شفق نيوز
[2026-08-14 19:27:41]   + جديد: تشاجرت مع طليقها.. عشرينية تنتحر شنقاً في العراق
[2026-08-14 19:27:43]   + جديد: أربيل تدفع تكلفة "نزع سلاح الفصائل".. رسائل المسيرات تتجاوز 
[2026-08-14 19:27:44]   + جديد: الأسبوع المقبل.. واشنطن تستعد لإجراءات "لم يسبق لها مثيل" ضد
[2026-08-14 19:27:45]   + جديد: كندا: عقوبات على 5 مسؤولين إيرانيين
[2026-08-14 19:27:47]   + جديد: تجسس على هواتف آيفون.. أبل تحذر المستخدمين في 110 دول
[2026-08-14 19:27:47] جاري فحص: بغداد اليوم
[2026-08-14 19:27:47]   لا يوجد أخبار جديدة من بغداد اليوم
[2026-08-14 19:27:47] جاري فحص: السومرية نيوز
[2026-08-14 19:27:48]   لا يوجد أخبار جديدة من السومرية نيوز
[2026-08-14 19:27:48] جاري فحص: المدى
[2026-08-14 19:27:48] تعذر فتح صفحة المدى: 403 Client Error: Forbidden for url: https://almadapaper.net/
[2026-08-14 19:27:48]   لا يوجد أخبار جديدة من المدى
[2026-08-14 19:27:48] انتهى التشغيل — أخبار جديدة: 5 — إجمالي محفوظ: 150
[2026-08-14 20:03:19] جاري فحص: شفق نيوز
[2026-08-14 20:03:21]   + جديد: مصرع 3 مدنيين بينهم طفلان بحادث صهريج عراقي على طريق حمص - ط
[2026-08-14 20:03:23]   + جديد: الوقف السني بكركوك: الأرض الاستثمارية في "رجيبات" لا تضم مقب
[2026-08-14 20:03:25]   + جديد: ترمب: قريبا سأعلن مضيق هرمز أرضا تابعة للولايات المتحدة (تحد
[2026-08-14 20:03:25] جاري فحص: بغداد اليوم
[2026-08-14 20:03:30]   لا يوجد أخبار جديدة من بغداد اليوم
[2026-08-14 20:03:30] جاري فحص: السومرية نيوز
[2026-08-14 20:03:31]   لا يوجد أخبار جديدة من السومرية نيوز
[2026-08-14 20:03:31] جاري فحص: المدى
[2026-08-14 20:03:31] تعذر فتح صفحة المدى: 403 Client Error: Forbidden for url: https://almadapaper.net/
[2026-08-14 20:03:31]   لا يوجد أخبار جديدة من المدى
[2026-08-14 20:03:31] انتهى التشغيل — أخبار جديدة: 3 — إجمالي محفوظ: 150
[2026-08-14 20:54:46] جاري فحص: شفق نيوز
[2026-08-14 20:54:49]   + جديد: تعادل القوة الجوية ونوروز بافتتاح دوري نجوم العراق
[2026-08-14 20:54:51]   + جديد: ديالى.. طعن محام بسبب "برج انترنت"
[2026-08-14 20:54:51] جاري فحص: بغداد اليوم
[2026-08-14 20:54:52]   لا يوجد أخبار جديدة من بغداد اليوم
[2026-08-14 20:54:52] جاري فحص: السومرية نيوز
[2026-08-14 20:54:52]   لا يوجد أخبار جديدة من السومرية نيوز
[2026-08-14 20:54:52] جاري فحص: المدى
[2026-08-14 20:54:52] تعذر فتح صفحة المدى: 403 Client Error: Forbidden for url: https://almadapaper.net/
[2026-08-14 20:54:52]   لا يوجد أخبار جديدة من المدى
[2026-08-14 20:54:52] انتهى التشغيل — أخبار جديدة: 2 — إجمالي محفوظ: 150
[2026-08-14 21:20:29] جاري فحص: شفق نيوز
[2026-08-14 21:20:32]   + جديد: معهد أميركي: الشراكة العراقية الخليجية تعد مخرجاً لتنويع الص
[2026-08-14 21:20:32] جاري فحص: بغداد اليوم
[2026-08-14 21:20:33]   لا يوجد أخبار جديدة من بغداد اليوم
[2026-08-14 21:20:33] جاري فحص: السومرية نيوز
[2026-08-14 21:20:35]   لا يوجد أخبار جديدة من السومرية نيوز
[2026-08-14 21:20:35] جاري فحص: المدى
[2026-08-14 21:20:35] تعذر فتح صفحة المدى: 403 Client Error: Forbidden for url: https://almadapaper.net/
[2026-08-14 21:20:35]   لا يوجد أخبار جديدة من المدى
[2026-08-14 21:20:35] انتهى التشغيل — أخبار جديدة: 1 — إجمالي محفوظ: 150
[2026-08-14 21:48:27] جاري فحص: شفق نيوز
[2026-08-14 21:48:28]   لا يوجد أخبار جديدة من شفق نيوز
[2026-08-14 21:48:28] جاري فحص: بغداد اليوم
[2026-08-14 21:48:29]   لا يوجد أخبار جديدة من بغداد اليوم
[2026-08-14 21:48:29] جاري فحص: السومرية نيوز
[2026-08-14 21:48:30]   لا يوجد أخبار جديدة من السومرية نيوز
[2026-08-14 21:48:30] جاري فحص: المدى
[2026-08-14 21:48:30] تعذر فتح صفحة المدى: 403 Client Error: Forbidden for url: https://almadapaper.net/
[2026-08-14 21:48:30]   لا يوجد أخبار جديدة من المدى
[2026-08-14 21:48:30] انتهى التشغيل — أخبار جديدة: 0 — إجمالي محفوظ: 150
[2026-08-14 22:17:52] جاري فحص: شفق نيوز
[2026-08-14 22:17:53]   لا يوجد أخبار جديدة من شفق نيوز
[2026-08-14 22:17:53] جاري فحص: بغداد اليوم
[2026-08-14 22:17:54]   لا يوجد أخبار جديدة من بغداد اليوم
[2026-08-14 22:17:54] جاري فحص: السومرية نيوز
[2026-08-14 22:17:55]   لا يوجد أخبار جديدة من السومرية نيوز
[2026-08-14 22:17:55] جاري فحص: المدى
[2026-08-14 22:17:55] تعذر فتح صفحة المدى: 403 Client Error: Forbidden for url: https://almadapaper.net/
[2026-08-14 22:17:55]   لا يوجد أخبار جديدة من المدى
[2026-08-14 22:17:55] انتهى التشغيل — أخبار جديدة: 0 — إجمالي محفوظ: 150
[2026-08-14 22:48:00] جاري فحص: شفق نيوز
[2026-08-14 22:48:01]   لا يوجد أخبار جديدة من شفق نيوز
[2026-08-14 22:48:01] جاري فحص: بغداد اليوم
[2026-08-14 22:48:02]   لا يوجد أخبار جديدة من بغداد اليوم
[2026-08-14 22:48:02] جاري فحص: السومرية نيوز
[2026-08-14 22:48:03]   لا يوجد أخبار جديدة من السومرية نيوز
[2026-08-14 22:48:03] جاري فحص: المدى
[2026-08-14 22:48:04] تعذر فتح صفحة المدى: 403 Client Error: Forbidden for url: https://almadapaper.net/
[2026-08-14 22:48:04]   لا يوجد أخبار جديدة من المدى
[2026-08-14 22:48:04] انتهى التشغيل — أخبار جديدة: 0 — إجمالي محفوظ: 150
[2026-08-14 23:17:22] جاري فحص: شفق نيوز
[2026-08-14 23:17:23]   لا يوجد أخبار جديدة من شفق نيوز
[2026-08-14 23:17:23] جاري فحص: بغداد اليوم
[2026-08-14 23:17:24]   لا يوجد أخبار جديدة من بغداد اليوم
[2026-08-14 23:17:24] جاري فحص: السومرية نيوز
[2026-08-14 23:17:28]   لا يوجد أخبار جديدة من السومرية نيوز
[2026-08-14 23:17:28] جاري فحص: المدى
[2026-08-14 23:17:28] تعذر فتح صفحة المدى: 403 Client Error: Forbidden for url: https://almadapaper.net/
[2026-08-14 23:17:28]   لا يوجد أخبار جديدة من المدى
[2026-08-14 23:17:28] انتهى التشغيل — أخبار جديدة: 0 — إجمالي محفوظ: 150
[2026-08-14 23:45:36] جاري فحص: شفق نيوز
[2026-08-14 23:45:37]   لا يوجد أخبار جديدة من شفق نيوز
[2026-08-14 23:45:37] جاري فحص: بغداد اليوم
[2026-08-14 23:45:38]   لا يوجد أخبار جديدة من بغداد اليوم
[2026-08-14 23:45:38] جاري فحص: السومرية نيوز
[2026-08-14 23:45:38]   لا يوجد أخبار جديدة من السومرية نيوز
[2026-08-14 23:45:38] جاري فحص: المدى
[2026-08-14 23:45:38] تعذر فتح صفحة المدى: 403 Client Error: Forbidden for url: https://almadapaper.net/
[2026-08-14 23:45:38]   لا يوجد أخبار جديدة من المدى
[2026-08-14 23:45:38] انتهى التشغيل — أخبار جديدة: 0 — إجمالي محفوظ: 150
[2026-08-15 00:59:32] جاري فحص: شفق نيوز
[2026-08-15 00:59:33]   لا يوجد أخبار جديدة من شفق نيوز
[2026-08-15 00:59:33] جاري فحص: بغداد اليوم
[2026-08-15 00:59:34]   لا يوجد أخبار جديدة من بغداد اليوم
[2026-08-15 00:59:34] جاري فحص: السومرية نيوز
[2026-08-15 00:59:35]   لا يوجد أخبار جديدة من السومرية نيوز
[2026-08-15 00:59:35] جاري فحص: المدى
[2026-08-15 00:59:35] تعذر فتح صفحة المدى: 403 Client Error: Forbidden for url: https://almadapaper.net/
[2026-08-15 00:59:35]   لا يوجد أخبار جديدة من المدى
[2026-08-15 00:59:35] انتهى التشغيل — أخبار جديدة: 0 — إجمالي محفوظ: 150
[2026-08-15 02:15:54] جاري فحص: شفق نيوز
[2026-08-15 02:15:55]   لا يوجد أخبار جديدة من شفق نيوز
[2026-08-15 02:15:55] جاري فحص: بغداد اليوم
[2026-08-15 02:15:59]   لا يوجد أخبار جديدة من بغداد اليوم
[2026-08-15 02:15:59] جاري فحص: السومرية نيوز
[2026-08-15 02:16:01]   لا يوجد أخبار جديدة من السومرية نيوز
[2026-08-15 02:16:01] جاري فحص: المدى
[2026-08-15 02:16:01] تعذر فتح صفحة المدى: 403 Client Error: Forbidden for url: https://almadapaper.net/
[2026-08-15 02:16:01]   لا يوجد أخبار جديدة من المدى
[2026-08-15 02:16:01] انتهى التشغيل — أخبار جديدة: 0 — إجمالي محفوظ: 150
[2026-08-15 03:10:57] جاري فحص: شفق نيوز
[2026-08-15 03:10:58]   لا يوجد أخبار جديدة من شفق نيوز
[2026-08-15 03:10:58] جاري فحص: بغداد اليوم
[2026-08-15 03:11:01]   لا يوجد أخبار جديدة من بغداد اليوم
[2026-08-15 03:11:01] جاري فحص: السومرية نيوز
[2026-08-15 03:11:03]   لا يوجد أخبار جديدة من السومرية نيوز
[2026-08-15 03:11:03] جاري فحص: المدى
[2026-08-15 03:11:03] تعذر فتح صفحة المدى: 403 Client Error: Forbidden for url: https://almadapaper.net/
[2026-08-15 03:11:03]   لا يوجد أخبار جديدة من المدى
[2026-08-15 03:11:03] انتهى التشغيل — أخبار جديدة: 0 — إجمالي محفوظ: 150
[2026-08-15 04:03:00] جاري فحص: شفق نيوز
[2026-08-15 04:03:01]   لا يوجد أخبار جديدة من شفق نيوز
[2026-08-15 04:03:01] جاري فحص: بغداد اليوم
[2026-08-15 04:03:01]   لا يوجد أخبار جديدة من بغداد اليوم
[2026-08-15 04:03:01] جاري فحص: السومرية نيوز
[2026-08-15 04:03:02]   لا يوجد أخبار جديدة من السومرية نيوز
[2026-08-15 04:03:02] جاري فحص: المدى
[2026-08-15 04:03:02] تعذر فتح صفحة المدى: 403 Client Error: Forbidden for url: https://almadapaper.net/
[2026-08-15 04:03:02]   لا يوجد أخبار جديدة من المدى
[2026-08-15 04:03:02] انتهى التشغيل — أخبار جديدة: 0 — إجمالي محفوظ: 150
[2026-08-15 04:55:48] جاري فحص: شفق نيوز
[2026-08-15 04:55:49]   لا يوجد أخبار جديدة من شفق نيوز
[2026-08-15 04:55:49] جاري فحص: بغداد اليوم
[2026-08-15 04:55:51]   لا يوجد أخبار جديدة من بغداد اليوم
[2026-08-15 04:55:51] جاري فحص: السومرية نيوز
[2026-08-15 04:55:52]   لا يوجد أخبار جديدة من السومرية نيوز
[2026-08-15 04:55:52] جاري فحص: المدى
[2026-08-15 04:55:52] تعذر فتح صفحة المدى: 403 Client Error: Forbidden for url: https://almadapaper.net/
[2026-08-15 04:55:52]   لا يوجد أخبار جديدة من المدى
[2026-08-15 04:55:52] انتهى التشغيل — أخبار جديدة: 0 — إجمالي محفوظ: 150
[2026-08-15 05:21:49] جاري فحص: شفق نيوز
[2026-08-15 05:21:52]   + جديد: حصيلة غير نهائية.. 6 ضحايا بغارات إسرائيلية جنوب لبنان
[2026-08-15 05:21:52] جاري فحص: بغداد اليوم
[2026-08-15 05:21:52]   لا يوجد أخبار جديدة من بغداد اليوم
[2026-08-15 05:21:52] جاري فحص: السومرية نيوز
[2026-08-15 05:21:53]   لا يوجد أخبار جديدة من السومرية نيوز
[2026-08-15 05:21:53] جاري فحص: المدى
[2026-08-15 05:21:53] تعذر فتح صفحة المدى: 403 Client Error: Forbidden for url: https://almadapaper.net/
[2026-08-15 05:21:53]   لا يوجد أخبار جديدة من المدى
[2026-08-15 05:21:53] انتهى التشغيل — أخبار جديدة: 1 — إجمالي محفوظ: 150
[2026-08-15 05:49:52] جاري فحص: شفق نيوز
[2026-08-15 05:49:54]   + جديد: عراقجي: لا مفاوضات مع واشنطن وعودة هرمز تتطلب تلبية شروطنا
[2026-08-15 05:49:56]   + جديد: منتخب العراق لتنس الطاولة يتوج بالذهبية في بطولة غرب آسيا
[2026-08-15 05:49:57]   + جديد: إندونيسيا.. مقتل 20 شخصاً جراء زلزال
[2026-08-15 05:49:59]   + جديد: تعرف على مواجهات اليوم من دوري نجوم العراق
[2026-08-15 05:49:59] جاري فحص: بغداد اليوم
[2026-08-15 05:49:59]   لا يوجد أخبار جديدة من بغداد اليوم
[2026-08-15 05:49:59] جاري فحص: السومرية نيوز
[2026-08-15 05:50:01]   لا يوجد أخبار جديدة من السومرية نيوز
[2026-08-15 05:50:01] جاري فحص: المدى
[2026-08-15 05:50:01] تعذر فتح صفحة المدى: 403 Client Error: Forbidden for url: https://almadapaper.net/
[2026-08-15 05:50:01]   لا يوجد أخبار جديدة من المدى
[2026-08-15 05:50:01] انتهى التشغيل — أخبار جديدة: 4 — إجمالي محفوظ: 150
[2026-08-15 06:30:41] جاري فحص: شفق نيوز
[2026-08-15 06:30:43]   + جديد: خام البصرة ينهي الأسبوع على مكاسب رغم تراجعه بآخر جلسة
[2026-08-15 06:30:45]   + جديد: هرمز.. شلل غير مسبوق وأرقام صادمة
[2026-08-15 06:30:45] جاري فحص: بغداد اليوم
[2026-08-15 06:30:45]   لا يوجد أخبار جديدة من بغداد اليوم
[2026-08-15 06:30:45] جاري فحص: السومرية نيوز
[2026-08-15 06:30:46]   لا يوجد أخبار جديدة من السومرية نيوز
[2026-08-15 06:30:46] جاري فحص: المدى
[2026-08-15 06:30:46] تعذر فتح صفحة المدى: 403 Client Error: Forbidden for url: https://almadapaper.net/
[2026-08-15 06:30:46]   لا يوجد أخبار جديدة من المدى
[2026-08-15 06:30:46] انتهى التشغيل — أخبار جديدة: 2 — إجمالي محفوظ: 150
[2026-08-15 07:26:07] جاري فحص: شفق نيوز
[2026-08-15 07:26:10]   + جديد: مستشار الأمن القومي في أربيل لبحث جملة ملفات
[2026-08-15 07:26:12]   + جديد: مصرع وإصابة نحو 20 شخصاً بإنقلاب حافلة تقل سائحين جنوب الموص
[2026-08-15 07:26:14]   + جديد: عملية مشتركة في البحر.. العراق يعلن تفكيك شبكة تهريب دولية و
[2026-08-15 07:26:15]   + جديد: هجوم فرنسي على ماكرون بسبب "سلوك غير لائق"
[2026-08-15 07:26:17]   + جديد: بلاغ جديد عن إصابة سفينة بضائع في هرمز
[2026-08-15 07:26:17] جاري فحص: بغداد اليوم
[2026-08-15 07:26:18]   لا يوجد أخبار جديدة من بغداد اليوم
[2026-08-15 07:26:18] جاري فحص: السومرية نيوز
[2026-08-15 07:26:19]   لا يوجد أخبار جديدة من السومرية نيوز
[2026-08-15 07:26:19] جاري فحص: المدى
[2026-08-15 07:26:19] تعذر فتح صفحة المدى: 403 Client Error: Forbidden for url: https://almadapaper.net/
[2026-08-15 07:26:19]   لا يوجد أخبار جديدة من المدى
[2026-08-15 07:26:19] انتهى التشغيل — أخبار جديدة: 5 — إجمالي محفوظ: 150
[2026-08-15 07:51:55] جاري فحص: شفق نيوز
[2026-08-15 07:51:57]   + جديد: بغداد وأربيل.. أسواق الصرف تفتتح أسبوعها على ارتفاع بأسعار ا
[2026-08-15 07:51:58]   + جديد: الكوريون يودعون لحوم الكلاب بعد قرون من أكلها
[2026-08-15 07:51:58] جاري فحص: بغداد اليوم
[2026-08-15 07:51:59]   لا يوجد أخبار جديدة من بغداد اليوم
[2026-08-15 07:51:59] جاري فحص: السومرية نيوز
[2026-08-15 07:51:59]   لا يوجد أخبار جديدة من السومرية نيوز
[2026-08-15 07:51:59] جاري فحص: المدى
[2026-08-15 07:51:59] تعذر فتح صفحة المدى: 403 Client Error: Forbidden for url: https://almadapaper.net/
[2026-08-15 07:51:59]   لا يوجد أخبار جديدة من المدى
[2026-08-15 07:51:59] انتهى التشغيل — أخبار جديدة: 2 — إجمالي محفوظ: 150
[2026-08-15 08:21:29] جاري فحص: شفق نيوز
[2026-08-15 08:21:31]   + جديد: خاص.. تقييم شامل لإدارات المصارف العراقية يمهّد لـ"هيكلة" مر
[2026-08-15 08:21:32]   + جديد: قائد الحرس الثوري يشبه المواجهة مع واشنطن بالحرب العراقية - 
[2026-08-15 08:21:32] جاري فحص: بغداد اليوم
[2026-08-15 08:21:33]   لا يوجد أخبار جديدة من بغداد اليوم
[2026-08-15 08:21:33] جاري فحص: السومرية نيوز
[2026-08-15 08:21:33]   لا يوجد أخبار جديدة من السومرية نيوز
[2026-08-15 08:21:33] جاري فحص: المدى
[2026-08-15 08:21:33] تعذر فتح صفحة المدى: 403 Client Error: Forbidden for url: https://almadapaper.net/
[2026-08-15 08:21:33]   لا يوجد أخبار جديدة من المدى
[2026-08-15 08:21:33] انتهى التشغيل — أخبار جديدة: 2 — إجمالي محفوظ: 150
[2026-08-15 08:53:33] جاري فحص: شفق نيوز
[2026-08-15 08:53:35]   + جديد: تباين أسعار الذهب وسط صعود الدولار في بغداد وأربيل
[2026-08-15 08:53:37]   + جديد: بمشاركة 8 فرق.. السيطرة على حريق اندلع داخل مطعم في العطيفية
[2026-08-15 08:53:38]   + جديد: كوريا الجنوبية تعتذر للعراق عن البطولة الرباعية وروسيا تقترب
[2026-08-15 08:53:38] جاري فحص: بغداد اليوم
[2026-08-15 08:53:39]   لا يوجد أخبار جديدة من بغداد اليوم
[2026-08-15 08:53:39] جاري فحص: السومرية نيوز
[2026-08-15 08:53:39]   لا يوجد أخبار جديدة من السومرية نيوز
[2026-08-15 08:53:39] جاري فحص: المدى
[2026-08-15 08:53:40] تعذر فتح صفحة المدى: 403 Client Error: Forbidden for url: https://almadapaper.net/
[2026-08-15 08:53:40]   لا يوجد أخبار جديدة من المدى
[2026-08-15 08:53:40] انتهى التشغيل — أخبار جديدة: 3 — إجمالي محفوظ: 150
[2026-08-15 09:21:05] جاري فحص: شفق نيوز
[2026-08-15 09:21:07]   + جديد: انطلاق بطولة كركوك لبناء الأجسام
[2026-08-15 09:21:08]   + جديد: حصيلة جديدة.. مصرع 3 أشخاص وإصابة 20 بانقلاب حافلة سياحية جن
[2026-08-15 09:21:08] جاري فحص: بغداد اليوم
[2026-08-15 09:21:09]   لا يوجد أخبار جديدة من بغداد اليوم
[2026-08-15 09:21:09] جاري فحص: السومرية نيوز
[2026-08-15 09:21:09]   لا يوجد أخبار جديدة من السومرية نيوز
[2026-08-15 09:21:09] جاري فحص: المدى
[2026-08-15 09:21:09] تعذر فتح صفحة المدى: 403 Client Error: Forbidden for url: https://almadapaper.net/
[2026-08-15 09:21:09]   لا يوجد أخبار جديدة من المدى
[2026-08-15 09:21:09] انتهى التشغيل — أخبار جديدة: 2 — إجمالي محفوظ: 150
[2026-08-15 09:48:37] جاري فحص: شفق نيوز
[2026-08-15 09:48:39]   + جديد: العراق ضمن خريطة الأسواق العربية لاستيراد البسكويت البرازيلي
[2026-08-15 09:48:40]   + جديد: مأساة في ديالى وكركوك.. مصرع 3 أطفال بحريق وشاب غرقاً أثناء 
[2026-08-15 09:48:42]   + جديد: قتلى وجرحى بغارة إسرائيلية جديدة جنوبي لبنان
[2026-08-15 09:48:42] جاري فحص: بغداد اليوم
[2026-08-15 09:48:42]   لا يوجد أخبار جديدة من بغداد اليوم
[2026-08-15 09:48:42] جاري فحص: السومرية نيوز
[2026-08-15 09:48:43]   لا يوجد أخبار جديدة من السومرية نيوز
[2026-08-15 09:48:43] جاري فحص: المدى
[2026-08-15 09:48:43] تعذر فتح صفحة المدى: 403 Client Error: Forbidden for url: https://almadapaper.net/
[2026-08-15 09:48:43]   لا يوجد أخبار جديدة من المدى
[2026-08-15 09:48:43] انتهى التشغيل — أخبار جديدة: 3 — إجمالي محفوظ: 150
[2026-08-15 10:17:51] جاري فحص: شفق نيوز
[2026-08-15 10:17:53]   + جديد: العراق يخطط لرفع مساهمة السياحة: 10 ملايين زائر ومليون ونصف 
[2026-08-15 10:17:55]   + جديد: بعمليات استباقية.. الإطاحة بثلاثة إرهابيين وضبط كدس عتاد لدا
[2026-08-15 10:17:55] جاري فحص: بغداد اليوم
[2026-08-15 10:18:07]   لا يوجد أخبار جديدة من بغداد اليوم
[2026-08-15 10:18:07] جاري فحص: السومرية نيوز
[2026-08-15 10:18:08]   لا يوجد أخبار جديدة من السومرية نيوز
[2026-08-15 10:18:08] جاري فحص: المدى
[2026-08-15 10:18:08] تعذر فتح صفحة المدى: 403 Client Error: Forbidden for url: https://almadapaper.net/
[2026-08-15 10:18:08]   لا يوجد أخبار جديدة من المدى
[2026-08-15 10:18:08] انتهى التشغيل — أخبار جديدة: 2 — إجمالي محفوظ: 150
[2026-08-15 10:46:42] جاري فحص: شفق نيوز
[2026-08-15 10:46:45]   + جديد: العراق يعزز حضوره بين أبرز أسواق الكرز التركي
[2026-08-15 10:46:47]   + جديد: أربيل يحسم صفقة علي جاسم.. مليون دولار لإنهاء ارتباطه بكومو 
[2026-08-15 10:46:48]   + جديد: نوم السائق أدى للكارثة.. المرور تكشف كواليس الحادث المروع عل
[2026-08-15 10:46:50]   + جديد: إيران تحتجز دبلوماسيين فرنسيين بتهمة التدخل والتجسس
[2026-08-15 10:46:50] جاري فحص: بغداد اليوم
[2026-08-15 10:46:53]   لا يوجد أخبار جديدة من بغداد اليوم
[2026-08-15 10:46:53] جاري فحص: السومرية نيوز
[2026-08-15 10:46:54]   لا يوجد أخبار جديدة من السومرية نيوز
[2026-08-15 10:46:54] جاري فحص: المدى
[2026-08-15 10:46:55] تعذر فتح صفحة المدى: 403 Client Error: Forbidden for url: https://almadapaper.net/
[2026-08-15 10:46:55]   لا يوجد أخبار جديدة من المدى
[2026-08-15 10:46:55] انتهى التشغيل — أخبار جديدة: 4 — إجمالي محفوظ: 150
[2026-08-15 11:15:41] جاري فحص: شفق نيوز
[2026-08-15 11:15:43]   + جديد: بغداد وأربيل تبحثان سير تنفيذ بنود الاتفاق الأمني المشترك مع
[2026-08-15 11:15:45]   + جديد: نينوى تنتظر موافقة بغداد لإنشاء شركة نفطية
[2026-08-15 11:15:46]   + جديد: نينوى.. أكثر من 31 ألف تلميذ يؤدون امتحانات الدور الثاني للس
[2026-08-15 11:15:48]   + جديد: العراق ضمن خريطة الأسواق العربية لاستيراد البسكويت البرازيلي
[2026-08-15 11:15:48] جاري فحص: بغداد اليوم
[2026-08-15 11:15:49]   لا يوجد أخبار جديدة من بغداد اليوم
[2026-08-15 11:15:49] جاري فحص: السومرية نيوز
[2026-08-15 11:15:49]   لا يوجد أخبار جديدة من السومرية نيوز
[2026-08-15 11:15:49] جاري فحص: المدى
[2026-08-15 11:15:49] تعذر فتح صفحة المدى: 403 Client Error: Forbidden for url: https://almadapaper.net/
[2026-08-15 11:15:49]   لا يوجد أخبار جديدة من المدى
[2026-08-15 11:15:49] انتهى التشغيل — أخبار جديدة: 4 — إجمالي محفوظ: 150
[2026-08-15 11:43:07] جاري فحص: شفق نيوز
[2026-08-15 11:43:10]   + جديد: للمرة الثانية خلال يوم.. زلزال عنيف يضرب إندونيسيا
[2026-08-15 11:43:12]   + جديد: كركوك والأنبار.. مسلحون يستهدفون 4 منازل بإطلاق النار وشاب ي
[2026-08-15 11:43:12] جاري فحص: بغداد اليوم
[2026-08-15 11:43:13]   لا يوجد أخبار جديدة من بغداد اليوم
[2026-08-15 11:43:13] جاري فحص: السومرية نيوز
[2026-08-15 11:43:13]   لا يوجد أخبار جديدة من السومرية نيوز
[2026-08-15 11:43:13] جاري فحص: المدى
[2026-08-15 11:43:13] تعذر فتح صفحة المدى: 403 Client Error: Forbidden for url: https://almadapaper.net/
[2026-08-15 11:43:13]   لا يوجد أخبار جديدة من المدى
[2026-08-15 11:43:13] انتهى التشغيل — أخبار جديدة: 2 — إجمالي محفوظ: 150
[2026-08-15 12:28:43] جاري فحص: شفق نيوز
[2026-08-15 12:28:45]   + جديد: إيراني يقتل سائقاً أنبارياً بسبب "الأجرة" والأمن العراقي يعت
[2026-08-15 12:28:47]   + جديد: "ضحايا دون الـ18 عاماً بلا إنصاف".. الصالحي يطالب بتعديل قان
[2026-08-15 12:28:48]   + جديد: المسيحيون في العراق.. ألفا عام من الحضور وحق أصيل في صناعة ا
[2026-08-15 12:28:50]   + جديد: استنفار أمني في الرمادي عقب الاشتباه بسيارة مفخخة (فيديو)
[2026-08-15 12:28:50] جاري فحص: بغداد اليوم
[2026-08-15 12:28:50]   لا يوجد أخبار جديدة من بغداد اليوم
[2026-08-15 12:28:50] جاري فحص: السومرية نيوز
[2026-08-15 12:28:51]   لا يوجد أخبار جديدة من السومرية نيوز
[2026-08-15 12:28:51] جاري فحص: المدى
[2026-08-15 12:28:51] تعذر فتح صفحة المدى: 403 Client Error: Forbidden for url: https://almadapaper.net/
[2026-08-15 12:28:51]   لا يوجد أخبار جديدة من المدى
[2026-08-15 12:28:51] انتهى التشغيل — أخبار جديدة: 4 — إجمالي محفوظ: 150
[2026-08-15 13:09:09] جاري فحص: شفق نيوز
[2026-08-15 13:09:12]   + جديد: الشيوعي العراقي يدين استمرار استهداف إقليم كوردستان ويدعو لك
[2026-08-15 13:09:14]   + جديد: حزب الله: القصف الإسرائيلي الأخير دليل على رغبة نتنياهو بتصع
[2026-08-15 13:09:16]   + جديد: الاتحاد العراقي للفروسية يحدد 25 أيلول موعداً للانتخابات
[2026-08-15 13:09:17]   + جديد: إنتاج القمح في سورية يتجاوز 3.5 ملايين طن.. والحسكة تتصدر ال
[2026-08-15 13:09:17] جاري فحص: بغداد اليوم
[2026-08-15 13:09:29]   لا يوجد أخبار جديدة من بغداد اليوم
[2026-08-15 13:09:29] جاري فحص: السومرية نيوز
[2026-08-15 13:09:30]   لا يوجد أخبار جديدة من السومرية نيوز
[2026-08-15 13:09:30] جاري فحص: المدى
[2026-08-15 13:09:30] تعذر فتح صفحة المدى: 403 Client Error: Forbidden for url: https://almadapaper.net/
[2026-08-15 13:09:30]   لا يوجد أخبار جديدة من المدى
[2026-08-15 13:09:30] انتهى التشغيل — أخبار جديدة: 4 — إجمالي محفوظ: 150
[2026-08-15 13:50:57] جاري فحص: شفق نيوز
[2026-08-15 13:50:59]   + جديد: فاكهة الجنة" تزين بساتين بلد.. 30 ألف طن سنوياً تضع صلاح الد
[2026-08-15 13:51:01]   + جديد: بين آلاف العناوين.. السليمانية تفتح أبواب أول معرض للكتاب ال
[2026-08-15 13:51:02]   + جديد: مع الإغلاق.. استقرار أسعار الدولار في بغداد وارتفاعها بأربيل
[2026-08-15 13:51:04]   + جديد: بقيم تفوق مليار دولار.. النزاهة النيابية تفتح ملف 5 مستشفيات
[2026-08-15 13:51:05]   + جديد: خبراء بيئة يطالبون بتشديد الحماية على "كهف الخفافيش" في إيلا
[2026-08-15 13:51:05] جاري فحص: بغداد اليوم
[2026-08-15 13:51:06]   لا يوجد أخبار جديدة من بغداد اليوم
[2026-08-15 13:51:06] جاري فحص: السومرية نيوز
[2026-08-15 13:51:07]   لا يوجد أخبار جديدة من السومرية نيوز
[2026-08-15 13:51:07] جاري فحص: المدى
[2026-08-15 13:51:07] تعذر فتح صفحة المدى: 403 Client Error: Forbidden for url: https://almadapaper.net/
[2026-08-15 13:51:07]   لا يوجد أخبار جديدة من المدى
[2026-08-15 13:51:07] انتهى التشغيل — أخبار جديدة: 5 — إجمالي محفوظ: 150
[2026-08-15 14:17:47] جاري فحص: شفق نيوز
[2026-08-15 14:17:50]   + جديد: المثنى.. عمليات البادية تتسلّم تأمين "القرية العصرية" من الح
[2026-08-15 14:17:50] جاري فحص: بغداد اليوم
[2026-08-15 14:17:53]   لا يوجد أخبار جديدة من بغداد اليوم
[2026-08-15 14:17:53] جاري فحص: السومرية نيوز
[2026-08-15 14:17:54]   لا يوجد أخبار جديدة من السومرية نيوز
[2026-08-15 14:17:54] جاري فحص: المدى
[2026-08-15 14:17:54] تعذر فتح صفحة المدى: 403 Client Error: Forbidden for url: https://almadapaper.net/
[2026-08-15 14:17:54]   لا يوجد أخبار جديدة من المدى
[2026-08-15 14:17:54] انتهى التشغيل — أخبار جديدة: 1 — إجمالي محفوظ: 150
[2026-08-15 14:46:54] جاري فحص: شفق نيوز
[2026-08-15 14:46:56]   + جديد: أردوغان: سنواصل تعزيز علاقاتنا مع الكورد وحماية حقوقهم في ال
[2026-08-15 14:46:58]   + جديد: "سنتكوم" تنشر صوراً لإقلاع مقاتلات أميركية في بحر العرب
[2026-08-15 14:46:58] جاري فحص: بغداد اليوم
[2026-08-15 14:46:58]   لا يوجد أخبار جديدة من بغداد اليوم
[2026-08-15 14:46:58] جاري فحص: السومرية نيوز
[2026-08-15 14:47:01]   لا يوجد أخبار جديدة من السومرية نيوز
[2026-08-15 14:47:01] جاري فحص: المدى
[2026-08-15 14:47:01] تعذر فتح صفحة المدى: 403 Client Error: Forbidden for url: https://almadapaper.net/
[2026-08-15 14:47:01]   لا يوجد أخبار جديدة من المدى
[2026-08-15 14:47:01] انتهى التشغيل — أخبار جديدة: 2 — إجمالي محفوظ: 150
[2026-08-15 15:15:43] جاري فحص: شفق نيوز
[2026-08-15 15:15:46]   + جديد: عراقجي: دول الجوار ركيزة إيران الاقتصادية في مواجهة الحظر
[2026-08-15 15:15:47]   + جديد: الحزب الديمقراطي الكوردستاني:  ثمانون عاماً من قیادة الحركة 
[2026-08-15 15:15:49]   + جديد: مكتب نتنياهو: إصابة جنود إسرائيليين بهجوم نفذه حزب الله
[2026-08-15 15:15:51]   + جديد: إصابة 5 أشخاص بإطلاق نار أمام سكن طلابي في جامعة ولاية فرجين
[2026-08-15 15:15:52]   + جديد: العمل والمال لا يصنعان وطنا.. باربل الألمانية تفتح سجل ثماني
[2026-08-15 15:15:52] جاري فحص: بغداد اليوم
[2026-08-15 15:15:53]   لا يوجد أخبار جديدة من بغداد اليوم
[2026-08-15 15:15:53] جاري فحص: السومرية نيوز
[2026-08-15 15:15:53]   لا يوجد أخبار جديدة من السومرية نيوز
[2026-08-15 15:15:53] جاري فحص: المدى
[2026-08-15 15:15:53] تعذر فتح صفحة المدى: 403 Client Error: Forbidden for url: https://almadapaper.net/
[2026-08-15 15:15:53]   لا يوجد أخبار جديدة من المدى
[2026-08-15 15:15:53] انتهى التشغيل — أخبار جديدة: 5 — إجمالي محفوظ: 150
[2026-08-15 15:43:51] جاري فحص: شفق نيوز
[2026-08-15 15:43:53]   + جديد: حصري.. العراق يسحب الحشد من حدود السعودية ويشكل "عمليات البا
[2026-08-15 15:43:55]   + جديد: الإطار التنسيقي.. اجتماعات بينية مكثفة لاستكمال الكابينة الح
[2026-08-15 15:43:56]   + جديد: الطاغية والمحكمة والصحف المسترجعة.. وتناقضات الانفصال عن الو
[2026-08-15 15:43:58]   + جديد: الزيدي: عام 2027 سيكون انطلاقة تغيير واقع الكهرباء في العراق
[2026-08-15 15:43:59]   + جديد: إيران: توصلنا لاتفاق مع عُمان بشأن خريطة الملاحة في هرمز
[2026-08-15 15:43:59] جاري فحص: بغداد اليوم
[2026-08-15 15:44:00]   لا يوجد أخبار جديدة من بغداد اليوم
[2026-08-15 15:44:00] جاري فحص: السومرية نيوز
[2026-08-15 15:44:00]   لا يوجد أخبار جديدة من السومرية نيوز
[2026-08-15 15:44:00] جاري فحص: المدى
[2026-08-15 15:44:00] تعذر فتح صفحة المدى: 403 Client Error: Forbidden for url: https://almadapaper.net/
[2026-08-15 15:44:00]   لا يوجد أخبار جديدة من المدى
[2026-08-15 15:44:00] انتهى التشغيل — أخبار جديدة: 5 — إجمالي محفوظ: 150
[2026-08-15 16:18:51] جاري فحص: شفق نيوز
[2026-08-15 16:18:53]   + جديد: خاص.. لجنة الزيدي تدخل "جرف الصخر" غداً.. "ولا تغيير بمصير ك
[2026-08-15 16:18:55]   + جديد: إسرائيل تغتال قائداً في قوة الرضوان جنوبي لبنان
[2026-08-15 16:18:55] جاري فحص: بغداد اليوم
[2026-08-15 16:18:56]   لا يوجد أخبار جديدة من بغداد اليوم
[2026-08-15 16:18:56] جاري فحص: السومرية نيوز
[2026-08-15 16:18:58]   لا يوجد أخبار جديدة من السومرية نيوز
[2026-08-15 16:18:58] جاري فحص: المدى
[2026-08-15 16:18:58] تعذر فتح صفحة المدى: 403 Client Error: Forbidden for url: https://almadapaper.net/
[2026-08-15 16:18:58]   لا يوجد أخبار جديدة من المدى
[2026-08-15 16:18:58] انتهى التشغيل — أخبار جديدة: 2 — إجمالي محفوظ: 150
[2026-08-15 16:48:28] جاري فحص: شفق نيوز
[2026-08-15 16:48:30]   + جديد: اليمن.. توقف العمليات في ميناء المخا إثر هجمات حوثية
[2026-08-15 16:48:32]   + جديد: إيران تحتجز دبلوماسيين فرنسيين وتتهمهما بالارتباط بمشروع "تد
[2026-08-15 16:48:33]   + جديد: بابل.. تظاهرة مؤيدة لبقاء الحشد في جرف الصخر
[2026-08-15 16:48:35]   + جديد: الزيدي يطلق خطة إعمار الديوانية ويعلنها عاصمة العراق الزراعي
[2026-08-15 16:48:35] جاري فحص: بغداد اليوم
[2026-08-15 16:48:35]   لا يوجد أخبار جديدة من بغداد اليوم
[2026-08-15 16:48:35] جاري فحص: السومرية نيوز
[2026-08-15 16:48:36]   لا يوجد أخبار جديدة من السومرية نيوز
[2026-08-15 16:48:36] جاري فحص: المدى
[2026-08-15 16:48:36] تعذر فتح صفحة المدى: 403 Client Error: Forbidden for url: https://almadapaper.net/
[2026-08-15 16:48:36]   لا يوجد أخبار جديدة من المدى
[2026-08-15 16:48:36] انتهى التشغيل — أخبار جديدة: 4 — إجمالي محفوظ: 150
[2026-08-15 17:16:32] جاري فحص: شفق نيوز
[2026-08-15 17:16:34]   + جديد: الثالث خلال 24 ساعة.. زلزال جديد يضرب إندونيسيا بقوة 6 درجات
[2026-08-15 17:16:36]   + جديد: بعد مناشدة.. النجف تخصص "750 مليون دينار" لدعم مركز الأورام 
[2026-08-15 17:16:36] جاري فحص: بغداد اليوم
[2026-08-15 17:16:36]   لا يوجد أخبار جديدة من بغداد اليوم
[2026-08-15 17:16:36] جاري فحص: السومرية نيوز
[2026-08-15 17:16:37]   لا يوجد أخبار جديدة من السومرية نيوز
[2026-08-15 17:16:37] جاري فحص: المدى
[2026-08-15 17:16:37] تعذر فتح صفحة المدى: 403 Client Error: Forbidden for url: https://almadapaper.net/
[2026-08-15 17:16:37]   لا يوجد أخبار جديدة من المدى
[2026-08-15 17:16:37] انتهى التشغيل — أخبار جديدة: 2 — إجمالي محفوظ: 150
[2026-08-15 17:44:25] جاري فحص: شفق نيوز
[2026-08-15 17:44:28]   + جديد: منتخب شباب العراق يتوجه إلى تايلاند لمعسكر تدريبي استعداداً 
[2026-08-15 17:44:30]   + جديد: "FIA": الاتحاد العراقي (IAMF) الممثل الحصري لرياضة المحركات
[2026-08-15 17:44:31]   + جديد: إيران تتجه لتطوير "قصر شيرين" لتعزيز التبادل التجاري مع العر
[2026-08-15 17:44:33]   + جديد: دوري النجوم.. ديالى يقلب الطاولة على الطلبة وزاخو يتجاوز غاز
[2026-08-15 17:44:33] جاري فحص: بغداد اليوم
[2026-08-15 17:44:34]   لا يوجد أخبار جديدة من بغداد اليوم
[2026-08-15 17:44:34] جاري فحص: السومرية نيوز
[2026-08-15 17:44:34]   لا يوجد أخبار جديدة من السومرية نيوز
[2026-08-15 17:44:34] جاري فحص: المدى
[2026-08-15 17:44:34] تعذر فتح صفحة المدى: 403 Client Error: Forbidden for url: https://almadapaper.net/
[2026-08-15 17:44:34]   لا يوجد أخبار جديدة من المدى
[2026-08-15 17:44:34] انتهى التشغيل — أخبار جديدة: 4 — إجمالي محفوظ: 150
[2026-08-15 18:22:09] جاري فحص: شفق نيوز
[2026-08-15 18:22:11]   + جديد: العملات المشفرة تخسر تريليون دولار منذ بداية العام
[2026-08-15 18:22:13]   + جديد: شرطة ديالى تعلن اعتقال جميع أطراف مشاجرة خرنابات
[2026-08-15 18:22:13] جاري فحص: بغداد اليوم
[2026-08-15 18:22:19]   لا يوجد أخبار جديدة من بغداد اليوم
[2026-08-15 18:22:19] جاري فحص: السومرية نيوز
[2026-08-15 18:22:20]   لا يوجد أخبار جديدة من السومرية نيوز
[2026-08-15 18:22:20] جاري فحص: المدى
[2026-08-15 18:22:20] تعذر فتح صفحة المدى: 403 Client Error: Forbidden for url: https://almadapaper.net/
[2026-08-15 18:22:20]   لا يوجد أخبار جديدة من المدى
[2026-08-15 18:22:20] انتهى التشغيل — أخبار جديدة: 2 — إجمالي محفوظ: 150
[2026-08-15 18:55:05] جاري فحص: شفق نيوز
[2026-08-15 18:55:07]   + جديد: العراق.. بطالة "مليونية" وقطاع خاص يحتضر
[2026-08-15 18:55:09]   + جديد: اليمن..3 صواريخ باليستية حوثية تستهدف مأرب
[2026-08-15 18:55:09] جاري فحص: بغداد اليوم
[2026-08-15 18:55:14]   لا يوجد أخبار جديدة من بغداد اليوم
[2026-08-15 18:55:14] جاري فحص: السومرية نيوز
[2026-08-15 18:55:15]   لا يوجد أخبار جديدة من السومرية نيوز
[2026-08-15 18:55:15] جاري فحص: المدى
[2026-08-15 18:55:15] تعذر فتح صفحة المدى: 403 Client Error: Forbidden for url: https://almadapaper.net/
[2026-08-15 18:55:15]   لا يوجد أخبار جديدة من المدى
[2026-08-15 18:55:15] انتهى التشغيل — أخبار جديدة: 2 — إجمالي محفوظ: 150
[2026-08-15 19:18:10] جاري فحص: شفق نيوز
[2026-08-15 19:18:12]   + جديد: ذي قار.. شبهات فساد بمشروع كاميرات مراقبة قيمته 12 مليار دين
[2026-08-15 19:18:13]   + جديد: قطر تنفي احتجاز طيارين إيرانيين وتعلن انتشال رفات أحدهم
[2026-08-15 19:18:15]   + جديد: هزة أرضية تضرب جمجمال في السليمانية
[2026-08-15 19:18:15] جاري فحص: بغداد اليوم
[2026-08-15 19:18:18]   لا يوجد أخبار جديدة من بغداد اليوم
[2026-08-15 19:18:18] جاري فحص: السومرية نيوز
[2026-08-15 19:18:19]   لا يوجد أخبار جديدة من السومرية نيوز
[2026-08-15 19:18:19] جاري فحص: المدى
[2026-08-15 19:18:19] تعذر فتح صفحة المدى: 403 Client Error: Forbidden for url: https://almadapaper.net/
[2026-08-15 19:18:19]   لا يوجد أخبار جديدة من المدى
[2026-08-15 19:18:19] انتهى التشغيل — أخبار جديدة: 3 — إجمالي محفوظ: 150
[2026-08-15 19:43:39] جاري فحص: شفق نيوز
[2026-08-15 19:43:41]   + جديد: حملة إسرائيلية للتأثير في إجابات ChatGPT وPerplexity بشأن غز
[2026-08-15 19:43:41] جاري فحص: بغداد اليوم
[2026-08-15 19:43:41]   لا يوجد أخبار جديدة من بغداد اليوم
[2026-08-15 19:43:41] جاري فحص: السومرية نيوز
[2026-08-15 19:43:42]   لا يوجد أخبار جديدة من السومرية نيوز
[2026-08-15 19:43:42] جاري فحص: المدى
[2026-08-15 19:43:42] تعذر فتح صفحة المدى: 403 Client Error: Forbidden for url: https://almadapaper.net/
[2026-08-15 19:43:42]   لا يوجد أخبار جديدة من المدى
[2026-08-15 19:43:42] انتهى التشغيل — أخبار جديدة: 1 — إجمالي محفوظ: 150
[2026-08-15 20:16:58] جاري فحص: شفق نيوز
[2026-08-15 20:17:01]   + جديد: إصابة ضابط ومنتسب خلال اشتباك مسلح مع مطلوب في الديوانية
[2026-08-15 20:17:02]   + جديد: تعادلان في دوري نجوم العراق
[2026-08-15 20:17:04]   + جديد: حسين سعيد ينتقد أرضيات الملاعب ويحمل لجنة التراخيص المسؤولية
[2026-08-15 20:17:04] جاري فحص: بغداد اليوم
[2026-08-15 20:17:04]   لا يوجد أخبار جديدة من بغداد اليوم
[2026-08-15 20:17:04] جاري فحص: السومرية نيوز
[2026-08-15 20:17:06]   لا يوجد أخبار جديدة من السومرية نيوز
[2026-08-15 20:17:06] جاري فحص: المدى
[2026-08-15 20:17:06] تعذر فتح صفحة المدى: 403 Client Error: Forbidden for url: https://almadapaper.net/
[2026-08-15 20:17:06]   لا يوجد أخبار جديدة من المدى
[2026-08-15 20:17:06] انتهى التشغيل — أخبار جديدة: 3 — إجمالي محفوظ: 150
[2026-08-15 20:46:53] جاري فحص: شفق نيوز
[2026-08-15 20:46:55]   + جديد: كركوك تؤكد على دور العشائر في مواجهة التطرف وتعزيز الاستقرار
[2026-08-15 20:46:57]   + جديد: العراق يتضامن مع إندونيسيا بعد الزلزال التي ضربتها
[2026-08-15 20:46:59]   + جديد: إدانات عربية لاعتداءات إسرائيل على لبنان وهجمات إيران في هرم
[2026-08-15 20:46:59] جاري فحص: بغداد اليوم
[2026-08-15 20:46:59]   لا يوجد أخبار جديدة من بغداد اليوم
[2026-08-15 20:46:59] جاري فحص: السومرية نيوز
[2026-08-15 20:47:00]   لا يوجد أخبار جديدة من السومرية نيوز
[2026-08-15 20:47:00] جاري فحص: المدى
[2026-08-15 20:47:00] تعذر فتح صفحة المدى: 403 Client Error: Forbidden for url: https://almadapaper.net/
[2026-08-15 20:47:00]   لا يوجد أخبار جديدة من المدى
[2026-08-15 20:47:00] انتهى التشغيل — أخبار جديدة: 3 — إجمالي محفوظ: 150
[2026-08-15 21:16:20] جاري فحص: شفق نيوز
[2026-08-15 21:16:22]   + جديد: الصين تختبر اصطياد الطائرات الشبحية بصواريخ محمولة
[2026-08-15 21:16:22] جاري فحص: بغداد اليوم
[2026-08-15 21:16:23]   لا يوجد أخبار جديدة من بغداد اليوم
[2026-08-15 21:16:23] جاري فحص: السومرية نيوز
[2026-08-15 21:16:23]   لا يوجد أخبار جديدة من السومرية نيوز
[2026-08-15 21:16:23] جاري فحص: المدى
[2026-08-15 21:16:23] تعذر فتح صفحة المدى: 403 Client Error: Forbidden for url: https://almadapaper.net/
[2026-08-15 21:16:23]   لا يوجد أخبار جديدة من المدى
[2026-08-15 21:16:23] انتهى التشغيل — أخبار جديدة: 1 — إجمالي محفوظ: 150
[2026-08-15 21:43:46] جاري فحص: شفق نيوز
[2026-08-15 21:43:47]   لا يوجد أخبار جديدة من شفق نيوز
[2026-08-15 21:43:47] جاري فحص: بغداد اليوم
[2026-08-15 21:43:48]   لا يوجد أخبار جديدة من بغداد اليوم
[2026-08-15 21:43:48] جاري فحص: السومرية نيوز
[2026-08-15 21:43:49]   لا يوجد أخبار جديدة من السومرية نيوز
[2026-08-15 21:43:49] جاري فحص: المدى
[2026-08-15 21:43:49] تعذر فتح صفحة المدى: 403 Client Error: Forbidden for url: https://almadapaper.net/
[2026-08-15 21:43:49]   لا يوجد أخبار جديدة من المدى
[2026-08-15 21:43:49] انتهى التشغيل — أخبار جديدة: 0 — إجمالي محفوظ: 150
[2026-08-15 22:16:37] جاري فحص: شفق نيوز
[2026-08-15 22:16:37]   لا يوجد أخبار جديدة من شفق نيوز
[2026-08-15 22:16:37] جاري فحص: بغداد اليوم
[2026-08-15 22:16:38]   لا يوجد أخبار جديدة من بغداد اليوم
[2026-08-15 22:16:38] جاري فحص: السومرية نيوز
[2026-08-15 22:16:38]   لا يوجد أخبار جديدة من السومرية نيوز
[2026-08-15 22:16:38] جاري فحص: المدى
[2026-08-15 22:16:39] تعذر فتح صفحة المدى: 403 Client Error: Forbidden for url: https://almadapaper.net/
[2026-08-15 22:16:39]   لا يوجد أخبار جديدة من المدى
[2026-08-15 22:16:39] انتهى التشغيل — أخبار جديدة: 0 — إجمالي محفوظ: 150
[2026-08-15 22:46:10] جاري فحص: شفق نيوز
[2026-08-15 22:46:11]   لا يوجد أخبار جديدة من شفق نيوز
[2026-08-15 22:46:11] جاري فحص: بغداد اليوم
[2026-08-15 22:46:12]   لا يوجد أخبار جديدة من بغداد اليوم
[2026-08-15 22:46:12] جاري فحص: السومرية نيوز
[2026-08-15 22:46:12]   لا يوجد أخبار جديدة من السومرية نيوز
[2026-08-15 22:46:12] جاري فحص: المدى
[2026-08-15 22:46:12] تعذر فتح صفحة المدى: 403 Client Error: Forbidden for url: https://almadapaper.net/
[2026-08-15 22:46:12]   لا يوجد أخبار جديدة من المدى
[2026-08-15 22:46:13] انتهى التشغيل — أخبار جديدة: 0 — إجمالي محفوظ: 150
[2026-08-15 23:15:58] جاري فحص: شفق نيوز
[2026-08-15 23:15:58]   لا يوجد أخبار جديدة من شفق نيوز
[2026-08-15 23:15:58] جاري فحص: بغداد اليوم
[2026-08-15 23:15:59]   لا يوجد أخبار جديدة من بغداد اليوم
[2026-08-15 23:15:59] جاري فحص: السومرية نيوز
[2026-08-15 23:16:00]   لا يوجد أخبار جديدة من السومرية نيوز
[2026-08-15 23:16:00] جاري فحص: المدى
[2026-08-15 23:16:00] تعذر فتح صفحة المدى: 403 Client Error: Forbidden for url: https://almadapaper.net/
[2026-08-15 23:16:00]   لا يوجد أخبار جديدة من المدى
[2026-08-15 23:16:00] انتهى التشغيل — أخبار جديدة: 0 — إجمالي محفوظ: 150
[2026-08-15 23:42:51] جاري فحص: شفق نيوز
[2026-08-15 23:42:52]   لا يوجد أخبار جديدة من شفق نيوز
[2026-08-15 23:42:52] جاري فحص: بغداد اليوم
[2026-08-15 23:42:53]   لا يوجد أخبار جديدة من بغداد اليوم
[2026-08-15 23:42:53] جاري فحص: السومرية نيوز
[2026-08-15 23:42:55]   لا يوجد أخبار جديدة من السومرية نيوز
[2026-08-15 23:42:55] جاري فحص: المدى
[2026-08-15 23:42:55] تعذر فتح صفحة المدى: 403 Client Error: Forbidden for url: https://almadapaper.net/
[2026-08-15 23:42:55]   لا يوجد أخبار جديدة من المدى
[2026-08-15 23:42:55] انتهى التشغيل — أخبار جديدة: 0 — إجمالي محفوظ: 150
[2026-08-16 01:03:06] جاري فحص: شفق نيوز
[2026-08-16 01:03:07]   لا يوجد أخبار جديدة من شفق نيوز
[2026-08-16 01:03:07] جاري فحص: بغداد اليوم
[2026-08-16 01:03:17]   لا يوجد أخبار جديدة من بغداد اليوم
[2026-08-16 01:03:17] جاري فحص: السومرية نيوز
[2026-08-16 01:03:18]   لا يوجد أخبار جديدة من السومرية نيوز
[2026-08-16 01:03:18] جاري فحص: المدى
[2026-08-16 01:03:18] تعذر فتح صفحة المدى: 403 Client Error: Forbidden for url: https://almadapaper.net/
[2026-08-16 01:03:18]   لا يوجد أخبار جديدة من المدى
[2026-08-16 01:03:18] انتهى التشغيل — أخبار جديدة: 0 — إجمالي محفوظ: 150
[2026-08-16 02:39:37] جاري فحص: شفق نيوز
[2026-08-16 02:39:38]   لا يوجد أخبار جديدة من شفق نيوز
[2026-08-16 02:39:38] جاري فحص: بغداد اليوم
[2026-08-16 02:39:39]   لا يوجد أخبار جديدة من بغداد اليوم
[2026-08-16 02:39:39] جاري فحص: السومرية نيوز
[2026-08-16 02:39:40]   لا يوجد أخبار جديدة من السومرية نيوز
[2026-08-16 02:39:40] جاري فحص: المدى
[2026-08-16 02:39:40] تعذر فتح صفحة المدى: 403 Client Error: Forbidden for url: https://almadapaper.net/
[2026-08-16 02:39:40]   لا يوجد أخبار جديدة من المدى
[2026-08-16 02:39:40] انتهى التشغيل — أخبار جديدة: 0 — إجمالي محفوظ: 150
[2026-08-16 03:43:26] جاري فحص: شفق نيوز
[2026-08-16 03:43:27]   لا يوجد أخبار جديدة من شفق نيوز
[2026-08-16 03:43:27] جاري فحص: بغداد اليوم
[2026-08-16 03:43:28]   لا يوجد أخبار جديدة من بغداد اليوم
[2026-08-16 03:43:28] جاري فحص: السومرية نيوز
[2026-08-16 03:43:28]   لا يوجد أخبار جديدة من السومرية نيوز
[2026-08-16 03:43:28] جاري فحص: المدى
[2026-08-16 03:43:28] تعذر فتح صفحة المدى: 403 Client Error: Forbidden for url: https://almadapaper.net/
[2026-08-16 03:43:28]   لا يوجد أخبار جديدة من المدى
[2026-08-16 03:43:28] انتهى التشغيل — أخبار جديدة: 0 — إجمالي محفوظ: 150
[2026-08-16 04:31:16] جاري فحص: شفق نيوز
[2026-08-16 04:31:17]   لا يوجد أخبار جديدة من شفق نيوز
[2026-08-16 04:31:17] جاري فحص: بغداد اليوم
[2026-08-16 04:31:18]   لا يوجد أخبار جديدة من بغداد اليوم
[2026-08-16 04:31:18] جاري فحص: السومرية نيوز
[2026-08-16 04:31:19]   لا يوجد أخبار جديدة من السومرية نيوز
[2026-08-16 04:31:19] جاري فحص: المدى
[2026-08-16 04:31:19] تعذر فتح صفحة المدى: 403 Client Error: Forbidden for url: https://almadapaper.net/
[2026-08-16 04:31:19]   لا يوجد أخبار جديدة من المدى
[2026-08-16 04:31:19] انتهى التشغيل — أخبار جديدة: 0 — إجمالي محفوظ: 150
[2026-08-16 05:23:35] جاري فحص: شفق نيوز
[2026-08-16 05:23:38]   + جديد: القضاء العراقي يعلن ضبط 20 مليون دولار و60 كغم ذهب بقضية عدن
[2026-08-16 05:23:40]   + جديد: بينها العراق وإسرائيل.. قائد "سنتكوم" يختتم جولة شملت 6 دول 
[2026-08-16 05:23:42]   + جديد: الولائي ينتقد التحكم الأمريكي بـ"أموال العراق" ويدعو لتنويع 
[2026-08-16 05:23:42] جاري فحص: بغداد اليوم
[2026-08-16 05:23:43]   لا يوجد أخبار جديدة من بغداد اليوم
[2026-08-16 05:23:43] جاري فحص: السومرية نيوز
[2026-08-16 05:23:45]   لا يوجد أخبار جديدة من السومرية نيوز
[2026-08-16 05:23:45] جاري فحص: المدى
[2026-08-16 05:23:45] تعذر فتح صفحة المدى: 403 Client Error: Forbidden for url: https://almadapaper.net/
[2026-08-16 05:23:45]   لا يوجد أخبار جديدة من المدى
[2026-08-16 05:23:45] انتهى التشغيل — أخبار جديدة: 3 — إجمالي محفوظ: 150
[2026-08-16 05:52:09] جاري فحص: شفق نيوز
[2026-08-16 05:52:12]   + جديد: الكشف عن كواليس "معركة جوية" أسقطت فيها قطر مقاتلتين إيرانيت
[2026-08-16 05:52:12] جاري فحص: بغداد اليوم
[2026-08-16 05:52:18]   لا يوجد أخبار جديدة من بغداد اليوم
[2026-08-16 05:52:18] جاري فحص: السومرية نيوز
[2026-08-16 05:52:19]   لا يوجد أخبار جديدة من السومرية نيوز
[2026-08-16 05:52:19] جاري فحص: المدى
[2026-08-16 05:52:19] تعذر فتح صفحة المدى: 403 Client Error: Forbidden for url: https://almadapaper.net/
[2026-08-16 05:52:19]   لا يوجد أخبار جديدة من المدى
[2026-08-16 05:52:19] انتهى التشغيل — أخبار جديدة: 1 — إجمالي محفوظ: 150
[2026-08-16 06:32:08] جاري فحص: شفق نيوز
[2026-08-16 06:32:11]   + جديد: احتجاجات المهن الطبية.. قنابل صوتية وقطع طريق قرب وزارة الصح
[2026-08-16 06:32:13]   + جديد: للأسبوع السابع على التوالي.. صادرات النفط العراقي لأميركا تس
[2026-08-16 06:32:15]   + جديد: أربع مواجهات في انطلاق بطولة أندية العراق للسيدات بكرة السلة
[2026-08-16 06:32:17]   + جديد: إسرائيل تعلن مقتل قيادي بارز في حزب الله
[2026-08-16 06:32:19]   + جديد: بمشاركة الشرطة وأربيل ودهوك.. إسدال الستار على الجولة الأولى
[2026-08-16 06:32:19] جاري فحص: بغداد اليوم
[2026-08-16 06:32:20]   لا يوجد أخبار جديدة من بغداد اليوم
[2026-08-16 06:32:20] جاري فحص: السومرية نيوز
[2026-08-16 06:32:20]   لا يوجد أخبار جديدة من السومرية نيوز
[2026-08-16 06:32:20] جاري فحص: المدى
[2026-08-16 06:32:20] تعذر فتح صفحة المدى: 403 Client Error: Forbidden for url: https://almadapaper.net/
[2026-08-16 06:32:20]   لا يوجد أخبار جديدة من المدى
[2026-08-16 06:32:20] انتهى التشغيل — أخبار جديدة: 5 — إجمالي محفوظ: 150
[2026-08-16 07:27:03] جاري فحص: شفق نيوز
[2026-08-16 07:27:05]   + جديد: مرصد اقتصادي: الصمت الحكومي إزاء "تغيير العملة" يربك سوق الد
[2026-08-16 07:27:07]   + جديد: النساء والرجال يسمعون بشكل مختلف.. دراسة تكشف السبب
[2026-08-16 07:27:08]   + جديد: التعليم العراقية تسحب يد رئيس جامعة البصرة (وثيقة)
[2026-08-16 07:27:08] جاري فحص: بغداد اليوم
[2026-08-16 07:27:09]   لا يوجد أخبار جديدة من بغداد اليوم
[2026-08-16 07:27:09] جاري فحص: السومرية نيوز
[2026-08-16 07:27:10]   لا يوجد أخبار جديدة من السومرية نيوز
[2026-08-16 07:27:10] جاري فحص: المدى
[2026-08-16 07:27:10] تعذر فتح صفحة المدى: 403 Client Error: Forbidden for url: https://almadapaper.net/
[2026-08-16 07:27:10]   لا يوجد أخبار جديدة من المدى
[2026-08-16 07:27:10] انتهى التشغيل — أخبار جديدة: 3 — إجمالي محفوظ: 150
[2026-08-16 07:54:09] جاري فحص: شفق نيوز
[2026-08-16 07:54:11]   + جديد: رغم ثباته فوق 153 ألفاً.. تباين أسعار الدولار في بغداد وأربي
[2026-08-16 07:54:13]   + جديد: الكرمة يحسم الجدل بشأن إشراك 6 محترفين أمام الموصل
[2026-08-16 07:54:13] جاري فحص: بغداد اليوم
[2026-08-16 07:54:13]   لا يوجد أخبار جديدة من بغداد اليوم
[2026-08-16 07:54:13] جاري فحص: السومرية نيوز
[2026-08-16 07:54:14]   لا يوجد أخبار جديدة من السومرية نيوز
[2026-08-16 07:54:14] جاري فحص: المدى
[2026-08-16 07:54:15] تعذر فتح صفحة المدى: 403 Client Error: Forbidden for url: https://almadapaper.net/
[2026-08-16 07:54:15]   لا يوجد أخبار جديدة من المدى
[2026-08-16 07:54:15] انتهى التشغيل — أخبار جديدة: 2 — إجمالي محفوظ: 150
[2026-08-16 08:23:34] جاري فحص: شفق نيوز
[2026-08-16 08:23:36]   + جديد: استقرار الذهب في بغداد وارتفاعه بأربيل
[2026-08-16 08:23:38]   + جديد: بين الأمل والحذر.. كيف يقرأ الشارع التركي قانون إدماج مقاتلي
[2026-08-16 08:23:39]   + جديد: طهران تطالب قطر بالسماح لفريق إيراني بالتحقيق في قضية الطيار
[2026-08-16 08:23:39] جاري فحص: بغداد اليوم
[2026-08-16 08:23:48]   لا يوجد أخبار جديدة من بغداد اليوم
[2026-08-16 08:23:48] جاري فحص: السومرية نيوز
[2026-08-16 08:23:48]   لا يوجد أخبار جديدة من السومرية نيوز
[2026-08-16 08:23:48] جاري فحص: المدى
[2026-08-16 08:23:48] تعذر فتح صفحة المدى: 403 Client Error: Forbidden for url: https://almadapaper.net/
[2026-08-16 08:23:48]   لا يوجد أخبار جديدة من المدى
[2026-08-16 08:23:48] انتهى التشغيل — أخبار جديدة: 3 — إجمالي محفوظ: 150
[2026-08-16 08:55:46] جاري فحص: شفق نيوز
[2026-08-16 08:55:49]   + جديد: موظفون يتظاهرون في بغداد احتجاجاً على منعهم من إكمال الدراسة
[2026-08-16 08:55:49] جاري فحص: بغداد اليوم
[2026-08-16 08:55:49]   لا يوجد أخبار جديدة من بغداد اليوم
[2026-08-16 08:55:49] جاري فحص: السومرية نيوز
[2026-08-16 08:55:50]   لا يوجد أخبار جديدة من السومرية نيوز
[2026-08-16 08:55:50] جاري فحص: المدى
[2026-08-16 08:55:50] تعذر فتح صفحة المدى: 403 Client Error: Forbidden for url: https://almadapaper.net/
[2026-08-16 08:55:50]   لا يوجد أخبار جديدة من المدى
[2026-08-16 08:55:50] انتهى التشغيل — أخبار جديدة: 1 — إجمالي محفوظ: 150
[2026-08-16 09:23:48] جاري فحص: شفق نيوز
[2026-08-16 09:23:50]   + جديد: بعد الجميلي.. ضبط نحو 9 مليارات دينار وسبائك ذهب في منازل وك
[2026-08-16 09:23:51]   + جديد: عطل فني يوقف الدفع الإلكتروني بمحطات الوقود الحكومية في العر
[2026-08-16 09:23:53]   + جديد: الأرض تفقد لمعانها.. الكوكب يمتص مزيداً من حرارة الشمس
[2026-08-16 09:23:55]   + جديد: عقدان بلا إعمار حقيقي: لماذا يصر العراقيون على إلغاء مجالس ا
[2026-08-16 09:23:56]   + جديد: من حارسة المنصة إلى صانعة الرواية : كارولين ليفيت والاستقالة
[2026-08-16 09:23:56] جاري فحص: بغداد اليوم
[2026-08-16 09:23:57]   لا يوجد أخبار جديدة من بغداد اليوم
[2026-08-16 09:23:57] جاري فحص: السومرية نيوز
[2026-08-16 09:23:58]   لا يوجد أخبار جديدة من السومرية نيوز
[2026-08-16 09:23:58] جاري فحص: المدى
[2026-08-16 09:23:58] تعذر فتح صفحة المدى: 403 Client Error: Forbidden for url: https://almadapaper.net/
[2026-08-16 09:23:58]   لا يوجد أخبار جديدة من المدى
[2026-08-16 09:23:58] انتهى التشغيل — أخبار جديدة: 5 — إجمالي محفوظ: 150
[2026-08-16 09:51:05] جاري فحص: شفق نيوز
[2026-08-16 09:51:08]   + جديد: ساعات تحبس الأنفاس قرب العراق.. هدنة "بلا سلام" أم حرب أوسع؟
[2026-08-16 09:51:10]   + جديد: العراق رابعاً بين أكثر الجنسيات شراءً للمنازل في تركيا خلال 
[2026-08-16 09:51:10] جاري فحص: بغداد اليوم
[2026-08-16 09:51:14]   لا يوجد أخبار جديدة من بغداد اليوم
[2026-08-16 09:51:14] جاري فحص: السومرية نيوز
[2026-08-16 09:51:15]   لا يوجد أخبار جديدة من السومرية نيوز
[2026-08-16 09:51:15] جاري فحص: المدى
[2026-08-16 09:51:15] تعذر فتح صفحة المدى: 403 Client Error: Forbidden for url: https://almadapaper.net/
[2026-08-16 09:51:15]   لا يوجد أخبار جديدة من المدى
[2026-08-16 09:51:15] انتهى التشغيل — أخبار جديدة: 2 — إجمالي محفوظ: 150
[2026-08-16 10:18:48] جاري فحص: شفق نيوز
[2026-08-16 10:18:51]   + جديد: الموت يطوي رحلة رائد الإخراج المسرحي العراقي صلاح القصب
[2026-08-16 10:18:53]   + جديد: تغييرات في القيادات الأمنية.. تنقلات رفيعة في الشرطة الاتحاد
[2026-08-16 10:18:55]   + جديد: أكسيوس يكشف قناة سرية بين ترمب والحرس الثوري قادها نيجيرفان 
[2026-08-16 10:18:57]   + جديد: إعلام عبري: واشنطن رفضت طلباً إسرائيلياً لضرب أهداف تركية في
[2026-08-16 10:18:58]   + جديد: اندلاع حريق في جملونات داخل مستشفى الفيحاء وسط البصرة
[2026-08-16 10:19:00]   + جديد: "غرامة ثقيلة" إذا أيقظت دباً نائماً في النرويج
[2026-08-16 10:19:00] جاري فحص: بغداد اليوم
[2026-08-16 10:19:02]   لا يوجد أخبار جديدة من بغداد اليوم
[2026-08-16 10:19:02] جاري فحص: السومرية نيوز
[2026-08-16 10:19:03]   لا يوجد أخبار جديدة من السومرية نيوز
[2026-08-16 10:19:03] جاري فحص: المدى
[2026-08-16 10:19:03] تعذر فتح صفحة المدى: 403 Client Error: Forbidden for url: https://almadapaper.net/
[2026-08-16 10:19:03]   لا يوجد أخبار جديدة من المدى
[2026-08-16 10:19:03] انتهى التشغيل — أخبار جديدة: 6 — إجمالي محفوظ: 150
[2026-08-16 10:48:02] جاري فحص: شفق نيوز
[2026-08-16 10:48:04]   + جديد: الديمقراطي الكوردستاني: اجتماع مرتقب مع الاتحاد الوطني لحسم 
[2026-08-16 10:48:06]   + جديد: إعفاء رئيسي لجنتين بمجلس محافظة ديالى بسبب "تحقيق"
[2026-08-16 10:48:08]   + جديد: مستشفى الحويجة ينجح بإنقاذ أم وضعت ثلاثة توائم بعملية قيصرية
[2026-08-16 10:48:09]   + جديد: إعفاء مدير عام في وزارة الكهرباء بسبب "الفشل" في أداء واجبات
[2026-08-16 10:48:11]   + جديد: ديالى.. الإطاحة بشكبة ابتزاز مكونة من 8 أشخاص
[2026-08-16 10:48:13]   + جديد: تصنيف دولي: العراق يرتقي درجة على سلم الدخل العالمي خلال 30 
[2026-08-16 10:48:13] جاري فحص: بغداد اليوم
[2026-08-16 10:48:14]   لا يوجد أخبار جديدة من بغداد اليوم
[2026-08-16 10:48:14] جاري فحص: السومرية نيوز
[2026-08-16 10:48:14]   لا يوجد أخبار جديدة من السومرية نيوز
[2026-08-16 10:48:14] جاري فحص: المدى
[2026-08-16 10:48:15] تعذر فتح صفحة المدى: 403 Client Error: Forbidden for url: https://almadapaper.net/
[2026-08-16 10:48:15]   لا يوجد أخبار جديدة من المدى
[2026-08-16 10:48:15] انتهى التشغيل — أخبار جديدة: 6 — إجمالي محفوظ: 150
[2026-08-16 11:16:05] جاري فحص: شفق نيوز
[2026-08-16 11:16:07]   + جديد: ديالى.. تكليف الحربي مديراً للوقف السني والتصويت على مديري ن
[2026-08-16 11:16:08]   + جديد: على رأس وفد اقتصادي.. رئيس البنك المركزي الإيراني يزور العرا
[2026-08-16 11:16:10]   + جديد: خاص.. تحرك رسمي تجاه واشنطن وطهران لتحرير نفط العراق في هرمز
[2026-08-16 11:16:12]   + جديد: بغداد.. القبض على سارق "عملة قديمة" من كنيسة
[2026-08-16 11:16:12] جاري فحص: بغداد اليوم
[2026-08-16 11:16:13]   لا يوجد أخبار جديدة من بغداد اليوم
[2026-08-16 11:16:13] جاري فحص: السومرية نيوز
[2026-08-16 11:16:13]   لا يوجد أخبار جديدة من السومرية نيوز
[2026-08-16 11:16:13] جاري فحص: المدى
[2026-08-16 11:16:14] تعذر فتح صفحة المدى: 403 Client Error: Forbidden for url: https://almadapaper.net/
[2026-08-16 11:16:14]   لا يوجد أخبار جديدة من المدى
[2026-08-16 11:16:14] انتهى التشغيل — أخبار جديدة: 4 — إجمالي محفوظ: 150
[2026-08-16 11:43:28] جاري فحص: شفق نيوز
[2026-08-16 11:43:31]   + جديد: انلادع حريق في مخيم "شاريا" للنازحين بدهوك
[2026-08-16 11:43:31] جاري فحص: بغداد اليوم
[2026-08-16 11:43:32]   لا يوجد أخبار جديدة من بغداد اليوم
[2026-08-16 11:43:32] جاري فحص: السومرية نيوز
[2026-08-16 11:43:33]   لا يوجد أخبار جديدة من السومرية نيوز
[2026-08-16 11:43:33] جاري فحص: المدى
[2026-08-16 11:43:33] تعذر فتح صفحة المدى: 403 Client Error: Forbidden for url: https://almadapaper.net/
[2026-08-16 11:43:33]   لا يوجد أخبار جديدة من المدى
[2026-08-16 11:43:33] انتهى التشغيل — أخبار جديدة: 1 — إجمالي محفوظ: 150
[2026-08-16 12:30:43] جاري فحص: شفق نيوز
[2026-08-16 12:30:46]   + جديد: الأمن الوطني في المثنى يضبط شبكة لتهريب المشتقات النفطية
[2026-08-16 12:30:48]   + جديد: الدفاع المدني يخمد حريق مذخر أدوية بمستشفى الفيحاء التعليمي 
[2026-08-16 12:30:50]   + جديد: إيران ترصد مكافأة 30 ألف دولار لأسر أو قتل جندي أميركي
[2026-08-16 12:30:50] جاري فحص: بغداد اليوم
[2026-08-16 12:30:50]   لا يوجد أخبار جديدة من بغداد اليوم
[2026-08-16 12:30:50] جاري فحص: السومرية نيوز
[2026-08-16 12:30:51]   لا يوجد أخبار جديدة من السومرية نيوز
[2026-08-16 12:30:51] جاري فحص: المدى
[2026-08-16 12:30:51] تعذر فتح صفحة المدى: 403 Client Error: Forbidden for url: https://almadapaper.net/
[2026-08-16 12:30:51]   لا يوجد أخبار جديدة من المدى
[2026-08-16 12:30:51] انتهى التشغيل — أخبار جديدة: 3 — إجمالي محفوظ: 150
[2026-08-16 13:26:55] جاري فحص: شفق نيوز
[2026-08-16 13:26:57]   + جديد: الدولار يغلق مرتفعا في بغداد وأربيل
[2026-08-16 13:26:59]   + جديد: حصري.. حل "قسد" ووحدات حماية الشعب بنهاية آب
[2026-08-16 13:27:00]   + جديد: نادي زاخو يستنكر إنزال العلم العراقي: سنلاحق المتسبب
[2026-08-16 13:27:00] جاري فحص: بغداد اليوم
[2026-08-16 13:27:12]   لا يوجد أخبار جديدة من بغداد اليوم
[2026-08-16 13:27:12] جاري فحص: السومرية نيوز
[2026-08-16 13:27:12]   لا يوجد أخبار جديدة من السومرية نيوز
[2026-08-16 13:27:12] جاري فحص: المدى
[2026-08-16 13:27:12] تعذر فتح صفحة المدى: 403 Client Error: Forbidden for url: https://almadapaper.net/
[2026-08-16 13:27:12]   لا يوجد أخبار جديدة من المدى
[2026-08-16 13:27:12] انتهى التشغيل — أخبار جديدة: 3 — إجمالي محفوظ: 150
[2026-08-16 13:52:56] جاري فحص: شفق نيوز
[2026-08-16 13:52:58]   + جديد: النزاهة: السجن 7 سنوات غيابيا بحق محافظ صلاح الدين الأسبق
[2026-08-16 13:53:00]   + جديد: الزيدي لسفير إيطاليا: نسعى للاستفادة من التقدم التكنولوجي في
[2026-08-16 13:53:00] جاري فحص: بغداد اليوم
[2026-08-16 13:53:00]   لا يوجد أخبار جديدة من بغداد اليوم
[2026-08-16 13:53:00] جاري فحص: السومرية نيوز
[2026-08-16 13:53:01]   لا يوجد أخبار جديدة من السومرية نيوز
[2026-08-16 13:53:01] جاري فحص: المدى
[2026-08-16 13:53:01] تعذر فتح صفحة المدى: 403 Client Error: Forbidden for url: https://almadapaper.net/
[2026-08-16 13:53:01]   لا يوجد أخبار جديدة من المدى
[2026-08-16 13:53:01] انتهى التشغيل — أخبار جديدة: 2 — إجمالي محفوظ: 150
[2026-08-16 14:18:03] جاري فحص: شفق نيوز
[2026-08-16 14:18:04]   لا يوجد أخبار جديدة من شفق نيوز
[2026-08-16 14:18:04] جاري فحص: بغداد اليوم
[2026-08-16 14:18:06]   لا يوجد أخبار جديدة من بغداد اليوم
[2026-08-16 14:18:06] جاري فحص: السومرية نيوز
[2026-08-16 14:18:08]   لا يوجد أخبار جديدة من السومرية نيوز
[2026-08-16 14:18:08] جاري فحص: المدى
[2026-08-16 14:18:08] تعذر فتح صفحة المدى: 403 Client Error: Forbidden for url: https://almadapaper.net/
[2026-08-16 14:18:08]   لا يوجد أخبار جديدة من المدى
[2026-08-16 14:18:08] انتهى التشغيل — أخبار جديدة: 0 — إجمالي محفوظ: 150
[2026-08-16 14:47:08] جاري فحص: شفق نيوز
[2026-08-16 14:47:10]   + جديد: المثنى.. تحالف جديد برعاية العامري والخزعلي يعيد استجواب الم
[2026-08-16 14:47:10] جاري فحص: بغداد اليوم
[2026-08-16 14:47:20]   لا يوجد أخبار جديدة من بغداد اليوم
[2026-08-16 14:47:20] جاري فحص: السومرية نيوز
[2026-08-16 14:47:21]   لا يوجد أخبار جديدة من السومرية نيوز
[2026-08-16 14:47:21] جاري فحص: المدى
[2026-08-16 14:47:21] تعذر فتح صفحة المدى: 403 Client Error: Forbidden for url: https://almadapaper.net/
[2026-08-16 14:47:21]   لا يوجد أخبار جديدة من المدى
[2026-08-16 14:47:21] انتهى التشغيل — أخبار جديدة: 1 — إجمالي محفوظ: 150
[2026-08-16 15:17:00] جاري فحص: شفق نيوز
[2026-08-16 15:17:03]   + جديد: حلاقو السليمانية يطالبون بتحديد ساعات العمل لإنهاء "المنافسة
[2026-08-16 15:17:04]   + جديد: كوشنر يبحث مع حماس في العلمين تنفيذ خطة ترمب بشأن غزة
[2026-08-16 15:17:04] جاري فحص: بغداد اليوم
[2026-08-16 15:17:05]   لا يوجد أخبار جديدة من بغداد اليوم
[2026-08-16 15:17:05] جاري فحص: السومرية نيوز
[2026-08-16 15:17:06]   لا يوجد أخبار جديدة من السومرية نيوز
[2026-08-16 15:17:06] جاري فحص: المدى
[2026-08-16 15:17:06] تعذر فتح صفحة المدى: 403 Client Error: Forbidden for url: https://almadapaper.net/
[2026-08-16 15:17:06]   لا يوجد أخبار جديدة من المدى
[2026-08-16 15:17:06] انتهى التشغيل — أخبار جديدة: 2 — إجمالي محفوظ: 150
[2026-08-16 15:44:21] جاري فحص: شفق نيوز
[2026-08-16 15:44:23]   + جديد: التجارة العراقية تبحث مع محافظ البنك المركزي الإيراني التعاو
[2026-08-16 15:44:25]   + جديد: شرطة بغداد تعتقل شقيقتين قتلن والدهما بالاشتراك مع والدتهما
[2026-08-16 15:44:25] جاري فحص: بغداد اليوم
[2026-08-16 15:44:25]   لا يوجد أخبار جديدة من بغداد اليوم
[2026-08-16 15:44:25] جاري فحص: السومرية نيوز
[2026-08-16 15:44:25]   لا يوجد أخبار جديدة من السومرية نيوز
[2026-08-16 15:44:25] جاري فحص: المدى
[2026-08-16 15:44:26] تعذر فتح صفحة المدى: 403 Client Error: Forbidden for url: https://almadapaper.net/
[2026-08-16 15:44:26]   لا يوجد أخبار جديدة من المدى
[2026-08-16 15:44:26] انتهى التشغيل — أخبار جديدة: 2 — إجمالي محفوظ: 150
[2026-08-16 16:19:07] جاري فحص: شفق نيوز
[2026-08-16 16:19:09]   + جديد: "ضغوط سياسية" تلغي قرار تغيير مدير الوقف السني في ديالى
[2026-08-16 16:19:11]   + جديد: الموارد المائية العراقية ترفع إطلاقات بحيرة الحبانية لتحسين 
[2026-08-16 16:19:13]   + جديد: تعزيزات مرتقبة للدفاع الجوي العراقي.. توجيه بتسريع تجهيز الم
[2026-08-16 16:19:15]   + جديد: شباب العراق يصل تايلاند استعداداً لتصفيات كأس آسيا تحت 20 عا
[2026-08-16 16:19:15] جاري فحص: بغداد اليوم
[2026-08-16 16:19:16]   لا يوجد أخبار جديدة من بغداد اليوم
[2026-08-16 16:19:16] جاري فحص: السومرية نيوز
[2026-08-16 16:19:16]   لا يوجد أخبار جديدة من السومرية نيوز
[2026-08-16 16:19:16] جاري فحص: المدى
[2026-08-16 16:19:16] تعذر فتح صفحة المدى: 403 Client Error: Forbidden for url: https://almadapaper.net/
[2026-08-16 16:19:16]   لا يوجد أخبار جديدة من المدى
[2026-08-16 16:19:16] انتهى التشغيل — أخبار جديدة: 4 — إجمالي محفوظ: 150
[2026-08-16 16:49:04] جاري فحص: شفق نيوز
[2026-08-16 16:49:05]   لا يوجد أخبار جديدة من شفق نيوز
[2026-08-16 16:49:05] جاري فحص: بغداد اليوم
[2026-08-16 16:49:07]   لا يوجد أخبار جديدة من بغداد اليوم
[2026-08-16 16:49:07] جاري فحص: السومرية نيوز
[2026-08-16 16:49:08]   لا يوجد أخبار جديدة من السومرية نيوز
[2026-08-16 16:49:08] جاري فحص: المدى
[2026-08-16 16:49:08] تعذر فتح صفحة المدى: 403 Client Error: Forbidden for url: https://almadapaper.net/
[2026-08-16 16:49:08]   لا يوجد أخبار جديدة من المدى
[2026-08-16 16:49:08] انتهى التشغيل — أخبار جديدة: 0 — إجمالي محفوظ: 150
[2026-08-16 17:15:14] جاري فحص: شفق نيوز
[2026-08-16 17:15:16]   + جديد: الرئيس الجديد للجنة الأولمبية في كركوك: سنولي اهتماماً خاصاً
[2026-08-16 17:15:16] جاري فحص: بغداد اليوم
[2026-08-16 17:15:17]   لا يوجد أخبار جديدة من بغداد اليوم
[2026-08-16 17:15:17] جاري فحص: السومرية نيوز
[2026-08-16 17:15:17]   لا يوجد أخبار جديدة من السومرية نيوز
[2026-08-16 17:15:17] جاري فحص: المدى
[2026-08-16 17:15:17] تعذر فتح صفحة المدى: 403 Client Error: Forbidden for url: https://almadapaper.net/
[2026-08-16 17:15:17]   لا يوجد أخبار جديدة من المدى
[2026-08-16 17:15:17] انتهى التشغيل — أخبار جديدة: 1 — إجمالي محفوظ: 150
[2026-08-16 17:42:54] جاري فحص: شفق نيوز
[2026-08-16 17:42:55]   + جديد: عراقيون بين العالقين.. مأساة المهاجرين على شواطئ سبتة
[2026-08-16 17:42:57]   + جديد: دوري نجوم العراق.. التعادل ينهي لقاء دهوك والغراف
[2026-08-16 17:42:58]   + جديد: أسايش أربيل: اعتقال متهم بإطلاق النار على موظفي مشروع "الحزا
[2026-08-16 17:43:00]   + جديد: هزة أرضية تضرب الحدود العراقية التركية السورية
[2026-08-16 17:43:00] جاري فحص: بغداد اليوم
[2026-08-16 17:43:00]   لا يوجد أخبار جديدة من بغداد اليوم
[2026-08-16 17:43:00] جاري فحص: السومرية نيوز
[2026-08-16 17:43:01]   لا يوجد أخبار جديدة من السومرية نيوز
[2026-08-16 17:43:01] جاري فحص: المدى
[2026-08-16 17:43:01] تعذر فتح صفحة المدى: 403 Client Error: Forbidden for url: https://almadapaper.net/
[2026-08-16 17:43:01]   لا يوجد أخبار جديدة من المدى
[2026-08-16 17:43:01] انتهى التشغيل — أخبار جديدة: 4 — إجمالي محفوظ: 150
[2026-08-16 18:21:54] جاري فحص: شفق نيوز
[2026-08-16 18:21:57]   + جديد: سيدات العراق للسلة.. أكاد عين كاوة والبيشمركة وسنحاريب يحققن
[2026-08-16 18:21:58]   + جديد: قرب مرقد ديني.. اعتقال موظف "بغدادي" يروج العملة المزورة في 
[2026-08-16 18:22:00]   + جديد: للمرة الـ18.. أرسنال يتوج بدرع المجتمع الإنجليزي (فيديو)
[2026-08-16 18:22:00] جاري فحص: بغداد اليوم
[2026-08-16 18:22:03]   لا يوجد أخبار جديدة من بغداد اليوم
[2026-08-16 18:22:03] جاري فحص: السومرية نيوز
[2026-08-16 18:22:04]   لا يوجد أخبار جديدة من السومرية نيوز
[2026-08-16 18:22:04] جاري فحص: المدى
[2026-08-16 18:22:04] تعذر فتح صفحة المدى: 403 Client Error: Forbidden for url: https://almadapaper.net/
[2026-08-16 18:22:04]   لا يوجد أخبار جديدة من المدى
[2026-08-16 18:22:04] انتهى التشغيل — أخبار جديدة: 3 — إجمالي محفوظ: 150
[2026-08-16 18:54:36] جاري فحص: شفق نيوز
[2026-08-16 18:54:38]   + جديد: بعد توقف أسبوعين.. مصر توافق على دخول الشاحنات العراقية لأرا
[2026-08-16 18:54:38] جاري فحص: بغداد اليوم
[2026-08-16 18:54:39]   لا يوجد أخبار جديدة من بغداد اليوم
[2026-08-16 18:54:39] جاري فحص: السومرية نيوز
[2026-08-16 18:54:40]   لا يوجد أخبار جديدة من السومرية نيوز
[2026-08-16 18:54:40] جاري فحص: المدى
[2026-08-16 18:54:40] تعذر فتح صفحة المدى: 403 Client Error: Forbidden for url: https://almadapaper.net/
[2026-08-16 18:54:40]   لا يوجد أخبار جديدة من المدى
[2026-08-16 18:54:40] انتهى التشغيل — أخبار جديدة: 1 — إجمالي محفوظ: 150
[2026-08-16 19:17:52] جاري فحص: شفق نيوز
[2026-08-16 19:17:56]   + جديد: همتي يتعهد لرجال أعمال إيرانيين في بغداد بمتابعة مستحقاتهم
[2026-08-16 19:17:57]   + جديد: قاليباف: أميركا وإسرائيل فشلتا في تحقيق أهداف الحرب التسعة
[2026-08-16 19:17:59]   + جديد: وفاة شاب بعد توقيفه في اللاذقية ووزير الداخلية السوري يتوعد 
[2026-08-16 19:17:59] جاري فحص: بغداد اليوم
[2026-08-16 19:18:00]   لا يوجد أخبار جديدة من بغداد اليوم
[2026-08-16 19:18:00] جاري فحص: السومرية نيوز
[2026-08-16 19:18:01]   لا يوجد أخبار جديدة من السومرية نيوز
[2026-08-16 19:18:01] جاري فحص: المدى
[2026-08-16 19:18:01] تعذر فتح صفحة المدى: 403 Client Error: Forbidden for url: https://almadapaper.net/
[2026-08-16 19:18:01]   لا يوجد أخبار جديدة من المدى
[2026-08-16 19:18:01] انتهى التشغيل — أخبار جديدة: 3 — إجمالي محفوظ: 150
[2026-08-16 19:42:54] جاري فحص: شفق نيوز
[2026-08-16 19:42:56]   + جديد: حماس توافق على خارطة الطريق للمرحلة الثانية من خطة ترمب بشأن
[2026-08-16 19:42:56] جاري فحص: بغداد اليوم
[2026-08-16 19:42:57]   لا يوجد أخبار جديدة من بغداد اليوم
[2026-08-16 19:42:57] جاري فحص: السومرية نيوز
[2026-08-16 19:42:57]   لا يوجد أخبار جديدة من السومرية نيوز
[2026-08-16 19:42:57] جاري فحص: المدى
[2026-08-16 19:42:58] تعذر فتح صفحة المدى: 403 Client Error: Forbidden for url: https://almadapaper.net/
[2026-08-16 19:42:58]   لا يوجد أخبار جديدة من المدى
[2026-08-16 19:42:58] انتهى التشغيل — أخبار جديدة: 1 — إجمالي محفوظ: 150
[2026-08-16 20:16:26] جاري فحص: شفق نيوز
[2026-08-16 20:16:28]   + جديد: ائتلاف المالكي يطرح فصل موعد الانسحاب الأميركي عن حصر السلاح
[2026-08-16 20:16:30]   + جديد: دوري النجوم.. كربلاء يخطف تعادلاً قاتلاً من الشرطة وأربيل يت
[2026-08-16 20:16:32]   + جديد: إيلام.. توجه لاستكمال البنية التحتية في المناطق الحدودية لجذ
[2026-08-16 20:16:32] جاري فحص: بغداد اليوم
[2026-08-16 20:16:32]   لا يوجد أخبار جديدة من بغداد اليوم
[2026-08-16 20:16:32] جاري فحص: السومرية نيوز
[2026-08-16 20:16:33]   لا يوجد أخبار جديدة من السومرية نيوز
[2026-08-16 20:16:33] جاري فحص: المدى
[2026-08-16 20:16:33] تعذر فتح صفحة المدى: 403 Client Error: Forbidden for url: https://almadapaper.net/
[2026-08-16 20:16:33]   لا يوجد أخبار جديدة من المدى
[2026-08-16 20:16:33] انتهى التشغيل — أخبار جديدة: 3 — إجمالي محفوظ: 150
[2026-08-16 20:45:40] جاري فحص: شفق نيوز
[2026-08-16 20:45:43]   + جديد: حذف أصفار الدينار العراقي.. إصلاح نقدي أم تجميل شكلي؟
[2026-08-16 20:45:45]   + جديد: الزيدي يؤكد للديمقراطي الكوردستاني على تعزيز الشراكة والعمل 
[2026-08-16 20:45:46]   + جديد: إعلام عبري: الجيش الإسرائيلي يستعد لتوسيع عملياته في لبنان
[2026-08-16 20:45:48]   + جديد: العراق يتضامن مع كولومبيا إثر الزلزال ويعرض تقديم الدعم
[2026-08-16 20:45:48] جاري فحص: بغداد اليوم
[2026-08-16 20:45:51]   لا يوجد أخبار جديدة من بغداد اليوم
[2026-08-16 20:45:51] جاري فحص: السومرية نيوز
[2026-08-16 20:45:52]   لا يوجد أخبار جديدة من السومرية نيوز
[2026-08-16 20:45:52] جاري فحص: المدى
[2026-08-16 20:45:52] تعذر فتح صفحة المدى: 403 Client Error: Forbidden for url: https://almadapaper.net/
[2026-08-16 20:45:52]   لا يوجد أخبار جديدة من المدى
[2026-08-16 20:45:52] انتهى التشغيل — أخبار جديدة: 4 — إجمالي محفوظ: 150
[2026-08-16 21:15:10] جاري فحص: شفق نيوز
[2026-08-16 21:15:14]   + جديد: التجارة تعلن بدء صرف مستحقات المزارعين والفلاحين
[2026-08-16 21:15:15]   + جديد: احتجاجاً على الكهرباء.. متظاهرون يتصادمون مع القوات الأمنية 
[2026-08-16 21:15:15] جاري فحص: بغداد اليوم
[2026-08-16 21:15:18]   لا يوجد أخبار جديدة من بغداد اليوم
[2026-08-16 21:15:18] جاري فحص: السومرية نيوز
[2026-08-16 21:15:20]   لا يوجد أخبار جديدة من السومرية نيوز
[2026-08-16 21:15:20] جاري فحص: المدى
[2026-08-16 21:15:20] تعذر فتح صفحة المدى: 403 Client Error: Forbidden for url: https://almadapaper.net/
[2026-08-16 21:15:20]   لا يوجد أخبار جديدة من المدى
[2026-08-16 21:15:20] انتهى التشغيل — أخبار جديدة: 2 — إجمالي محفوظ: 150
[2026-08-16 21:42:47] جاري فحص: شفق نيوز
[2026-08-16 21:42:47]   لا يوجد أخبار جديدة من شفق نيوز
[2026-08-16 21:42:47] جاري فحص: بغداد اليوم
[2026-08-16 21:42:56]   لا يوجد أخبار جديدة من بغداد اليوم
[2026-08-16 21:42:56] جاري فحص: السومرية نيوز
[2026-08-16 21:42:56]   لا يوجد أخبار جديدة من السومرية نيوز
[2026-08-16 21:42:56] جاري فحص: المدى
[2026-08-16 21:42:56] تعذر فتح صفحة المدى: 403 Client Error: Forbidden for url: https://almadapaper.net/
[2026-08-16 21:42:56]   لا يوجد أخبار جديدة من المدى
[2026-08-16 21:42:56] انتهى التشغيل — أخبار جديدة: 0 — إجمالي محفوظ: 150
[2026-08-16 22:15:56] جاري فحص: شفق نيوز
[2026-08-16 22:15:56]   لا يوجد أخبار جديدة من شفق نيوز
[2026-08-16 22:15:56] جاري فحص: بغداد اليوم
[2026-08-16 22:15:59]   لا يوجد أخبار جديدة من بغداد اليوم
[2026-08-16 22:15:59] جاري فحص: السومرية نيوز
[2026-08-16 22:15:59]   لا يوجد أخبار جديدة من السومرية نيوز
[2026-08-16 22:15:59] جاري فحص: المدى
[2026-08-16 22:15:59] تعذر فتح صفحة المدى: 403 Client Error: Forbidden for url: https://almadapaper.net/
[2026-08-16 22:15:59]   لا يوجد أخبار جديدة من المدى
[2026-08-16 22:15:59] انتهى التشغيل — أخبار جديدة: 0 — إجمالي محفوظ: 150
[2026-08-16 22:45:22] جاري فحص: شفق نيوز
[2026-08-16 22:45:23]   لا يوجد أخبار جديدة من شفق نيوز
[2026-08-16 22:45:23] جاري فحص: بغداد اليوم
[2026-08-16 22:45:24]   لا يوجد أخبار جديدة من بغداد اليوم
[2026-08-16 22:45:24] جاري فحص: السومرية نيوز
[2026-08-16 22:45:25]   لا يوجد أخبار جديدة من السومرية نيوز
[2026-08-16 22:45:25] جاري فحص: المدى
[2026-08-16 22:45:25] تعذر فتح صفحة المدى: 403 Client Error: Forbidden for url: https://almadapaper.net/
[2026-08-16 22:45:25]   لا يوجد أخبار جديدة من المدى
[2026-08-16 22:45:25] انتهى التشغيل — أخبار جديدة: 0 — إجمالي محفوظ: 150
[2026-08-16 23:15:22] جاري فحص: شفق نيوز
[2026-08-16 23:15:22]   لا يوجد أخبار جديدة من شفق نيوز
[2026-08-16 23:15:22] جاري فحص: بغداد اليوم
[2026-08-16 23:15:23]   لا يوجد أخبار جديدة من بغداد اليوم
[2026-08-16 23:15:23] جاري فحص: السومرية نيوز
[2026-08-16 23:15:23]   لا يوجد أخبار جديدة من السومرية نيوز
[2026-08-16 23:15:23] جاري فحص: المدى
[2026-08-16 23:15:23] تعذر فتح صفحة المدى: 403 Client Error: Forbidden for url: https://almadapaper.net/
[2026-08-16 23:15:23]   لا يوجد أخبار جديدة من المدى
[2026-08-16 23:15:23] انتهى التشغيل — أخبار جديدة: 0 — إجمالي محفوظ: 150
[2026-08-16 23:42:52] جاري فحص: شفق نيوز
[2026-08-16 23:42:53]   لا يوجد أخبار جديدة من شفق نيوز
[2026-08-16 23:42:53] جاري فحص: بغداد اليوم
[2026-08-16 23:42:54]   لا يوجد أخبار جديدة من بغداد اليوم
[2026-08-16 23:42:54] جاري فحص: السومرية نيوز
[2026-08-16 23:42:55]   لا يوجد أخبار جديدة من السومرية نيوز
[2026-08-16 23:42:55] جاري فحص: المدى
[2026-08-16 23:42:55] تعذر فتح صفحة المدى: 403 Client Error: Forbidden for url: https://almadapaper.net/
[2026-08-16 23:42:55]   لا يوجد أخبار جديدة من المدى
[2026-08-16 23:42:55] انتهى التشغيل — أخبار جديدة: 0 — إجمالي محفوظ: 150
[2026-08-17 01:00:41] جاري فحص: شفق نيوز
[2026-08-17 01:00:41]   لا يوجد أخبار جديدة من شفق نيوز
[2026-08-17 01:00:41] جاري فحص: بغداد اليوم
[2026-08-17 01:00:43]   لا يوجد أخبار جديدة من بغداد اليوم
[2026-08-17 01:00:43] جاري فحص: السومرية نيوز
[2026-08-17 01:00:43]   لا يوجد أخبار جديدة من السومرية نيوز
[2026-08-17 01:00:43] جاري فحص: المدى
[2026-08-17 01:00:43] تعذر فتح صفحة المدى: 403 Client Error: Forbidden for url: https://almadapaper.net/
[2026-08-17 01:00:43]   لا يوجد أخبار جديدة من المدى
[2026-08-17 01:00:43] انتهى التشغيل — أخبار جديدة: 0 — إجمالي محفوظ: 150
